instance,group,path,n,m,tasks_per_station,time_dist,seed,os_target,os,n_arcs,total_time
n20_os0.2_r3_uniform_00,n20_os0.2_r3_uniform,instances/n20_os0.2_r3_uniform/n20_os0.2_r3_uniform_00.alb,20,7,3,uniform,2117455428,0.2,0.2053,27,961
n20_os0.2_r3_uniform_01,n20_os0.2_r3_uniform,instances/n20_os0.2_r3_uniform/n20_os0.2_r3_uniform_01.alb,20,7,3,uniform,154336978,0.2,0.2,25,743
n20_os0.2_r3_uniform_02,n20_os0.2_r3_uniform,instances/n20_os0.2_r3_uniform/n20_os0.2_r3_uniform_02.alb,20,7,3,uniform,2419830632,0.2,0.2,19,880
n20_os0.2_r3_uniform_03,n20_os0.2_r3_uniform,instances/n20_os0.2_r3_uniform/n20_os0.2_r3_uniform_03.alb,20,7,3,uniform,3879510014,0.2,0.2,21,975
n20_os0.2_r3_uniform_04,n20_os0.2_r3_uniform,instances/n20_os0.2_r3_uniform/n20_os0.2_r3_uniform_04.alb,20,7,3,uniform,2035812957,0.2,0.2,24,1117
n20_os0.2_r3_uniform_05,n20_os0.2_r3_uniform,instances/n20_os0.2_r3_uniform/n20_os0.2_r3_uniform_05.alb,20,7,3,uniform,241121995,0.2,0.2053,24,1061
n20_os0.2_r3_uniform_06,n20_os0.2_r3_uniform,instances/n20_os0.2_r3_uniform/n20_os0.2_r3_uniform_06.alb,20,7,3,uniform,2539023217,0.2,0.2,20,1058
n20_os0.2_r3_uniform_07,n20_os0.2_r3_uniform,instances/n20_os0.2_r3_uniform/n20_os0.2_r3_uniform_07.alb,20,7,3,uniform,3763428327,0.2,0.2053,21,1014
n20_os0.2_r3_uniform_08,n20_os0.2_r3_uniform,instances/n20_os0.2_r3_uniform/n20_os0.2_r3_uniform_08.alb,20,7,3,uniform,1894663798,0.2,0.2158,22,694
n20_os0.2_r3_uniform_09,n20_os0.2_r3_uniform,instances/n20_os0.2_r3_uniform/n20_os0.2_r3_uniform_09.alb,20,7,3,uniform,132740832,0.2,0.2,19,1142
n20_os0.2_r3_uniform_10,n20_os0.2_r3_uniform,instances/n20_os0.2_r3_uniform/n20_os0.2_r3_uniform_10.alb,20,7,3,uniform,2618252839,0.2,0.2105,19,1074
n20_os0.2_r3_uniform_11,n20_os0.2_r3_uniform,instances/n20_os0.2_r3_uniform/n20_os0.2_r3_uniform_11.alb,20,7,3,uniform,3943198385,0.2,0.2105,19,868
n20_os0.2_r3_uniform_12,n20_os0.2_r3_uniform,instances/n20_os0.2_r3_uniform/n20_os0.2_r3_uniform_12.alb,20,7,3,uniform,1912684299,0.2,0.2105,25,814
n20_os0.2_r3_uniform_13,n20_os0.2_r3_uniform,instances/n20_os0.2_r3_uniform/n20_os0.2_r3_uniform_13.alb,20,7,3,uniform,84283293,0.2,0.2158,27,1051
n20_os0.2_r3_uniform_14,n20_os0.2_r3_uniform,instances/n20_os0.2_r3_uniform/n20_os0.2_r3_uniform_14.alb,20,7,3,uniform,2606930494,0.2,0.2,20,991
n20_os0.2_r3_uniform_15,n20_os0.2_r3_uniform,instances/n20_os0.2_r3_uniform/n20_os0.2_r3_uniform_15.alb,20,7,3,uniform,3966085800,0.2,0.2,24,1235
n20_os0.2_r3_uniform_16,n20_os0.2_r3_uniform,instances/n20_os0.2_r3_uniform/n20_os0.2_r3_uniform_16.alb,20,7,3,uniform,1970076434,0.2,0.2,24,1186
n20_os0.2_r3_uniform_17,n20_os0.2_r3_uniform,instances/n20_os0.2_r3_uniform/n20_os0.2_r3_uniform_17.alb,20,7,3,uniform,40618884,0.2,0.2158,22,959
n20_os0.2_r3_uniform_18,n20_os0.2_r3_uniform,instances/n20_os0.2_r3_uniform/n20_os0.2_r3_uniform_18.alb,20,7,3,uniform,2463421973,0.2,0.2053,23,813
n20_os0.2_r3_uniform_19,n20_os0.2_r3_uniform,instances/n20_os0.2_r3_uniform/n20_os0.2_r3_uniform_19.alb,20,7,3,uniform,3855869571,0.2,0.2,24,1173
n20_os0.2_r3_uniform_20,n20_os0.2_r3_uniform,instances/n20_os0.2_r3_uniform/n20_os0.2_r3_uniform_20.alb,20,7,3,uniform,3072462308,0.2,0.2105,21,930
n20_os0.2_r3_uniform_21,n20_os0.2_r3_uniform,instances/n20_os0.2_r3_uniform/n20_os0.2_r3_uniform_21.alb,20,7,3,uniform,3223666034,0.2,0.2105,23,1200
n20_os0.2_r3_uniform_22,n20_os0.2_r3_uniform,instances/n20_os0.2_r3_uniform/n20_os0.2_r3_uniform_22.alb,20,7,3,uniform,1496083656,0.2,0.2,16,917
n20_os0.2_r3_uniform_23,n20_os0.2_r3_uniform,instances/n20_os0.2_r3_uniform/n20_os0.2_r3_uniform_23.alb,20,7,3,uniform,774593630,0.2,0.2,20,889
n20_os0.2_r3_uniform_24,n20_os0.2_r3_uniform,instances/n20_os0.2_r3_uniform/n20_os0.2_r3_uniform_24.alb,20,7,3,uniform,2958019069,0.2,0.2053,22,1072
n20_os0.2_r3_bimodal_00,n20_os0.2_r3_bimodal,instances/n20_os0.2_r3_bimodal/n20_os0.2_r3_bimodal_00.alb,20,7,3,bimodal,1538211433,0.2,0.2158,23,550
n20_os0.2_r3_bimodal_01,n20_os0.2_r3_bimodal,instances/n20_os0.2_r3_bimodal/n20_os0.2_r3_bimodal_01.alb,20,7,3,bimodal,749211391,0.2,0.2,26,683
n20_os0.2_r3_bimodal_02,n20_os0.2_r3_bimodal,instances/n20_os0.2_r3_bimodal/n20_os0.2_r3_bimodal_02.alb,20,7,3,bimodal,3047251781,0.2,0.2105,16,679
n20_os0.2_r3_bimodal_03,n20_os0.2_r3_bimodal,instances/n20_os0.2_r3_bimodal/n20_os0.2_r3_bimodal_03.alb,20,7,3,bimodal,3265687507,0.2,0.2,21,522
n20_os0.2_r3_bimodal_04,n20_os0.2_r3_bimodal,instances/n20_os0.2_r3_bimodal/n20_os0.2_r3_bimodal_04.alb,20,7,3,bimodal,1556281968,0.2,0.2053,18,567
n20_os0.2_r3_bimodal_05,n20_os0.2_r3_bimodal,instances/n20_os0.2_r3_bimodal/n20_os0.2_r3_bimodal_05.alb,20,7,3,bimodal,734382822,0.2,0.2158,22,793
n20_os0.2_r3_bimodal_06,n20_os0.2_r3_bimodal,instances/n20_os0.2_r3_bimodal/n20_os0.2_r3_bimodal_06.alb,20,7,3,bimodal,2999753564,0.2,0.2053,27,699
n20_os0.2_r3_bimodal_07,n20_os0.2_r3_bimodal,instances/n20_os0.2_r3_bimodal/n20_os0.2_r3_bimodal_07.alb,20,7,3,bimodal,3318459338,0.2,0.2,19,645
n20_os0.2_r3_bimodal_08,n20_os0.2_r3_bimodal,instances/n20_os0.2_r3_bimodal/n20_os0.2_r3_bimodal_08.alb,20,7,3,bimodal,1433712219,0.2,0.2,15,862
n20_os0.2_r3_bimodal_09,n20_os0.2_r3_bimodal,instances/n20_os0.2_r3_bimodal/n20_os0.2_r3_bimodal_09.alb,20,7,3,bimodal,577996493,0.2,0.2,21,605
n20_os0.2_r3_bimodal_10,n20_os0.2_r3_bimodal,instances/n20_os0.2_r3_bimodal/n20_os0.2_r3_bimodal_10.alb,20,7,3,bimodal,3656751266,0.2,0.2,17,565
n20_os0.2_r3_bimodal_11,n20_os0.2_r3_bimodal,instances/n20_os0.2_r3_bimodal/n20_os0.2_r3_bimodal_11.alb,20,7,3,bimodal,2935138356,0.2,0.2053,20,532
n20_os0.2_r3_bimodal_12,n20_os0.2_r3_bimodal,instances/n20_os0.2_r3_bimodal/n20_os0.2_r3_bimodal_12.alb,20,7,3,bimodal,939260302,0.2,0.2105,23,654
n20_os0.2_r3_bimodal_13,n20_os0.2_r3_bimodal,instances/n20_os0.2_r3_bimodal/n20_os0.2_r3_bimodal_13.alb,20,7,3,bimodal,1090308376,0.2,0.2105,21,449
n20_os0.2_r3_bimodal_14,n20_os0.2_r3_bimodal,instances/n20_os0.2_r3_bimodal/n20_os0.2_r3_bimodal_14.alb,20,7,3,bimodal,3734527163,0.2,0.2,25,481
n20_os0.2_r3_bimodal_15,n20_os0.2_r3_bimodal,instances/n20_os0.2_r3_bimodal/n20_os0.2_r3_bimodal_15.alb,20,7,3,bimodal,2845797421,0.2,0.2,25,486
n20_os0.2_r3_bimodal_16,n20_os0.2_r3_bimodal,instances/n20_os0.2_r3_bimodal/n20_os0.2_r3_bimodal_16.alb,20,7,3,bimodal,815152535,0.2,0.2053,27,548
n20_os0.2_r3_bimodal_17,n20_os0.2_r3_bimodal,instances/n20_os0.2_r3_bimodal/n20_os0.2_r3_bimodal_17.alb,20,7,3,bimodal,1200688385,0.2,0.2,22,755
n20_os0.2_r3_bimodal_18,n20_os0.2_r3_bimodal,instances/n20_os0.2_r3_bimodal/n20_os0.2_r3_bimodal_18.alb,20,7,3,bimodal,3610120336,0.2,0.2,23,743
n20_os0.2_r3_bimodal_19,n20_os0.2_r3_bimodal,instances/n20_os0.2_r3_bimodal/n20_os0.2_r3_bimodal_19.alb,20,7,3,bimodal,2687049734,0.2,0.2053,22,588
n20_os0.2_r3_bimodal_20,n20_os0.2_r3_bimodal,instances/n20_os0.2_r3_bimodal/n20_os0.2_r3_bimodal_20.alb,20,7,3,bimodal,4074294113,0.2,0.2105,22,668
n20_os0.2_r3_bimodal_21,n20_os0.2_r3_bimodal,instances/n20_os0.2_r3_bimodal/n20_os0.2_r3_bimodal_21.alb,20,7,3,bimodal,2246048759,0.2,0.2158,21,644
n20_os0.2_r3_bimodal_22,n20_os0.2_r3_bimodal,instances/n20_os0.2_r3_bimodal/n20_os0.2_r3_bimodal_22.alb,20,7,3,bimodal,483830349,0.2,0.2053,23,554
n20_os0.2_r3_bimodal_23,n20_os0.2_r3_bimodal,instances/n20_os0.2_r3_bimodal/n20_os0.2_r3_bimodal_23.alb,20,7,3,bimodal,1808898779,0.2,0.2,21,575
n20_os0.2_r3_bimodal_24,n20_os0.2_r3_bimodal,instances/n20_os0.2_r3_bimodal/n20_os0.2_r3_bimodal_24.alb,20,7,3,bimodal,4122283896,0.2,0.2,20,531
n20_os0.2_r6_uniform_00,n20_os0.2_r6_uniform,instances/n20_os0.2_r6_uniform/n20_os0.2_r6_uniform_00.alb,20,3,6,uniform,258105862,0.2,0.2105,19,779
n20_os0.2_r6_uniform_01,n20_os0.2_r6_uniform,instances/n20_os0.2_r6_uniform/n20_os0.2_r6_uniform_01.alb,20,3,6,uniform,2019906192,0.2,0.2053,19,1117
n20_os0.2_r6_uniform_02,n20_os0.2_r6_uniform,instances/n20_os0.2_r6_uniform/n20_os0.2_r6_uniform_02.alb,20,3,6,uniform,3781952298,0.2,0.2105,19,1069
n20_os0.2_r6_uniform_03,n20_os0.2_r6_uniform,instances/n20_os0.2_r6_uniform/n20_os0.2_r6_uniform_03.alb,20,3,6,uniform,2523607996,0.2,0.2,21,1212
n20_os0.2_r6_uniform_04,n20_os0.2_r6_uniform,instances/n20_os0.2_r6_uniform/n20_os0.2_r6_uniform_04.alb,20,3,6,uniform,135243295,0.2,0.2,23,1016
n20_os0.2_r6_uniform_05,n20_os0.2_r6_uniform,instances/n20_os0.2_r6_uniform/n20_os0.2_r6_uniform_05.alb,20,3,6,uniform,2131269257,0.2,0.2,22,1116
n20_os0.2_r6_uniform_06,n20_os0.2_r6_uniform,instances/n20_os0.2_r6_uniform/n20_os0.2_r6_uniform_06.alb,20,3,6,uniform,3858876211,0.2,0.2,22,826
n20_os0.2_r6_uniform_07,n20_os0.2_r6_uniform,instances/n20_os0.2_r6_uniform/n20_os0.2_r6_uniform_07.alb,20,3,6,uniform,2433152933,0.2,0.2,19,919
n20_os0.2_r6_uniform_08,n20_os0.2_r6_uniform,instances/n20_os0.2_r6_uniform/n20_os0.2_r6_uniform_08.alb,20,3,6,uniform,28961332,0.2,0.2105,19,688
n20_os0.2_r6_uniform_09,n20_os0.2_r6_uniform,instances/n20_os0.2_r6_uniform/n20_os0.2_r6_uniform_09.alb,20,3,6,uniform,1992219298,0.2,0.2053,24,1251
n20_os0.2_r6_uniform_10,n20_os0.2_r6_uniform,instances/n20_os0.2_r6_uniform/n20_os0.2_r6_uniform_10.alb,20,3,6,uniform,78391607,0.2,0.2,24,1167
n20_os0.2_r6_uniform_11,n20_os0.2_r6_uniform,instances/n20_os0.2_r6_uniform/n20_os0.2_r6_uniform_11.alb,20,3,6,uniform,1940593057,0.2,0.2,17,1194
n20_os0.2_r6_uniform_12,n20_os0.2_r6_uniform,instances/n20_os0.2_r6_uniform/n20_os0.2_r6_uniform_12.alb,20,3,6,uniform,3936503835,0.2,0.2,22,1034
n20_os0.2_r6_uniform_13,n20_os0.2_r6_uniform,instances/n20_os0.2_r6_uniform/n20_os0.2_r6_uniform_13.alb,20,3,6,uniform,2644867213,0.2,0.2053,22,922
n20_os0.2_r6_uniform_14,n20_os0.2_r6_uniform,instances/n20_os0.2_r6_uniform/n20_os0.2_r6_uniform_14.alb,20,3,6,uniform,63040814,0.2,0.2053,23,887
n20_os0.2_r6_uniform_15,n20_os0.2_r6_uniform,instances/n20_os0.2_r6_uniform/n20_os0.2_r6_uniform_15.alb,20,3,6,uniform,1959189944,0.2,0.2053,24,1332
n20_os0.2_r6_uniform_16,n20_os0.2_r6_uniform,instances/n20_os0.2_r6_uniform/n20_os0.2_r6_uniform_16.alb,20,3,6,uniform,3989801986,0.2,0.2,18,1020
n20_os0.2_r6_uniform_17,n20_os0.2_r6_uniform,instances/n20_os0.2_r6_uniform/n20_os0.2_r6_uniform_17.alb,20,3,6,uniform,2596846740,0.2,0.2053,19,1200
n20_os0.2_r6_uniform_18,n20_os0.2_r6_uniform,instances/n20_os0.2_r6_uniform/n20_os0.2_r6_uniform_18.alb,20,3,6,uniform,175612165,0.2,0.2,23,961
n20_os0.2_r6_uniform_19,n20_os0.2_r6_uniform,instances/n20_os0.2_r6_uniform/n20_os0.2_r6_uniform_19.alb,20,3,6,uniform,2104529299,0.2,0.2,24,810
n20_os0.2_r6_uniform_20,n20_os0.2_r6_uniform,instances/n20_os0.2_r6_uniform/n20_os0.2_r6_uniform_20.alb,20,3,6,uniform,797014772,0.2,0.2158,28,1097
n20_os0.2_r6_uniform_21,n20_os0.2_r6_uniform,instances/n20_os0.2_r6_uniform/n20_os0.2_r6_uniform_21.alb,20,3,6,uniform,1485195874,0.2,0.2105,25,1025
n20_os0.2_r6_uniform_22,n20_os0.2_r6_uniform,instances/n20_os0.2_r6_uniform/n20_os0.2_r6_uniform_22.alb,20,3,6,uniform,3247381464,0.2,0.2,26,957
n20_os0.2_r6_uniform_23,n20_os0.2_r6_uniform,instances/n20_os0.2_r6_uniform/n20_os0.2_r6_uniform_23.alb,20,3,6,uniform,3062377294,0.2,0.2053,23,959
n20_os0.2_r6_uniform_24,n20_os0.2_r6_uniform,instances/n20_os0.2_r6_uniform/n20_os0.2_r6_uniform_24.alb,20,3,6,uniform,686604013,0.2,0.2,20,774
n20_os0.2_r6_bimodal_00,n20_os0.2_r6_bimodal,instances/n20_os0.2_r6_bimodal/n20_os0.2_r6_bimodal_00.alb,20,3,6,bimodal,720933419,0.2,0.2,22,575
n20_os0.2_r6_bimodal_01,n20_os0.2_r6_bimodal,instances/n20_os0.2_r6_bimodal/n20_os0.2_r6_bimodal_01.alb,20,3,6,bimodal,1577034429,0.2,0.2,22,634
n20_os0.2_r6_bimodal_02,n20_os0.2_r6_bimodal,instances/n20_os0.2_r6_bimodal/n20_os0.2_r6_bimodal_02.alb,20,3,6,bimodal,3304518407,0.2,0.2,24,653
n20_os0.2_r6_bimodal_03,n20_os0.2_r6_bimodal,instances/n20_os0.2_r6_bimodal/n20_os0.2_r6_bimodal_03.alb,20,3,6,bimodal,3018965905,0.2,0.2105,20,653
n20_os0.2_r6_bimodal_04,n20_os0.2_r6_bimodal,instances/n20_os0.2_r6_bimodal/n20_os0.2_r6_bimodal_04.alb,20,3,6,bimodal,764761650,0.2,0.2,22,505
n20_os0.2_r6_bimodal_05,n20_os0.2_r6_bimodal,instances/n20_os0.2_r6_bimodal/n20_os0.2_r6_bimodal_05.alb,20,3,6,bimodal,1519543972,0.2,0.2158,20,391
n20_os0.2_r6_bimodal_06,n20_os0.2_r6_bimodal,instances/n20_os0.2_r6_bimodal/n20_os0.2_r6_bimodal_06.alb,20,3,6,bimodal,3281729310,0.2,0.2,24,794
n20_os0.2_r6_bimodal_07,n20_os0.2_r6_bimodal,instances/n20_os0.2_r6_bimodal/n20_os0.2_r6_bimodal_07.alb,20,3,6,bimodal,3030124424,0.2,0.2053,23,760
n20_os0.2_r6_bimodal_08,n20_os0.2_r6_bimodal,instances/n20_os0.2_r6_bimodal/n20_os0.2_r6_bimodal_08.alb,20,3,6,bimodal,606280217,0.2,0.2,26,611
n20_os0.2_r6_bimodal_09,n20_os0.2_r6_bimodal,instances/n20_os0.2_r6_bimodal/n20_os0.2_r6_bimodal_09.alb,20,3,6,bimodal,1394879119,0.2,0.2,24,769
n20_os0.2_r6_bimodal_10,n20_os0.2_r6_bimodal,instances/n20_os0.2_r6_bimodal/n20_os0.2_r6_bimodal_10.alb,20,3,6,bimodal,1096216498,0.2,0.2105,20,552
n20_os0.2_r6_bimodal_11,n20_os0.2_r6_bimodal,instances/n20_os0.2_r6_bimodal/n20_os0.2_r6_bimodal_11.alb,20,3,6,bimodal,911335204,0.2,0.2,17,773
n20_os0.2_r6_bimodal_12,n20_os0.2_r6_bimodal,instances/n20_os0.2_r6_bimodal/n20_os0.2_r6_bimodal_12.alb,20,3,6,bimodal,2941816478,0.2,0.2,21,518
n20_os0.2_r6_bimodal_13,n20_os0.2_r6_bimodal,instances/n20_os0.2_r6_bimodal/n20_os0.2_r6_bimodal_13.alb,20,3,6,bimodal,3630153224,0.2,0.2053,25,608
n20_os0.2_r6_bimodal_14,n20_os0.2_r6_bimodal,instances/n20_os0.2_r6_bimodal/n20_os0.2_r6_bimodal_14.alb,20,3,6,bimodal,1178282923,0.2,0.2158,24,438
n20_os0.2_r6_bimodal_15,n20_os0.2_r6_bimodal,instances/n20_os0.2_r6_bimodal/n20_os0.2_r6_bimodal_15.alb,20,3,6,bimodal,826022717,0.2,0.2053,20,621
n20_os0.2_r6_bimodal_16,n20_os0.2_r6_bimodal,instances/n20_os0.2_r6_bimodal/n20_os0.2_r6_bimodal_16.alb,20,3,6,bimodal,2822064775,0.2,0.2105,25,756
n20_os0.2_r6_bimodal_17,n20_os0.2_r6_bimodal,instances/n20_os0.2_r6_bimodal/n20_os0.2_r6_bimodal_17.alb,20,3,6,bimodal,3744627217,0.2,0.2053,21,541
n20_os0.2_r6_bimodal_18,n20_os0.2_r6_bimodal,instances/n20_os0.2_r6_bimodal/n20_os0.2_r6_bimodal_18.alb,20,3,6,bimodal,1334667136,0.2,0.2158,23,506
n20_os0.2_r6_bimodal_19,n20_os0.2_r6_bimodal,instances/n20_os0.2_r6_bimodal/n20_os0.2_r6_bimodal_19.alb,20,3,6,bimodal,948590358,0.2,0.2158,24,659
n20_os0.2_r6_bimodal_20,n20_os0.2_r6_bimodal,instances/n20_os0.2_r6_bimodal/n20_os0.2_r6_bimodal_20.alb,20,3,6,bimodal,1786494065,0.2,0.2105,23,658
n20_os0.2_r6_bimodal_21,n20_os0.2_r6_bimodal,instances/n20_os0.2_r6_bimodal/n20_os0.2_r6_bimodal_21.alb,20,3,6,bimodal,494701799,0.2,0.2053,20,512
n20_os0.2_r6_bimodal_22,n20_os0.2_r6_bimodal,instances/n20_os0.2_r6_bimodal/n20_os0.2_r6_bimodal_22.alb,20,3,6,bimodal,2222316893,0.2,0.2,22,510
n20_os0.2_r6_bimodal_23,n20_os0.2_r6_bimodal,instances/n20_os0.2_r6_bimodal/n20_os0.2_r6_bimodal_23.alb,20,3,6,bimodal,4084395467,0.2,0.2,24,545
n20_os0.2_r6_bimodal_24,n20_os0.2_r6_bimodal,instances/n20_os0.2_r6_bimodal/n20_os0.2_r6_bimodal_24.alb,20,3,6,bimodal,1830189160,0.2,0.2053,23,597
n20_os0.2_r10_uniform_00,n20_os0.2_r10_uniform,instances/n20_os0.2_r10_uniform/n20_os0.2_r10_uniform_00.alb,20,2,10,uniform,3595118910,0.2,0.2,23,1067
n20_os0.2_r10_uniform_01,n20_os0.2_r10_uniform,instances/n20_os0.2_r10_uniform/n20_os0.2_r10_uniform_01.alb,20,2,10,uniform,2706250152,0.2,0.2053,22,1218
n20_os0.2_r10_uniform_02,n20_os0.2_r10_uniform,instances/n20_os0.2_r10_uniform/n20_os0.2_r10_uniform_02.alb,20,2,10,uniform,944195602,0.2,0.2053,25,972
n20_os0.2_r10_uniform_03,n20_os0.2_r10_uniform,instances/n20_os0.2_r10_uniform/n20_os0.2_r10_uniform_03.alb,20,2,10,uniform,1329625220,0.2,0.2,20,1112
n20_os0.2_r10_uniform_04,n20_os0.2_r10_uniform,instances/n20_os0.2_r10_uniform/n20_os0.2_r10_uniform_04.alb,20,2,10,uniform,3508858151,0.2,0.2053,18,930
n20_os0.2_r10_uniform_05,n20_os0.2_r10_uniform,instances/n20_os0.2_r10_uniform/n20_os0.2_r10_uniform_05.alb,20,2,10,uniform,2787368369,0.2,0.2,25,677
n20_os0.2_r10_uniform_06,n20_os0.2_r10_uniform,instances/n20_os0.2_r10_uniform/n20_os0.2_r10_uniform_06.alb,20,2,10,uniform,1059752971,0.2,0.2053,22,860
n20_os0.2_r10_uniform_07,n20_os0.2_r10_uniform,instances/n20_os0.2_r10_uniform/n20_os0.2_r10_uniform_07.alb,20,2,10,uniform,1210956957,0.2,0.2158,24,1076
n20_os0.2_r10_uniform_08,n20_os0.2_r10_uniform,instances/n20_os0.2_r10_uniform/n20_os0.2_r10_uniform_08.alb,20,2,10,uniform,3633488140,0.2,0.2053,18,1020
n20_os0.2_r10_uniform_09,n20_os0.2_r10_uniform,instances/n20_os0.2_r10_uniform/n20_os0.2_r10_uniform_09.alb,20,2,10,uniform,2945814938,0.2,0.2105,22,905
n20_os0.2_r10_uniform_10,n20_os0.2_r10_uniform,instances/n20_os0.2_r10_uniform/n20_os0.2_r10_uniform_10.alb,20,2,10,uniform,746044130,0.2,0.2,18,987
n20_os0.2_r10_uniform_11,n20_os0.2_r10_uniform,instances/n20_os0.2_r10_uniform/n20_os0.2_r10_uniform_11.alb,20,2,10,uniform,1534102132,0.2,0.2,26,984
n20_os0.2_r10_uniform_12,n20_os0.2_r10_uniform,instances/n20_os0.2_r10_uniform/n20_os0.2_r10_uniform_12.alb,20,2,10,uniform,3262766030,0.2,0.2105,21,1284
n20_os0.2_r10_uniform_13,n20_os0.2_r10_uniform,instances/n20_os0.2_r10_uniform/n20_os0.2_r10_uniform_13.alb,20,2,10,uniform,3044993880,0.2,0.2105,19,1103
n20_os0.2_r10_uniform_14,n20_os0.2_r10_uniform,instances/n20_os0.2_r10_uniform/n20_os0.2_r10_uniform_14.alb,20,2,10,uniform,723156731,0.2,0.2158,19,999
n20_os0.2_r10_uniform_15,n20_os0.2_r10_uniform,instances/n20_os0.2_r10_uniform/n20_os0.2_r10_uniform_15.alb,20,2,10,uniform,1545424493,0.2,0.2,23,1195
n20_os0.2_r10_uniform_16,n20_os0.2_r10_uniform,instances/n20_os0.2_r10_uniform/n20_os0.2_r10_uniform_16.alb,20,2,10,uniform,3306430423,0.2,0.2,23,1149
n20_os0.2_r10_uniform_17,n20_os0.2_r10_uniform,instances/n20_os0.2_r10_uniform/n20_os0.2_r10_uniform_17.alb,20,2,10,uniform,2987601729,0.2,0.2,19,1071
n20_os0.2_r10_uniform_18,n20_os0.2_r10_uniform,instances/n20_os0.2_r10_uniform/n20_os0.2_r10_uniform_18.alb,20,2,10,uniform,581710544,0.2,0.2,22,958
n20_os0.2_r10_uniform_19,n20_os0.2_r10_uniform,instances/n20_os0.2_r10_uniform/n20_os0.2_r10_uniform_19.alb,20,2,10,uniform,1437270598,0.2,0.2,18,1101
n20_os0.2_r10_uniform_20,n20_os0.2_r10_uniform,instances/n20_os0.2_r10_uniform/n20_os0.2_r10_uniform_20.alb,20,2,10,uniform,123398433,0.2,0.2105,18,770
n20_os0.2_r10_uniform_21,n20_os0.2_r10_uniform,instances/n20_os0.2_r10_uniform/n20_os0.2_r10_uniform_21.alb,20,2,10,uniform,1885198775,0.2,0.2,24,1145
n20_os0.2_r10_uniform_22,n20_os0.2_r10_uniform,instances/n20_os0.2_r10_uniform/n20_os0.2_r10_uniform_22.alb,20,2,10,uniform,3914631181,0.2,0.2,23,927
n20_os0.2_r10_uniform_23,n20_os0.2_r10_uniform,instances/n20_os0.2_r10_uniform/n20_os0.2_r10_uniform_23.alb,20,2,10,uniform,2656286875,0.2,0.2105,24,1056
n20_os0.2_r10_uniform_24,n20_os0.2_r10_uniform,instances/n20_os0.2_r10_uniform/n20_os0.2_r10_uniform_24.alb,20,2,10,uniform,3616056,0.2,0.2,25,809
n20_os0.2_r10_bimodal_00,n20_os0.2_r10_bimodal,instances/n20_os0.2_r10_bimodal/n20_os0.2_r10_bimodal_00.alb,20,2,10,bimodal,4090747155,0.2,0.2,17,654
n20_os0.2_r10_bimodal_01,n20_os0.2_r10_bimodal,instances/n20_os0.2_r10_bimodal/n20_os0.2_r10_bimodal_01.alb,20,2,10,bimodal,2228545925,0.2,0.2105,20,587
n20_os0.2_r10_bimodal_02,n20_os0.2_r10_bimodal,instances/n20_os0.2_r10_bimodal/n20_os0.2_r10_bimodal_02.alb,20,2,10,bimodal,501069887,0.2,0.2053,24,629
n20_os0.2_r10_bimodal_03,n20_os0.2_r10_bimodal,instances/n20_os0.2_r10_bimodal/n20_os0.2_r10_bimodal_03.alb,20,2,10,bimodal,1792706729,0.2,0.2105,23,644
n20_os0.2_r10_bimodal_04,n20_os0.2_r10_bimodal,instances/n20_os0.2_r10_bimodal/n20_os0.2_r10_bimodal_04.alb,20,2,10,bimodal,4106099978,0.2,0.2,22,633
n20_os0.2_r10_bimodal_05,n20_os0.2_r10_bimodal,instances/n20_os0.2_r10_bimodal/n20_os0.2_r10_bimodal_05.alb,20,2,10,bimodal,2209951132,0.2,0.2,23,663
n20_os0.2_r10_bimodal_06,n20_os0.2_r10_bimodal,instances/n20_os0.2_r10_bimodal/n20_os0.2_r10_bimodal_06.alb,20,2,10,bimodal,447773734,0.2,0.2,24,638
n20_os0.2_r10_bimodal_07,n20_os0.2_r10_bimodal,instances/n20_os0.2_r10_bimodal/n20_os0.2_r10_bimodal_07.alb,20,2,10,bimodal,1840729264,0.2,0.2,22,538
n20_os0.2_r10_bimodal_08,n20_os0.2_r10_bimodal,instances/n20_os0.2_r10_bimodal/n20_os0.2_r10_bimodal_08.alb,20,2,10,bimodal,4245180705,0.2,0.2053,24,747
n20_os0.2_r10_bimodal_09,n20_os0.2_r10_bimodal,instances/n20_os0.2_r10_bimodal/n20_os0.2_r10_bimodal_09.alb,20,2,10,bimodal,2316263863,0.2,0.2053,25,801
n20_os0.2_r10_bimodal_10,n20_os0.2_r10_bimodal,instances/n20_os0.2_r10_bimodal/n20_os0.2_r10_bimodal_10.alb,20,2,10,bimodal,1770880103,0.2,0.2158,23,660
n20_os0.2_r10_bimodal_11,n20_os0.2_r10_bimodal,instances/n20_os0.2_r10_bimodal/n20_os0.2_r10_bimodal_11.alb,20,2,10,bimodal,512380145,0.2,0.2105,20,519
n20_os0.2_r10_bimodal_12,n20_os0.2_r10_bimodal,instances/n20_os0.2_r10_bimodal/n20_os0.2_r10_bimodal_12.alb,20,2,10,bimodal,2273516875,0.2,0.2,23,648
n20_os0.2_r10_bimodal_13,n20_os0.2_r10_bimodal,instances/n20_os0.2_r10_bimodal/n20_os0.2_r10_bimodal_13.alb,20,2,10,bimodal,4035194333,0.2,0.2,21,482
n20_os0.2_r10_bimodal_14,n20_os0.2_r10_bimodal,instances/n20_os0.2_r10_bimodal/n20_os0.2_r10_bimodal_14.alb,20,2,10,bimodal,1860221054,0.2,0.2,22,583
n20_os0.2_r10_bimodal_15,n20_os0.2_r10_bimodal,instances/n20_os0.2_r10_bimodal/n20_os0.2_r10_bimodal_15.alb,20,2,10,bimodal,434604264,0.2,0.2,22,622
n20_os0.2_r10_bimodal_16,n20_os0.2_r10_bimodal,instances/n20_os0.2_r10_bimodal/n20_os0.2_r10_bimodal_16.alb,20,2,10,bimodal,2163136850,0.2,0.2158,17,665
n20_os0.2_r10_bimodal_17,n20_os0.2_r10_bimodal,instances/n20_os0.2_r10_bimodal/n20_os0.2_r10_bimodal_17.alb,20,2,10,bimodal,4159302084,0.2,0.2053,23,292
n20_os0.2_r10_bimodal_18,n20_os0.2_r10_bimodal,instances/n20_os0.2_r10_bimodal/n20_os0.2_r10_bimodal_18.alb,20,2,10,bimodal,1733751893,0.2,0.2105,20,706
n20_os0.2_r10_bimodal_19,n20_os0.2_r10_bimodal,instances/n20_os0.2_r10_bimodal/n20_os0.2_r10_bimodal_19.alb,20,2,10,bimodal,273794243,0.2,0.2105,19,342
n20_os0.2_r10_bimodal_20,n20_os0.2_r10_bimodal,instances/n20_os0.2_r10_bimodal/n20_os0.2_r10_bimodal_20.alb,20,2,10,bimodal,1117794212,0.2,0.2,19,703
n20_os0.2_r10_bimodal_21,n20_os0.2_r10_bimodal,instances/n20_os0.2_r10_bimodal/n20_os0.2_r10_bimodal_21.alb,20,2,10,bimodal,900144946,0.2,0.2053,20,740
n20_os0.2_r10_bimodal_22,n20_os0.2_r10_bimodal,instances/n20_os0.2_r10_bimodal/n20_os0.2_r10_bimodal_22.alb,20,2,10,bimodal,2897104520,0.2,0.2,25,520
n20_os0.2_r10_bimodal_23,n20_os0.2_r10_bimodal,instances/n20_os0.2_r10_bimodal/n20_os0.2_r10_bimodal_23.alb,20,2,10,bimodal,3685318174,0.2,0.2158,21,489
n20_os0.2_r10_bimodal_24,n20_os0.2_r10_bimodal,instances/n20_os0.2_r10_bimodal/n20_os0.2_r10_bimodal_24.alb,20,2,10,bimodal,1171123133,0.2,0.2,19,723
n20_os0.6_r3_uniform_00,n20_os0.6_r3_uniform,instances/n20_os0.6_r3_uniform/n20_os0.6_r3_uniform_00.alb,20,7,3,uniform,1738096991,0.6,0.6,48,1213
n20_os0.6_r3_uniform_01,n20_os0.6_r3_uniform,instances/n20_os0.6_r3_uniform/n20_os0.6_r3_uniform_01.alb,20,7,3,uniform,278819273,0.6,0.6105,50,932
n20_os0.6_r3_uniform_02,n20_os0.6_r3_uniform,instances/n20_os0.6_r3_uniform/n20_os0.6_r3_uniform_02.alb,20,7,3,uniform,2308382835,0.6,0.6,44,939
n20_os0.6_r3_uniform_03,n20_os0.6_r3_uniform,instances/n20_os0.6_r3_uniform/n20_os0.6_r3_uniform_03.alb,20,7,3,uniform,4270854373,0.6,0.6053,40,1130
n20_os0.6_r3_uniform_04,n20_os0.6_r3_uniform,instances/n20_os0.6_r3_uniform/n20_os0.6_r3_uniform_04.alb,20,7,3,uniform,1626637638,0.6,0.6053,40,1019
n20_os0.6_r3_uniform_05,n20_os0.6_r3_uniform,instances/n20_os0.6_r3_uniform/n20_os0.6_r3_uniform_05.alb,20,7,3,uniform,401847760,0.6,0.6,51,764
n20_os0.6_r3_uniform_06,n20_os0.6_r3_uniform,instances/n20_os0.6_r3_uniform/n20_os0.6_r3_uniform_06.alb,20,7,3,uniform,2398807146,0.6,0.6053,43,979
n20_os0.6_r3_uniform_07,n20_os0.6_r3_uniform,instances/n20_os0.6_r3_uniform/n20_os0.6_r3_uniform_07.alb,20,7,3,uniform,4194161916,0.6,0.6,46,913
n20_os0.6_r3_uniform_08,n20_os0.6_r3_uniform,instances/n20_os0.6_r3_uniform/n20_os0.6_r3_uniform_08.alb,20,7,3,uniform,1765984621,0.6,0.6,39,978
n20_os0.6_r3_uniform_09,n20_os0.6_r3_uniform,instances/n20_os0.6_r3_uniform/n20_os0.6_r3_uniform_09.alb,20,7,3,uniform,507902459,0.6,0.6,43,762
n20_os0.6_r3_uniform_10,n20_os0.6_r3_uniform,instances/n20_os0.6_r3_uniform/n20_os0.6_r3_uniform_10.alb,20,7,3,uniform,376650564,0.6,0.6158,37,922
n20_os0.6_r3_uniform_11,n20_os0.6_r3_uniform,instances/n20_os0.6_r3_uniform/n20_os0.6_r3_uniform_11.alb,20,7,3,uniform,1634995154,0.6,0.6,41,1152
n20_os0.6_r3_uniform_12,n20_os0.6_r3_uniform,instances/n20_os0.6_r3_uniform/n20_os0.6_r3_uniform_12.alb,20,7,3,uniform,4168964712,0.6,0.6,39,944
n20_os0.6_r3_uniform_13,n20_os0.6_r3_uniform,instances/n20_os0.6_r3_uniform/n20_os0.6_r3_uniform_13.alb,20,7,3,uniform,2407164670,0.6,0.6053,46,687
n20_os0.6_r3_uniform_14,n20_os0.6_r3_uniform,instances/n20_os0.6_r3_uniform/n20_os0.6_r3_uniform_14.alb,20,7,3,uniform,287244125,0.6,0.6105,50,1106
n20_os0.6_r3_uniform_15,n20_os0.6_r3_uniform,instances/n20_os0.6_r3_uniform/n20_os0.6_r3_uniform_15.alb,20,7,3,uniform,1712967627,0.6,0.6105,45,1038
n20_os0.6_r3_uniform_16,n20_os0.6_r3_uniform,instances/n20_os0.6_r3_uniform/n20_os0.6_r3_uniform_16.alb,20,7,3,uniform,4279279217,0.6,0.6,40,1026
n20_os0.6_r3_uniform_17,n20_os0.6_r3_uniform,instances/n20_os0.6_r3_uniform/n20_os0.6_r3_uniform_17.alb,20,7,3,uniform,2283253479,0.6,0.6158,33,964
n20_os0.6_r3_uniform_18,n20_os0.6_r3_uniform,instances/n20_os0.6_r3_uniform/n20_os0.6_r3_uniform_18.alb,20,7,3,uniform,413709174,0.6,0.6,43,1083
n20_os0.6_r3_uniform_19,n20_os0.6_r3_uniform,instances/n20_os0.6_r3_uniform/n20_os0.6_r3_uniform_19.alb,20,7,3,uniform,1873773536,0.6,0.6105,39,847
n20_os0.6_r3_uniform_20,n20_os0.6_r3_uniform,instances/n20_os0.6_r3_uniform/n20_os0.6_r3_uniform_20.alb,20,7,3,uniform,1029597319,0.6,0.6053,40,907
n20_os0.6_r3_uniform_21,n20_os0.6_r3_uniform,instances/n20_os0.6_r3_uniform/n20_os0.6_r3_uniform_21.alb,20,7,3,uniform,1247369233,0.6,0.6158,51,965
n20_os0.6_r3_uniform_22,n20_os0.6_r3_uniform,instances/n20_os0.6_r3_uniform/n20_os0.6_r3_uniform_22.alb,20,7,3,uniform,3545237931,0.6,0.6,32,908
n20_os0.6_r3_uniform_23,n20_os0.6_r3_uniform,instances/n20_os0.6_r3_uniform/n20_os0.6_r3_uniform_23.alb,20,7,3,uniform,2757179709,0.6,0.6158,53,1130
n20_os0.6_r3_uniform_24,n20_os0.6_r3_uniform,instances/n20_os0.6_r3_uniform/n20_os0.6_r3_uniform_24.alb,20,7,3,uniform,976465054,0.6,0.6053,43,1135
n20_os0.6_r3_bimodal_00,n20_os0.6_r3_bimodal,instances/n20_os0.6_r3_bimodal/n20_os0.6_r3_bimodal_00.alb,20,7,3,bimodal,1107538290,0.6,0.6053,44,520
n20_os0.6_r3_bimodal_01,n20_os0.6_r3_bimodal,instances/n20_os0.6_r3_bimodal/n20_os0.6_r3_bimodal_01.alb,20,7,3,bimodal,889487844,0.6,0.6105,46,837
n20_os0.6_r3_bimodal_02,n20_os0.6_r3_bimodal,instances/n20_os0.6_r3_bimodal/n20_os0.6_r3_bimodal_02.alb,20,7,3,bimodal,2886586462,0.6,0.6,36,550
n20_os0.6_r3_bimodal_03,n20_os0.6_r3_bimodal,instances/n20_os0.6_r3_bimodal/n20_os0.6_r3_bimodal_03.alb,20,7,3,bimodal,3674923208,0.6,0.6158,41,632
n20_os0.6_r3_bimodal_04,n20_os0.6_r3_bimodal,instances/n20_os0.6_r3_bimodal/n20_os0.6_r3_bimodal_04.alb,20,7,3,bimodal,1164866923,0.6,0.6158,40,536
n20_os0.6_r3_bimodal_05,n20_os0.6_r3_bimodal,instances/n20_os0.6_r3_bimodal/n20_os0.6_r3_bimodal_05.alb,20,7,3,bimodal,845759997,0.6,0.6053,53,629
n20_os0.6_r3_bimodal_06,n20_os0.6_r3_bimodal,instances/n20_os0.6_r3_bimodal/n20_os0.6_r3_bimodal_06.alb,20,7,3,bimodal,2875200583,0.6,0.6,37,835
n20_os0.6_r3_bimodal_07,n20_os0.6_r3_bimodal,instances/n20_os0.6_r3_bimodal/n20_os0.6_r3_bimodal_07.alb,20,7,3,bimodal,3697747153,0.6,0.6,47,773
n20_os0.6_r3_bimodal_08,n20_os0.6_r3_bimodal,instances/n20_os0.6_r3_bimodal/n20_os0.6_r3_bimodal_08.alb,20,7,3,bimodal,1289238848,0.6,0.6105,45,476
n20_os0.6_r3_bimodal_09,n20_os0.6_r3_bimodal,instances/n20_os0.6_r3_bimodal/n20_os0.6_r3_bimodal_09.alb,20,7,3,bimodal,1004472790,0.6,0.6053,40,641
n20_os0.6_r3_bimodal_10,n20_os0.6_r3_bimodal,instances/n20_os0.6_r3_bimodal/n20_os0.6_r3_bimodal_10.alb,20,7,3,bimodal,1401552321,0.6,0.6053,42,648
n20_os0.6_r3_bimodal_11,n20_os0.6_r3_bimodal,instances/n20_os0.6_r3_bimodal/n20_os0.6_r3_bimodal_11.alb,20,7,3,bimodal,613338455,0.6,0.6105,49,484
n20_os0.6_r3_bimodal_12,n20_os0.6_r3_bimodal,instances/n20_os0.6_r3_bimodal/n20_os0.6_r3_bimodal_12.alb,20,7,3,bimodal,3179781357,0.6,0.6158,49,574
n20_os0.6_r3_bimodal_13,n20_os0.6_r3_bimodal,instances/n20_os0.6_r3_bimodal/n20_os0.6_r3_bimodal_13.alb,20,7,3,bimodal,3397430395,0.6,0.6105,43,749
n20_os0.6_r3_bimodal_14,n20_os0.6_r3_bimodal,instances/n20_os0.6_r3_bimodal/n20_os0.6_r3_bimodal_14.alb,20,7,3,bimodal,1424243160,0.6,0.6105,44,639
n20_os0.6_r3_bimodal_15,n20_os0.6_r3_bimodal,instances/n20_os0.6_r3_bimodal/n20_os0.6_r3_bimodal_15.alb,20,7,3,bimodal,602081614,0.6,0.6105,47,471
n20_os0.6_r3_bimodal_16,n20_os0.6_r3_bimodal,instances/n20_os0.6_r3_bimodal/n20_os0.6_r3_bimodal_16.alb,20,7,3,bimodal,3135920372,0.6,0.6053,49,833
n20_os0.6_r3_bimodal_17,n20_os0.6_r3_bimodal,instances/n20_os0.6_r3_bimodal/n20_os0.6_r3_bimodal_17.alb,20,7,3,bimodal,3454888034,0.6,0.6053,34,518
n20_os0.6_r3_bimodal_18,n20_os0.6_r3_bimodal,instances/n20_os0.6_r3_bimodal/n20_os0.6_r3_bimodal_18.alb,20,7,3,bimodal,1565685235,0.6,0.6053,45,641
n20_os0.6_r3_bimodal_19,n20_os0.6_r3_bimodal,instances/n20_os0.6_r3_bimodal/n20_os0.6_r3_bimodal_19.alb,20,7,3,bimodal,710231397,0.6,0.6053,44,661
n20_os0.6_r3_bimodal_20,n20_os0.6_r3_bimodal,instances/n20_os0.6_r3_bimodal/n20_os0.6_r3_bimodal_20.alb,20,7,3,bimodal,2024058370,0.6,0.6105,35,679
n20_os0.6_r3_bimodal_21,n20_os0.6_r3_bimodal,instances/n20_os0.6_r3_bimodal/n20_os0.6_r3_bimodal_21.alb,20,7,3,bimodal,262381204,0.6,0.6158,48,684
n20_os0.6_r3_bimodal_22,n20_os0.6_r3_bimodal,instances/n20_os0.6_r3_bimodal/n20_os0.6_r3_bimodal_22.alb,20,7,3,bimodal,2527776558,0.6,0.6,52,657
n20_os0.6_r3_bimodal_23,n20_os0.6_r3_bimodal,instances/n20_os0.6_r3_bimodal/n20_os0.6_r3_bimodal_23.alb,20,7,3,bimodal,3786276792,0.6,0.6,45,591
n20_os0.6_r3_bimodal_24,n20_os0.6_r3_bimodal,instances/n20_os0.6_r3_bimodal/n20_os0.6_r3_bimodal_24.alb,20,7,3,bimodal,2143906331,0.6,0.6053,39,661
n20_os0.6_r6_uniform_00,n20_os0.6_r6_uniform,instances/n20_os0.6_r6_uniform/n20_os0.6_r6_uniform_00.alb,20,3,6,uniform,382659869,0.6,0.6158,41,977
n20_os0.6_r6_uniform_01,n20_os0.6_r6_uniform,instances/n20_os0.6_r6_uniform/n20_os0.6_r6_uniform_01.alb,20,3,6,uniform,1640619403,0.6,0.6105,36,950
n20_os0.6_r6_uniform_02,n20_os0.6_r6_uniform,instances/n20_os0.6_r6_uniform/n20_os0.6_r6_uniform_02.alb,20,3,6,uniform,4173368369,0.6,0.6,51,824
n20_os0.6_r6_uniform_03,n20_os0.6_r6_uniform,instances/n20_os0.6_r6_uniform/n20_os0.6_r6_uniform_03.alb,20,3,6,uniform,2412231847,0.6,0.6105,47,752
n20_os0.6_r6_uniform_04,n20_os0.6_r6_uniform,instances/n20_os0.6_r6_uniform/n20_os0.6_r6_uniform_04.alb,20,3,6,uniform,295905540,0.6,0.6158,45,1050
n20_os0.6_r6_uniform_05,n20_os0.6_r6_uniform,instances/n20_os0.6_r6_uniform/n20_os0.6_r6_uniform_05.alb,20,3,6,uniform,1722030482,0.6,0.6053,31,829
n20_os0.6_r6_uniform_06,n20_os0.6_r6_uniform,instances/n20_os0.6_r6_uniform/n20_os0.6_r6_uniform_06.alb,20,3,6,uniform,4289546280,0.6,0.6,41,904
n20_os0.6_r6_uniform_07,n20_os0.6_r6_uniform,instances/n20_os0.6_r6_uniform/n20_os0.6_r6_uniform_07.alb,20,3,6,uniform,2292873406,0.6,0.6158,47,850
n20_os0.6_r6_uniform_08,n20_os0.6_r6_uniform,instances/n20_os0.6_r6_uniform/n20_os0.6_r6_uniform_08.alb,20,3,6,uniform,404055343,0.6,0.6,48,1018
n20_os0.6_r6_uniform_09,n20_os0.6_r6_uniform,instances/n20_os0.6_r6_uniform/n20_os0.6_r6_uniform_09.alb,20,3,6,uniform,1863472569,0.6,0.6,39,965
n20_os0.6_r6_uniform_10,n20_os0.6_r6_uniform,instances/n20_os0.6_r6_uniform/n20_os0.6_r6_uniform_10.alb,20,3,6,uniform,2396015700,0.6,0.6,57,1015
n20_os0.6_r6_uniform_11,n20_os0.6_r6_uniform,instances/n20_os0.6_r6_uniform/n20_os0.6_r6_uniform_11.alb,20,3,6,uniform,4191648962,0.6,0.6158,38,918
n20_os0.6_r6_uniform_12,n20_os0.6_r6_uniform,instances/n20_os0.6_r6_uniform/n20_os0.6_r6_uniform_12.alb,20,3,6,uniform,1625173368,0.6,0.6158,42,1237
n20_os0.6_r6_uniform_13,n20_os0.6_r6_uniform,instances/n20_os0.6_r6_uniform/n20_os0.6_r6_uniform_13.alb,20,3,6,uniform,400104942,0.6,0.6,38,1073
n20_os0.6_r6_uniform_14,n20_os0.6_r6_uniform,instances/n20_os0.6_r6_uniform/n20_os0.6_r6_uniform_14.alb,20,3,6,uniform,2310899789,0.6,0.6,36,1020
n20_os0.6_r6_uniform_15,n20_os0.6_r6_uniform,instances/n20_os0.6_r6_uniform/n20_os0.6_r6_uniform_15.alb,20,3,6,uniform,4273649883,0.6,0.6105,48,840
n20_os0.6_r6_uniform_16,n20_os0.6_r6_uniform,instances/n20_os0.6_r6_uniform/n20_os0.6_r6_uniform_16.alb,20,3,6,uniform,1739843937,0.6,0.6,35,863
n20_os0.6_r6_uniform_17,n20_os0.6_r6_uniform,instances/n20_os0.6_r6_uniform/n20_os0.6_r6_uniform_17.alb,20,3,6,uniform,280287735,0.6,0.6,54,811
n20_os0.6_r6_uniform_18,n20_os0.6_r6_uniform,instances/n20_os0.6_r6_uniform/n20_os0.6_r6_uniform_18.alb,20,3,6,uniform,2148254822,0.6,0.6,42,1126
n20_os0.6_r6_uniform_19,n20_os0.6_r6_uniform,instances/n20_os0.6_r6_uniform/n20_os0.6_r6_uniform_19.alb,20,3,6,uniform,4144821488,0.6,0.6105,46,1199
n20_os0.6_r6_uniform_20,n20_os0.6_r6_uniform,instances/n20_os0.6_r6_uniform/n20_os0.6_r6_uniform_20.alb,20,3,6,uniform,2784829335,0.6,0.6,49,1158
n20_os0.6_r6_uniform_21,n20_os0.6_r6_uniform,instances/n20_os0.6_r6_uniform/n20_os0.6_r6_uniform_21.alb,20,3,6,uniform,3539611393,0.6,0.6,36,1077
n20_os0.6_r6_uniform_22,n20_os0.6_r6_uniform,instances/n20_os0.6_r6_uniform/n20_os0.6_r6_uniform_22.alb,20,3,6,uniform,1274248891,0.6,0.6105,44,970
n20_os0.6_r6_uniform_23,n20_os0.6_r6_uniform,instances/n20_os0.6_r6_uniform/n20_os0.6_r6_uniform_23.alb,20,3,6,uniform,1022643757,0.6,0.6,44,1115
n20_os0.6_r6_uniform_24,n20_os0.6_r6_uniform,instances/n20_os0.6_r6_uniform/n20_os0.6_r6_uniform_24.alb,20,3,6,uniform,2727402382,0.6,0.6158,48,1141
n20_os0.6_r6_bimodal_00,n20_os0.6_r6_bimodal,instances/n20_os0.6_r6_bimodal/n20_os0.6_r6_bimodal_00.alb,20,3,6,bimodal,861150512,0.6,0.6105,45,419
n20_os0.6_r6_bimodal_01,n20_os0.6_r6_bimodal,instances/n20_os0.6_r6_bimodal/n20_os0.6_r6_bimodal_01.alb,20,3,6,bimodal,1146301862,0.6,0.6053,38,716
n20_os0.6_r6_bimodal_02,n20_os0.6_r6_bimodal,instances/n20_os0.6_r6_bimodal/n20_os0.6_r6_bimodal_02.alb,20,3,6,bimodal,3713694748,0.6,0.6,41,617
n20_os0.6_r6_bimodal_03,n20_os0.6_r6_bimodal,instances/n20_os0.6_r6_bimodal/n20_os0.6_r6_bimodal_03.alb,20,3,6,bimodal,2858241162,0.6,0.6,37,589
n20_os0.6_r6_bimodal_04,n20_os0.6_r6_bimodal,instances/n20_os0.6_r6_bimodal/n20_os0.6_r6_bimodal_04.alb,20,3,6,bimodal,876206377,0.6,0.6,44,779
n20_os0.6_r6_bimodal_05,n20_os0.6_r6_bimodal,instances/n20_os0.6_r6_bimodal/n20_os0.6_r6_bimodal_05.alb,20,3,6,bimodal,1128196543,0.6,0.6,37,515
n20_os0.6_r6_bimodal_06,n20_os0.6_r6_bimodal,instances/n20_os0.6_r6_bimodal/n20_os0.6_r6_bimodal_06.alb,20,3,6,bimodal,3661084677,0.6,0.6,40,557
n20_os0.6_r6_bimodal_07,n20_os0.6_r6_bimodal,instances/n20_os0.6_r6_bimodal/n20_os0.6_r6_bimodal_07.alb,20,3,6,bimodal,2905639059,0.6,0.6105,35,489
n20_os0.6_r6_bimodal_08,n20_os0.6_r6_bimodal,instances/n20_os0.6_r6_bimodal/n20_os0.6_r6_bimodal_08.alb,20,3,6,bimodal,1032819970,0.6,0.6105,45,450
n20_os0.6_r6_bimodal_09,n20_os0.6_r6_bimodal,instances/n20_os0.6_r6_bimodal/n20_os0.6_r6_bimodal_09.alb,20,3,6,bimodal,1250469268,0.6,0.6,40,569
n20_os0.6_r6_bimodal_10,n20_os0.6_r6_bimodal,instances/n20_os0.6_r6_bimodal/n20_os0.6_r6_bimodal_10.alb,20,3,6,bimodal,3408562897,0.6,0.6105,52,578
n20_os0.6_r6_bimodal_11,n20_os0.6_r6_bimodal,instances/n20_os0.6_r6_bimodal/n20_os0.6_r6_bimodal_11.alb,20,3,6,bimodal,3157113415,0.6,0.6,43,660
n20_os0.6_r6_bimodal_12,n20_os0.6_r6_bimodal,instances/n20_os0.6_r6_bimodal/n20_os0.6_r6_bimodal_12.alb,20,3,6,bimodal,623176701,0.6,0.6053,52,647
n20_os0.6_r6_bimodal_13,n20_os0.6_r6_bimodal,instances/n20_os0.6_r6_bimodal/n20_os0.6_r6_bimodal_13.alb,20,3,6,bimodal,1378081643,0.6,0.6105,43,497
n20_os0.6_r6_bimodal_14,n20_os0.6_r6_bimodal,instances/n20_os0.6_r6_bimodal/n20_os0.6_r6_bimodal_14.alb,20,3,6,bimodal,3427225288,0.6,0.6,41,539
n20_os0.6_r6_bimodal_15,n20_os0.6_r6_bimodal,instances/n20_os0.6_r6_bimodal/n20_os0.6_r6_bimodal_15.alb,20,3,6,bimodal,3141566046,0.6,0.6105,52,544
n20_os0.6_r6_bimodal_16,n20_os0.6_r6_bimodal,instances/n20_os0.6_r6_bimodal/n20_os0.6_r6_bimodal_16.alb,20,3,6,bimodal,575221732,0.6,0.6,48,440
n20_os0.6_r6_bimodal_17,n20_os0.6_r6_bimodal,instances/n20_os0.6_r6_bimodal/n20_os0.6_r6_bimodal_17.alb,20,3,6,bimodal,1431183218,0.6,0.6053,42,590
n20_os0.6_r6_bimodal_18,n20_os0.6_r6_bimodal,instances/n20_os0.6_r6_bimodal/n20_os0.6_r6_bimodal_18.alb,20,3,6,bimodal,3320906467,0.6,0.6158,45,588
n20_os0.6_r6_bimodal_19,n20_os0.6_r6_bimodal,instances/n20_os0.6_r6_bimodal/n20_os0.6_r6_bimodal_19.alb,20,3,6,bimodal,3002479221,0.6,0.6,49,768
n20_os0.6_r6_bimodal_20,n20_os0.6_r6_bimodal,instances/n20_os0.6_r6_bimodal/n20_os0.6_r6_bimodal_20.alb,20,3,6,bimodal,3758610706,0.6,0.6053,44,462
n20_os0.6_r6_bimodal_21,n20_os0.6_r6_bimodal,instances/n20_os0.6_r6_bimodal/n20_os0.6_r6_bimodal_21.alb,20,3,6,bimodal,2533419396,0.6,0.6,43,692
n20_os0.6_r6_bimodal_22,n20_os0.6_r6_bimodal,instances/n20_os0.6_r6_bimodal/n20_os0.6_r6_bimodal_22.alb,20,3,6,bimodal,235518014,0.6,0.6053,41,589
n20_os0.6_r6_bimodal_23,n20_os0.6_r6_bimodal,instances/n20_os0.6_r6_bimodal/n20_os0.6_r6_bimodal_23.alb,20,3,6,bimodal,2030995624,0.6,0.6105,45,861
n20_os0.6_r6_bimodal_24,n20_os0.6_r6_bimodal,instances/n20_os0.6_r6_bimodal/n20_os0.6_r6_bimodal_24.alb,20,3,6,bimodal,3882491147,0.6,0.6053,40,713
n20_os0.6_r10_uniform_00,n20_os0.6_r10_uniform,instances/n20_os0.6_r10_uniform/n20_os0.6_r10_uniform_00.alb,20,2,10,uniform,1546996829,0.6,0.6053,44,966
n20_os0.6_r10_uniform_01,n20_os0.6_r10_uniform,instances/n20_os0.6_r10_uniform/n20_os0.6_r10_uniform_01.alb,20,2,10,uniform,724729035,0.6,0.6,43,911
n20_os0.6_r10_uniform_02,n20_os0.6_r10_uniform,instances/n20_os0.6_r10_uniform/n20_os0.6_r10_uniform_02.alb,20,2,10,uniform,2990222705,0.6,0.6053,45,1106
n20_os0.6_r10_uniform_03,n20_os0.6_r10_uniform,instances/n20_os0.6_r10_uniform/n20_os0.6_r10_uniform_03.alb,20,2,10,uniform,3309051367,0.6,0.6053,43,1067
n20_os0.6_r10_uniform_04,n20_os0.6_r10_uniform,instances/n20_os0.6_r10_uniform/n20_os0.6_r10_uniform_04.alb,20,2,10,uniform,1532528708,0.6,0.6,48,1223
n20_os0.6_r10_uniform_05,n20_os0.6_r10_uniform,instances/n20_os0.6_r10_uniform/n20_os0.6_r10_uniform_05.alb,20,2,10,uniform,744470738,0.6,0.6,54,1011
n20_os0.6_r10_uniform_06,n20_os0.6_r10_uniform,instances/n20_os0.6_r10_uniform/n20_os0.6_r10_uniform_06.alb,20,2,10,uniform,3042371944,0.6,0.6,43,955
n20_os0.6_r10_uniform_07,n20_os0.6_r10_uniform,instances/n20_os0.6_r10_uniform/n20_os0.6_r10_uniform_07.alb,20,2,10,uniform,3260144126,0.6,0.6053,40,960
n20_os0.6_r10_uniform_08,n20_os0.6_r10_uniform,instances/n20_os0.6_r10_uniform/n20_os0.6_r10_uniform_08.alb,20,2,10,uniform,1391379567,0.6,0.6158,46,1054
n20_os0.6_r10_uniform_09,n20_os0.6_r10_uniform,instances/n20_os0.6_r10_uniform/n20_os0.6_r10_uniform_09.alb,20,2,10,uniform,636089593,0.6,0.6053,41,1011
n20_os0.6_r10_uniform_10,n20_os0.6_r10_uniform,instances/n20_os0.6_r10_uniform/n20_os0.6_r10_uniform_10.alb,20,2,10,uniform,4165400165,0.6,0.6158,47,919
n20_os0.6_r10_uniform_11,n20_os0.6_r10_uniform,instances/n20_os0.6_r10_uniform/n20_os0.6_r10_uniform_11.alb,20,2,10,uniform,2403452659,0.6,0.6,50,989
n20_os0.6_r10_uniform_12,n20_os0.6_r10_uniform,instances/n20_os0.6_r10_uniform/n20_os0.6_r10_uniform_12.alb,20,2,10,uniform,373856073,0.6,0.6158,34,981
n20_os0.6_r10_uniform_13,n20_os0.6_r10_uniform,instances/n20_os0.6_r10_uniform/n20_os0.6_r10_uniform_13.alb,20,2,10,uniform,1632610271,0.6,0.6,47,1222
n20_os0.6_r10_uniform_14,n20_os0.6_r10_uniform,instances/n20_os0.6_r10_uniform/n20_os0.6_r10_uniform_14.alb,20,2,10,uniform,4281021052,0.6,0.6105,44,988
n20_os0.6_r10_uniform_15,n20_os0.6_r10_uniform,instances/n20_os0.6_r10_uniform/n20_os0.6_r10_uniform_15.alb,20,2,10,uniform,2284585706,0.6,0.6105,43,981
n20_os0.6_r10_uniform_16,n20_os0.6_r10_uniform,instances/n20_os0.6_r10_uniform/n20_os0.6_r10_uniform_16.alb,20,2,10,uniform,287658832,0.6,0.6105,44,1105
n20_os0.6_r10_uniform_17,n20_os0.6_r10_uniform,instances/n20_os0.6_r10_uniform/n20_os0.6_r10_uniform_17.alb,20,2,10,uniform,1713529798,0.6,0.6,46,689
n20_os0.6_r10_uniform_18,n20_os0.6_r10_uniform,instances/n20_os0.6_r10_uniform/n20_os0.6_r10_uniform_18.alb,20,2,10,uniform,4137516631,0.6,0.6158,51,960
n20_os0.6_r10_uniform_19,n20_os0.6_r10_uniform,instances/n20_os0.6_r10_uniform/n20_os0.6_r10_uniform_19.alb,20,2,10,uniform,2174373569,0.6,0.6,36,1283
n20_os0.6_r10_uniform_20,n20_os0.6_r10_uniform,instances/n20_os0.6_r10_uniform/n20_os0.6_r10_uniform_20.alb,20,2,10,uniform,3547047334,0.6,0.6105,36,1202
n20_os0.6_r10_uniform_21,n20_os0.6_r10_uniform,instances/n20_os0.6_r10_uniform/n20_os0.6_r10_uniform_21.alb,20,2,10,uniform,2758579504,0.6,0.6053,52,1141
n20_os0.6_r10_uniform_22,n20_os0.6_r10_uniform,instances/n20_os0.6_r10_uniform/n20_os0.6_r10_uniform_22.alb,20,2,10,uniform,1030079626,0.6,0.6,41,979
n20_os0.6_r10_uniform_23,n20_os0.6_r10_uniform,instances/n20_os0.6_r10_uniform/n20_os0.6_r10_uniform_23.alb,20,2,10,uniform,1247999004,0.6,0.6053,42,1149
n20_os0.6_r10_uniform_24,n20_os0.6_r10_uniform,instances/n20_os0.6_r10_uniform/n20_os0.6_r10_uniform_24.alb,20,2,10,uniform,3557188031,0.6,0.6,42,1081
n20_os0.6_r10_bimodal_00,n20_os0.6_r10_bimodal,instances/n20_os0.6_r10_bimodal/n20_os0.6_r10_bimodal_00.alb,20,2,10,bimodal,2041560176,0.6,0.6,44,800
n20_os0.6_r10_bimodal_01,n20_os0.6_r10_bimodal,instances/n20_os0.6_r10_bimodal/n20_os0.6_r10_bimodal_01.alb,20,2,10,bimodal,245927142,0.6,0.6105,39,775
n20_os0.6_r10_bimodal_02,n20_os0.6_r10_bimodal,instances/n20_os0.6_r10_bimodal/n20_os0.6_r10_bimodal_02.alb,20,2,10,bimodal,2543967580,0.6,0.6053,38,481
n20_os0.6_r10_bimodal_03,n20_os0.6_r10_bimodal,instances/n20_os0.6_r10_bimodal/n20_os0.6_r10_bimodal_03.alb,20,2,10,bimodal,3769036234,0.6,0.6,47,806
n20_os0.6_r10_bimodal_04,n20_os0.6_r10_bimodal,instances/n20_os0.6_r10_bimodal/n20_os0.6_r10_bimodal_04.alb,20,2,10,bimodal,2126674025,0.6,0.6,54,507
n20_os0.6_r10_bimodal_05,n20_os0.6_r10_bimodal,instances/n20_os0.6_r10_bimodal/n20_os0.6_r10_bimodal_05.alb,20,2,10,bimodal,163924223,0.6,0.6053,40,764
n20_os0.6_r10_bimodal_06,n20_os0.6_r10_bimodal,instances/n20_os0.6_r10_bimodal/n20_os0.6_r10_bimodal_06.alb,20,2,10,bimodal,2429294917,0.6,0.6,52,526
n20_os0.6_r10_bimodal_07,n20_os0.6_r10_bimodal,instances/n20_os0.6_r10_bimodal/n20_os0.6_r10_bimodal_07.alb,20,2,10,bimodal,3888851411,0.6,0.6053,40,764
n20_os0.6_r10_bimodal_08,n20_os0.6_r10_bimodal,instances/n20_os0.6_r10_bimodal/n20_os0.6_r10_bimodal_08.alb,20,2,10,bimodal,2004104258,0.6,0.6158,30,651
n20_os0.6_r10_bimodal_09,n20_os0.6_r10_bimodal,instances/n20_os0.6_r10_bimodal/n20_os0.6_r10_bimodal_09.alb,20,2,10,bimodal,7537876,0.6,0.6053,44,517
n20_os0.6_r10_bimodal_10,n20_os0.6_r10_bimodal,instances/n20_os0.6_r10_bimodal/n20_os0.6_r10_bimodal_10.alb,20,2,10,bimodal,3183227104,0.6,0.6,49,632
n20_os0.6_r10_bimodal_11,n20_os0.6_r10_bimodal,instances/n20_os0.6_r10_bimodal/n20_os0.6_r10_bimodal_11.alb,20,2,10,bimodal,3401252982,0.6,0.6,46,781
n20_os0.6_r10_bimodal_12,n20_os0.6_r10_bimodal,instances/n20_os0.6_r10_bimodal/n20_os0.6_r10_bimodal_12.alb,20,2,10,bimodal,1404195276,0.6,0.6158,45,393
n20_os0.6_r10_bimodal_13,n20_os0.6_r10_bimodal,instances/n20_os0.6_r10_bimodal/n20_os0.6_r10_bimodal_13.alb,20,2,10,bimodal,615866714,0.6,0.6053,46,477
n20_os0.6_r10_bimodal_14,n20_os0.6_r10_bimodal,instances/n20_os0.6_r10_bimodal/n20_os0.6_r10_bimodal_14.alb,20,2,10,bimodal,3134321913,0.6,0.6158,44,639
n20_os0.6_r10_bimodal_15,n20_os0.6_r10_bimodal,instances/n20_os0.6_r10_bimodal/n20_os0.6_r10_bimodal_15.alb,20,2,10,bimodal,3453404271,0.6,0.6053,52,703
n20_os0.6_r10_bimodal_16,n20_os0.6_r10_bimodal,instances/n20_os0.6_r10_bimodal/n20_os0.6_r10_bimodal_16.alb,20,2,10,bimodal,1423939029,0.6,0.6053,47,585
n20_os0.6_r10_bimodal_17,n20_os0.6_r10_bimodal,instances/n20_os0.6_r10_bimodal/n20_os0.6_r10_bimodal_17.alb,20,2,10,bimodal,601400643,0.6,0.6,38,547
n20_os0.6_r10_bimodal_18,n20_os0.6_r10_bimodal,instances/n20_os0.6_r10_bimodal/n20_os0.6_r10_bimodal_18.alb,20,2,10,bimodal,3009919186,0.6,0.6053,45,589
n20_os0.6_r10_bimodal_19,n20_os0.6_r10_bimodal,instances/n20_os0.6_r10_bimodal/n20_os0.6_r10_bimodal_19.alb,20,2,10,bimodal,3294660676,0.6,0.6105,47,513
n20_os0.6_r10_bimodal_20,n20_os0.6_r10_bimodal,instances/n20_os0.6_r10_bimodal/n20_os0.6_r10_bimodal_20.alb,20,2,10,bimodal,2526110499,0.6,0.6105,42,615
n20_os0.6_r10_bimodal_21,n20_os0.6_r10_bimodal,instances/n20_os0.6_r10_bimodal/n20_os0.6_r10_bimodal_21.alb,20,2,10,bimodal,3784725429,0.6,0.6053,48,507
n20_os0.6_r10_bimodal_22,n20_os0.6_r10_bimodal,instances/n20_os0.6_r10_bimodal/n20_os0.6_r10_bimodal_22.alb,20,2,10,bimodal,2023686671,0.6,0.6,45,784
n20_os0.6_r10_bimodal_23,n20_os0.6_r10_bimodal,instances/n20_os0.6_r10_bimodal/n20_os0.6_r10_bimodal_23.alb,20,2,10,bimodal,261632665,0.6,0.6105,41,440
n20_os0.6_r10_bimodal_24,n20_os0.6_r10_bimodal,instances/n20_os0.6_r10_bimodal/n20_os0.6_r10_bimodal_24.alb,20,2,10,bimodal,2449254202,0.6,0.6158,42,615
n20_os0.9_r3_uniform_00,n20_os0.9_r3_uniform,instances/n20_os0.9_r3_uniform/n20_os0.9_r3_uniform_00.alb,20,7,3,uniform,822998441,0.9,0.9053,59,784
n20_os0.9_r3_uniform_01,n20_os0.9_r3_uniform,instances/n20_os0.9_r3_uniform/n20_os0.9_r3_uniform_01.alb,20,7,3,uniform,1175110975,0.9,0.9053,63,1080
n20_os0.9_r3_uniform_02,n20_os0.9_r3_uniform,instances/n20_os0.9_r3_uniform/n20_os0.9_r3_uniform_02.alb,20,7,3,uniform,3741553797,0.9,0.9,58,849
n20_os0.9_r3_uniform_03,n20_os0.9_r3_uniform,instances/n20_os0.9_r3_uniform/n20_os0.9_r3_uniform_03.alb,20,7,3,uniform,2818876435,0.9,0.9053,76,1061
n20_os0.9_r3_uniform_04,n20_os0.9_r3_uniform,instances/n20_os0.9_r3_uniform/n20_os0.9_r3_uniform_04.alb,20,7,3,uniform,912273840,0.9,0.9,77,1066
n20_os0.9_r3_uniform_05,n20_os0.9_r3_uniform,instances/n20_os0.9_r3_uniform/n20_os0.9_r3_uniform_05.alb,20,7,3,uniform,1097269542,0.9,0.9,72,795
n20_os0.9_r3_uniform_06,n20_os0.9_r3_uniform,instances/n20_os0.9_r3_uniform/n20_os0.9_r3_uniform_06.alb,20,7,3,uniform,3631108252,0.9,0.9,66,1208
n20_os0.9_r3_uniform_07,n20_os0.9_r3_uniform,instances/n20_os0.9_r3_uniform/n20_os0.9_r3_uniform_07.alb,20,7,3,uniform,2942918666,0.9,0.9,74,1203
n20_os0.9_r3_uniform_08,n20_os0.9_r3_uniform,instances/n20_os0.9_r3_uniform/n20_os0.9_r3_uniform_08.alb,20,7,3,uniform,1071021467,0.9,0.9,63,726
n20_os0.9_r3_uniform_09,n20_os0.9_r3_uniform,instances/n20_os0.9_r3_uniform/n20_os0.9_r3_uniform_09.alb,20,7,3,uniform,1221676301,0.9,0.9105,66,1207
n20_os0.9_r3_uniform_10,n20_os0.9_r3_uniform,instances/n20_os0.9_r3_uniform/n20_os0.9_r3_uniform_10.alb,20,7,3,uniform,1123809497,0.9,0.9,70,1118
n20_os0.9_r3_uniform_11,n20_os0.9_r3_uniform,instances/n20_os0.9_r3_uniform/n20_os0.9_r3_uniform_11.alb,20,7,3,uniform,905758799,0.9,0.9053,60,737
n20_os0.9_r3_uniform_12,n20_os0.9_r3_uniform,instances/n20_os0.9_r3_uniform/n20_os0.9_r3_uniform_12.alb,20,7,3,uniform,2901776885,0.9,0.9,65,1001
n20_os0.9_r3_uniform_13,n20_os0.9_r3_uniform,instances/n20_os0.9_r3_uniform/n20_os0.9_r3_uniform_13.alb,20,7,3,uniform,3690113379,0.9,0.9053,64,966
n20_os0.9_r3_uniform_14,n20_os0.9_r3_uniform,instances/n20_os0.9_r3_uniform/n20_os0.9_r3_uniform_14.alb,20,7,3,uniform,1167473856,0.9,0.9053,71,924
n20_os0.9_r3_uniform_15,n20_os0.9_r3_uniform,instances/n20_os0.9_r3_uniform/n20_os0.9_r3_uniform_15.alb,20,7,3,uniform,848366678,0.9,0.9,70,1239
n20_os0.9_r3_uniform_16,n20_os0.9_r3_uniform,instances/n20_os0.9_r3_uniform/n20_os0.9_r3_uniform_16.alb,20,7,3,uniform,2878889452,0.9,0.9,71,1114
n20_os0.9_r3_uniform_17,n20_os0.9_r3_uniform,instances/n20_os0.9_r3_uniform/n20_os0.9_r3_uniform_17.alb,20,7,3,uniform,3701435770,0.9,0.9105,74,1082
n20_os0.9_r3_uniform_18,n20_os0.9_r3_uniform,instances/n20_os0.9_r3_uniform/n20_os0.9_r3_uniform_18.alb,20,7,3,uniform,1277194475,0.9,0.9053,71,759
n20_os0.9_r3_uniform_19,n20_os0.9_r3_uniform,instances/n20_os0.9_r3_uniform/n20_os0.9_r3_uniform_19.alb,20,7,3,uniform,992428157,0.9,0.9,63,1223
n20_os0.9_r3_uniform_20,n20_os0.9_r3_uniform,instances/n20_os0.9_r3_uniform/n20_os0.9_r3_uniform_20.alb,20,7,3,uniform,1775676186,0.9,0.9053,68,873
n20_os0.9_r3_uniform_21,n20_os0.9_r3_uniform,instances/n20_os0.9_r3_uniform/n20_os0.9_r3_uniform_21.alb,20,7,3,uniform,517053324,0.9,0.9,54,1059
n20_os0.9_r3_uniform_22,n20_os0.9_r3_uniform,instances/n20_os0.9_r3_uniform/n20_os0.9_r3_uniform_22.alb,20,7,3,uniform,2279131702,0.9,0.9053,73,1182
n20_os0.9_r3_uniform_23,n20_os0.9_r3_uniform,instances/n20_os0.9_r3_uniform/n20_os0.9_r3_uniform_23.alb,20,7,3,uniform,4041210528,0.9,0.9,67,932
n20_os0.9_r3_uniform_24,n20_os0.9_r3_uniform,instances/n20_os0.9_r3_uniform/n20_os0.9_r3_uniform_24.alb,20,7,3,uniform,1857777411,0.9,0.9053,54,888
n20_os0.9_r3_bimodal_00,n20_os0.9_r3_bimodal,instances/n20_os0.9_r3_bimodal/n20_os0.9_r3_bimodal_00.alb,20,7,3,bimodal,345441668,0.9,0.9158,65,566
n20_os0.9_r3_bimodal_01,n20_os0.9_r3_bimodal,instances/n20_os0.9_r3_bimodal/n20_os0.9_r3_bimodal_01.alb,20,7,3,bimodal,1670395154,0.9,0.9053,56,638
n20_os0.9_r3_bimodal_02,n20_os0.9_r3_bimodal,instances/n20_os0.9_r3_bimodal/n20_os0.9_r3_bimodal_02.alb,20,7,3,bimodal,4204356776,0.9,0.9,66,668
n20_os0.9_r3_bimodal_03,n20_os0.9_r3_bimodal,instances/n20_os0.9_r3_bimodal/n20_os0.9_r3_bimodal_03.alb,20,7,3,bimodal,2375963710,0.9,0.9,67,527
n20_os0.9_r3_bimodal_04,n20_os0.9_r3_bimodal,instances/n20_os0.9_r3_bimodal/n20_os0.9_r3_bimodal_04.alb,20,7,3,bimodal,335200669,0.9,0.9053,62,664
n20_os0.9_r3_bimodal_05,n20_os0.9_r3_bimodal,instances/n20_os0.9_r3_bimodal/n20_os0.9_r3_bimodal_05.alb,20,7,3,bimodal,1694363915,0.9,0.9053,76,520
n20_os0.9_r3_bimodal_06,n20_os0.9_r3_bimodal,instances/n20_os0.9_r3_bimodal/n20_os0.9_r3_bimodal_06.alb,20,7,3,bimodal,4260667569,0.9,0.9,70,796
n20_os0.9_r3_bimodal_07,n20_os0.9_r3_bimodal,instances/n20_os0.9_r3_bimodal/n20_os0.9_r3_bimodal_07.alb,20,7,3,bimodal,2331217959,0.9,0.9105,67,539
n20_os0.9_r3_bimodal_08,n20_os0.9_r3_bimodal,instances/n20_os0.9_r3_bimodal/n20_os0.9_r3_bimodal_08.alb,20,7,3,bimodal,441224630,0.9,0.9053,69,724
n20_os0.9_r3_bimodal_09,n20_os0.9_r3_bimodal,instances/n20_os0.9_r3_bimodal/n20_os0.9_r3_bimodal_09.alb,20,7,3,bimodal,1833680160,0.9,0.9105,48,605
n20_os0.9_r3_bimodal_10,n20_os0.9_r3_bimodal,instances/n20_os0.9_r3_bimodal/n20_os0.9_r3_bimodal_10.alb,20,7,3,bimodal,117522012,0.9,0.9053,68,418
n20_os0.9_r3_bimodal_11,n20_os0.9_r3_bimodal,instances/n20_os0.9_r3_bimodal/n20_os0.9_r3_bimodal_11.alb,20,7,3,bimodal,1879445194,0.9,0.9,65,524
n20_os0.9_r3_bimodal_12,n20_os0.9_r3_bimodal,instances/n20_os0.9_r3_bimodal/n20_os0.9_r3_bimodal_12.alb,20,7,3,bimodal,3910098800,0.9,0.9,72,512
n20_os0.9_r3_bimodal_13,n20_os0.9_r3_bimodal,instances/n20_os0.9_r3_bimodal/n20_os0.9_r3_bimodal_13.alb,20,7,3,bimodal,2651353062,0.9,0.9158,66,553
n20_os0.9_r3_bimodal_14,n20_os0.9_r3_bimodal,instances/n20_os0.9_r3_bimodal/n20_os0.9_r3_bimodal_14.alb,20,7,3,bimodal,7141957,0.9,0.9105,60,640
n20_os0.9_r3_bimodal_15,n20_os0.9_r3_bimodal,instances/n20_os0.9_r3_bimodal/n20_os0.9_r3_bimodal_15.alb,20,7,3,bimodal,2003552979,0.9,0.9053,77,507
n20_os0.9_r3_bimodal_16,n20_os0.9_r3_bimodal,instances/n20_os0.9_r3_bimodal/n20_os0.9_r3_bimodal_16.alb,20,7,3,bimodal,3999439721,0.9,0.9,67,573
n20_os0.9_r3_bimodal_17,n20_os0.9_r3_bimodal,instances/n20_os0.9_r3_bimodal/n20_os0.9_r3_bimodal_17.alb,20,7,3,bimodal,2573577215,0.9,0.9158,57,660
n20_os0.9_r3_bimodal_18,n20_os0.9_r3_bimodal,instances/n20_os0.9_r3_bimodal/n20_os0.9_r3_bimodal_18.alb,20,7,3,bimodal,165328494,0.9,0.9105,69,447
n20_os0.9_r3_bimodal_19,n20_os0.9_r3_bimodal,instances/n20_os0.9_r3_bimodal/n20_os0.9_r3_bimodal_19.alb,20,7,3,bimodal,2128447224,0.9,0.9,61,584
n20_os0.9_r3_bimodal_20,n20_os0.9_r3_bimodal,instances/n20_os0.9_r3_bimodal/n20_os0.9_r3_bimodal_20.alb,20,7,3,bimodal,741109151,0.9,0.9053,67,393
n20_os0.9_r3_bimodal_21,n20_os0.9_r3_bimodal,instances/n20_os0.9_r3_bimodal/n20_os0.9_r3_bimodal_21.alb,20,7,3,bimodal,1529568521,0.9,0.9053,63,674
n20_os0.9_r3_bimodal_22,n20_os0.9_r3_bimodal,instances/n20_os0.9_r3_bimodal/n20_os0.9_r3_bimodal_22.alb,20,7,3,bimodal,3257011379,0.9,0.9,71,754
n20_os0.9_r3_bimodal_23,n20_os0.9_r3_bimodal,instances/n20_os0.9_r3_bimodal/n20_os0.9_r3_bimodal_23.alb,20,7,3,bimodal,3039116325,0.9,0.9053,72,515
n20_os0.9_r3_bimodal_24,n20_os0.9_r3_bimodal,instances/n20_os0.9_r3_bimodal/n20_os0.9_r3_bimodal_24.alb,20,7,3,bimodal,725723526,0.9,0.9053,79,685
n20_os0.9_r6_uniform_00,n20_os0.9_r6_uniform,instances/n20_os0.9_r6_uniform/n20_os0.9_r6_uniform_00.alb,20,3,6,uniform,1079663083,0.9,0.9053,78,822
n20_os0.9_r6_uniform_01,n20_os0.9_r6_uniform,instances/n20_os0.9_r6_uniform/n20_os0.9_r6_uniform_01.alb,20,3,6,uniform,928868733,0.9,0.9053,62,1065
n20_os0.9_r6_uniform_02,n20_os0.9_r6_uniform,instances/n20_os0.9_r6_uniform/n20_os0.9_r6_uniform_02.alb,20,3,6,uniform,2924755143,0.9,0.9053,59,946
n20_os0.9_r6_uniform_03,n20_os0.9_r6_uniform,instances/n20_os0.9_r6_uniform/n20_os0.9_r6_uniform_03.alb,20,3,6,uniform,3646097489,0.9,0.9053,68,973
n20_os0.9_r6_uniform_04,n20_os0.9_r6_uniform,instances/n20_os0.9_r6_uniform/n20_os0.9_r6_uniform_04.alb,20,3,6,uniform,1194827250,0.9,0.9158,58,1226
n20_os0.9_r6_uniform_05,n20_os0.9_r6_uniform,instances/n20_os0.9_r6_uniform/n20_os0.9_r6_uniform_05.alb,20,3,6,uniform,808496484,0.9,0.9,70,1077
n20_os0.9_r6_uniform_06,n20_os0.9_r6_uniform,instances/n20_os0.9_r6_uniform/n20_os0.9_r6_uniform_06.alb,20,3,6,uniform,2839149790,0.9,0.9053,54,1164
n20_os0.9_r6_uniform_07,n20_os0.9_r6_uniform,instances/n20_os0.9_r6_uniform/n20_os0.9_r6_uniform_07.alb,20,3,6,uniform,3728657480,0.9,0.9053,57,1026
n20_os0.9_r6_uniform_08,n20_os0.9_r6_uniform,instances/n20_os0.9_r6_uniform/n20_os0.9_r6_uniform_08.alb,20,3,6,uniform,1317130713,0.9,0.9,67,969
n20_os0.9_r6_uniform_09,n20_os0.9_r6_uniform,instances/n20_os0.9_r6_uniform/n20_os0.9_r6_uniform_09.alb,20,3,6,uniform,965140815,0.9,0.9,58,1005
n20_os0.9_r6_uniform_10,n20_os0.9_r6_uniform,instances/n20_os0.9_r6_uniform/n20_os0.9_r6_uniform_10.alb,20,3,6,uniform,3663237065,0.9,0.9,77,1029
n20_os0.9_r6_uniform_11,n20_os0.9_r6_uniform,instances/n20_os0.9_r6_uniform/n20_os0.9_r6_uniform_11.alb,20,3,6,uniform,2908733279,0.9,0.9,54,1077
n20_os0.9_r6_uniform_12,n20_os0.9_r6_uniform,instances/n20_os0.9_r6_uniform/n20_os0.9_r6_uniform_12.alb,20,3,6,uniform,878112485,0.9,0.9053,68,1063
n20_os0.9_r6_uniform_13,n20_os0.9_r6_uniform,instances/n20_os0.9_r6_uniform/n20_os0.9_r6_uniform_13.alb,20,3,6,uniform,1129438835,0.9,0.9,68,1141
n20_os0.9_r6_uniform_14,n20_os0.9_r6_uniform,instances/n20_os0.9_r6_uniform/n20_os0.9_r6_uniform_14.alb,20,3,6,uniform,3711257552,0.9,0.9,71,956
n20_os0.9_r6_uniform_15,n20_os0.9_r6_uniform,instances/n20_os0.9_r6_uniform/n20_os0.9_r6_uniform_15.alb,20,3,6,uniform,2855435078,0.9,0.9105,58,1043
n20_os0.9_r6_uniform_16,n20_os0.9_r6_uniform,instances/n20_os0.9_r6_uniform/n20_os0.9_r6_uniform_16.alb,20,3,6,uniform,859515644,0.9,0.9,60,936
n20_os0.9_r6_uniform_17,n20_os0.9_r6_uniform,instances/n20_os0.9_r6_uniform/n20_os0.9_r6_uniform_17.alb,20,3,6,uniform,1144789610,0.9,0.9053,59,1006
n20_os0.9_r6_uniform_18,n20_os0.9_r6_uniform,instances/n20_os0.9_r6_uniform/n20_os0.9_r6_uniform_18.alb,20,3,6,uniform,3565357051,0.9,0.9053,64,952
n20_os0.9_r6_uniform_19,n20_os0.9_r6_uniform,instances/n20_os0.9_r6_uniform/n20_os0.9_r6_uniform_19.alb,20,3,6,uniform,2743351149,0.9,0.9,49,975
n20_os0.9_r6_uniform_20,n20_os0.9_r6_uniform,instances/n20_os0.9_r6_uniform/n20_os0.9_r6_uniform_20.alb,20,3,6,uniform,4051033098,0.9,0.9053,59,1095
n20_os0.9_r6_uniform_21,n20_os0.9_r6_uniform,instances/n20_os0.9_r6_uniform/n20_os0.9_r6_uniform_21.alb,20,3,6,uniform,2255678620,0.9,0.9053,66,1008
n20_os0.9_r6_uniform_22,n20_os0.9_r6_uniform,instances/n20_os0.9_r6_uniform/n20_os0.9_r6_uniform_22.alb,20,3,6,uniform,528203046,0.9,0.9053,63,954
n20_os0.9_r6_uniform_23,n20_os0.9_r6_uniform,instances/n20_os0.9_r6_uniform/n20_os0.9_r6_uniform_23.alb,20,3,6,uniform,1752993200,0.9,0.9053,65,1040
n20_os0.9_r6_uniform_24,n20_os0.9_r6_uniform,instances/n20_os0.9_r6_uniform/n20_os0.9_r6_uniform_24.alb,20,3,6,uniform,4128774163,0.9,0.9,67,926
n20_os0.9_r6_bimodal_00,n20_os0.9_r6_bimodal,instances/n20_os0.9_r6_bimodal/n20_os0.9_r6_bimodal_00.alb,20,3,6,bimodal,1707125190,0.9,0.9,60,576
n20_os0.9_r6_bimodal_01,n20_os0.9_r6_bimodal,instances/n20_os0.9_r6_bimodal/n20_os0.9_r6_bimodal_01.alb,20,3,6,bimodal,315070800,0.9,0.9,73,728
n20_os0.9_r6_bimodal_02,n20_os0.9_r6_bimodal,instances/n20_os0.9_r6_bimodal/n20_os0.9_r6_bimodal_02.alb,20,3,6,bimodal,2345584874,0.9,0.9,68,665
n20_os0.9_r6_bimodal_03,n20_os0.9_r6_bimodal,instances/n20_os0.9_r6_bimodal/n20_os0.9_r6_bimodal_03.alb,20,3,6,bimodal,4241094780,0.9,0.9053,72,713
n20_os0.9_r6_bimodal_04,n20_os0.9_r6_bimodal,instances/n20_os0.9_r6_bimodal/n20_os0.9_r6_bimodal_04.alb,20,3,6,bimodal,1655533023,0.9,0.9158,67,631
n20_os0.9_r6_bimodal_05,n20_os0.9_r6_bimodal,instances/n20_os0.9_r6_bimodal/n20_os0.9_r6_bimodal_05.alb,20,3,6,bimodal,363486537,0.9,0.9105,71,547
n20_os0.9_r6_bimodal_06,n20_os0.9_r6_bimodal,instances/n20_os0.9_r6_bimodal/n20_os0.9_r6_bimodal_06.alb,20,3,6,bimodal,2359495923,0.9,0.9053,65,572
n20_os0.9_r6_bimodal_07,n20_os0.9_r6_bimodal,instances/n20_os0.9_r6_bimodal/n20_os0.9_r6_bimodal_07.alb,20,3,6,bimodal,4221844581,0.9,0.9,69,569
n20_os0.9_r6_bimodal_08,n20_os0.9_r6_bimodal,instances/n20_os0.9_r6_bimodal/n20_os0.9_r6_bimodal_08.alb,20,3,6,bimodal,1796940276,0.9,0.9105,69,409
n20_os0.9_r6_bimodal_09,n20_os0.9_r6_bimodal,instances/n20_os0.9_r6_bimodal/n20_os0.9_r6_bimodal_09.alb,20,3,6,bimodal,471601506,0.9,0.9,65,752
n20_os0.9_r6_bimodal_10,n20_os0.9_r6_bimodal,instances/n20_os0.9_r6_bimodal/n20_os0.9_r6_bimodal_10.alb,20,3,6,bimodal,2678212940,0.9,0.9053,62,509
n20_os0.9_r6_bimodal_11,n20_os0.9_r6_bimodal,instances/n20_os0.9_r6_bimodal/n20_os0.9_r6_bimodal_11.alb,20,3,6,bimodal,3903158746,0.9,0.9,68,724
n20_os0.9_r6_bimodal_12,n20_os0.9_r6_bimodal,instances/n20_os0.9_r6_bimodal/n20_os0.9_r6_bimodal_12.alb,20,3,6,bimodal,1907107936,0.9,0.9,63,488
n20_os0.9_r6_bimodal_13,n20_os0.9_r6_bimodal,instances/n20_os0.9_r6_bimodal/n20_os0.9_r6_bimodal_13.alb,20,3,6,bimodal,111876342,0.9,0.9,66,558
n20_os0.9_r6_bimodal_14,n20_os0.9_r6_bimodal,instances/n20_os0.9_r6_bimodal/n20_os0.9_r6_bimodal_14.alb,20,3,6,bimodal,2563738965,0.9,0.9105,71,751
n20_os0.9_r6_bimodal_15,n20_os0.9_r6_bimodal,instances/n20_os0.9_r6_bimodal/n20_os0.9_r6_bimodal_15.alb,20,3,6,bimodal,4022910403,0.9,0.9,57,554
n20_os0.9_r6_bimodal_16,n20_os0.9_r6_bimodal,instances/n20_os0.9_r6_bimodal/n20_os0.9_r6_bimodal_16.alb,20,3,6,bimodal,1992420473,0.9,0.9053,60,551
n20_os0.9_r6_bimodal_17,n20_os0.9_r6_bimodal,instances/n20_os0.9_r6_bimodal/n20_os0.9_r6_bimodal_17.alb,20,3,6,bimodal,29809903,0.9,0.9105,63,841
n20_os0.9_r6_bimodal_18,n20_os0.9_r6_bimodal,instances/n20_os0.9_r6_bimodal/n20_os0.9_r6_bimodal_18.alb,20,3,6,bimodal,2440675710,0.9,0.9,75,608
n20_os0.9_r6_bimodal_19,n20_os0.9_r6_bimodal,instances/n20_os0.9_r6_bimodal/n20_os0.9_r6_bimodal_19.alb,20,3,6,bimodal,3867079144,0.9,0.9,52,459
n20_os0.9_r6_bimodal_20,n20_os0.9_r6_bimodal,instances/n20_os0.9_r6_bimodal/n20_os0.9_r6_bimodal_20.alb,20,3,6,bimodal,3029277327,0.9,0.9,66,596
n20_os0.9_r6_bimodal_21,n20_os0.9_r6_bimodal,instances/n20_os0.9_r6_bimodal/n20_os0.9_r6_bimodal_21.alb,20,3,6,bimodal,3280480793,0.9,0.9,80,704
n20_os0.9_r6_bimodal_22,n20_os0.9_r6_bimodal,instances/n20_os0.9_r6_bimodal/n20_os0.9_r6_bimodal_22.alb,20,3,6,bimodal,1518435235,0.9,0.9053,63,633
n20_os0.9_r6_bimodal_23,n20_os0.9_r6_bimodal,instances/n20_os0.9_r6_bimodal/n20_os0.9_r6_bimodal_23.alb,20,3,6,bimodal,763775797,0.9,0.9053,60,609
n20_os0.9_r6_bimodal_24,n20_os0.9_r6_bimodal,instances/n20_os0.9_r6_bimodal/n20_os0.9_r6_bimodal_24.alb,20,3,6,bimodal,3017989782,0.9,0.9,62,426
n20_os0.9_r10_uniform_00,n20_os0.9_r10_uniform,instances/n20_os0.9_r10_uniform/n20_os0.9_r10_uniform_00.alb,20,2,10,uniform,146640832,0.9,0.9053,61,1165
n20_os0.9_r10_uniform_01,n20_os0.9_r10_uniform,instances/n20_os0.9_r10_uniform/n20_os0.9_r10_uniform_01.alb,20,2,10,uniform,2142945110,0.9,0.9105,75,942
n20_os0.9_r10_uniform_02,n20_os0.9_r10_uniform,instances/n20_os0.9_r10_uniform/n20_os0.9_r10_uniform_02.alb,20,2,10,uniform,3870551788,0.9,0.9,58,756
n20_os0.9_r10_uniform_03,n20_os0.9_r10_uniform,instances/n20_os0.9_r10_uniform/n20_os0.9_r10_uniform_03.alb,20,2,10,uniform,2444549754,0.9,0.9053,65,881
n20_os0.9_r10_uniform_04,n20_os0.9_r10_uniform,instances/n20_os0.9_r10_uniform/n20_os0.9_r10_uniform_04.alb,20,2,10,uniform,265309145,0.9,0.9053,61,1145
n20_os0.9_r10_uniform_05,n20_os0.9_r10_uniform,instances/n20_os0.9_r10_uniform/n20_os0.9_r10_uniform_05.alb,20,2,10,uniform,2027387727,0.9,0.9105,67,1166
n20_os0.9_r10_uniform_06,n20_os0.9_r10_uniform,instances/n20_os0.9_r10_uniform/n20_os0.9_r10_uniform_06.alb,20,2,10,uniform,3789433589,0.9,0.9053,75,1058
n20_os0.9_r10_uniform_07,n20_os0.9_r10_uniform,instances/n20_os0.9_r10_uniform/n20_os0.9_r10_uniform_07.alb,20,2,10,uniform,2530810467,0.9,0.9053,67,757
n20_os0.9_r10_uniform_08,n20_os0.9_r10_uniform,instances/n20_os0.9_r10_uniform/n20_os0.9_r10_uniform_08.alb,20,2,10,uniform,107350002,0.9,0.9053,64,868
n20_os0.9_r10_uniform_09,n20_os0.9_r10_uniform,instances/n20_os0.9_r10_uniform/n20_os0.9_r10_uniform_09.alb,20,2,10,uniform,1902196580,0.9,0.9105,75,827
n20_os0.9_r10_uniform_10,n20_os0.9_r10_uniform,instances/n20_os0.9_r10_uniform/n20_os0.9_r10_uniform_10.alb,20,2,10,uniform,1991020895,0.9,0.9158,69,1097
n20_os0.9_r10_uniform_11,n20_os0.9_r10_uniform,instances/n20_os0.9_r10_uniform/n20_os0.9_r10_uniform_11.alb,20,2,10,uniform,28025289,0.9,0.9,67,867
n20_os0.9_r10_uniform_12,n20_os0.9_r10_uniform,instances/n20_os0.9_r10_uniform/n20_os0.9_r10_uniform_12.alb,20,2,10,uniform,2560815219,0.9,0.9158,50,897
n20_os0.9_r10_uniform_13,n20_os0.9_r10_uniform,instances/n20_os0.9_r10_uniform/n20_os0.9_r10_uniform_13.alb,20,2,10,uniform,4020617445,0.9,0.9053,54,1204
n20_os0.9_r10_uniform_14,n20_os0.9_r10_uniform,instances/n20_os0.9_r10_uniform/n20_os0.9_r10_uniform_14.alb,20,2,10,uniform,1908495686,0.9,0.9,70,1184
n20_os0.9_r10_uniform_15,n20_os0.9_r10_uniform,instances/n20_os0.9_r10_uniform/n20_os0.9_r10_uniform_15.alb,20,2,10,uniform,113665488,0.9,0.9105,65,1021
n20_os0.9_r10_uniform_16,n20_os0.9_r10_uniform,instances/n20_os0.9_r10_uniform/n20_os0.9_r10_uniform_16.alb,20,2,10,uniform,2681156714,0.9,0.9053,76,1077
n20_os0.9_r10_uniform_17,n20_os0.9_r10_uniform,instances/n20_os0.9_r10_uniform/n20_os0.9_r10_uniform_17.alb,20,2,10,uniform,3905422588,0.9,0.9,71,825
n20_os0.9_r10_uniform_18,n20_os0.9_r10_uniform,instances/n20_os0.9_r10_uniform/n20_os0.9_r10_uniform_18.alb,20,2,10,uniform,2021071213,0.9,0.9,59,1209
n20_os0.9_r10_uniform_19,n20_os0.9_r10_uniform,instances/n20_os0.9_r10_uniform/n20_os0.9_r10_uniform_19.alb,20,2,10,uniform,259009019,0.9,0.9,60,922
n20_os0.9_r10_uniform_20,n20_os0.9_r10_uniform,instances/n20_os0.9_r10_uniform/n20_os0.9_r10_uniform_20.alb,20,2,10,uniform,1568785052,0.9,0.9053,61,917
n20_os0.9_r10_uniform_21,n20_os0.9_r10_uniform,instances/n20_os0.9_r10_uniform/n20_os0.9_r10_uniform_21.alb,20,2,10,uniform,713486858,0.9,0.9,49,1134
n20_os0.9_r10_uniform_22,n20_os0.9_r10_uniform,instances/n20_os0.9_r10_uniform/n20_os0.9_r10_uniform_22.alb,20,2,10,uniform,3012535216,0.9,0.9158,68,1102
n20_os0.9_r10_uniform_23,n20_os0.9_r10_uniform,instances/n20_os0.9_r10_uniform/n20_os0.9_r10_uniform_23.alb,20,2,10,uniform,3297284902,0.9,0.9,73,730
n20_os0.9_r10_uniform_24,n20_os0.9_r10_uniform,instances/n20_os0.9_r10_uniform/n20_os0.9_r10_uniform_24.alb,20,2,10,uniform,1525417605,0.9,0.9105,63,1055
n20_os0.9_r10_bimodal_00,n20_os0.9_r10_bimodal,instances/n20_os0.9_r10_bimodal/n20_os0.9_r10_bimodal_00.alb,20,2,10,bimodal,757563373,0.9,0.9,61,701
n20_os0.9_r10_bimodal_01,n20_os0.9_r10_bimodal,instances/n20_os0.9_r10_bimodal/n20_os0.9_r10_bimodal_01.alb,20,2,10,bimodal,1512066939,0.9,0.9,62,704
n20_os0.9_r10_bimodal_02,n20_os0.9_r10_bimodal,instances/n20_os0.9_r10_bimodal/n20_os0.9_r10_bimodal_02.alb,20,2,10,bimodal,3274251969,0.9,0.9,55,882
n20_os0.9_r10_bimodal_03,n20_os0.9_r10_bimodal,instances/n20_os0.9_r10_bimodal/n20_os0.9_r10_bimodal_03.alb,20,2,10,bimodal,3022925399,0.9,0.9158,62,750
n20_os0.9_r10_bimodal_04,n20_os0.9_r10_bimodal,instances/n20_os0.9_r10_bimodal/n20_os0.9_r10_bimodal_04.alb,20,2,10,bimodal,709540852,0.9,0.9,65,625
n20_os0.9_r10_bimodal_05,n20_os0.9_r10_bimodal,instances/n20_os0.9_r10_bimodal/n20_os0.9_r10_bimodal_05.alb,20,2,10,bimodal,1565363042,0.9,0.9053,61,955
n20_os0.9_r10_bimodal_06,n20_os0.9_r10_bimodal,instances/n20_os0.9_r10_bimodal/n20_os0.9_r10_bimodal_06.alb,20,2,10,bimodal,3292846808,0.9,0.9,68,774
n20_os0.9_r10_bimodal_07,n20_os0.9_r10_bimodal,instances/n20_os0.9_r10_bimodal/n20_os0.9_r10_bimodal_07.alb,20,2,10,bimodal,3007572558,0.9,0.9,68,787
n20_os0.9_r10_bimodal_08,n20_os0.9_r10_bimodal,instances/n20_os0.9_r10_bimodal/n20_os0.9_r10_bimodal_08.alb,20,2,10,bimodal,603781087,0.9,0.9158,57,666
n20_os0.9_r10_bimodal_09,n20_os0.9_r10_bimodal,instances/n20_os0.9_r10_bimodal/n20_os0.9_r10_bimodal_09.alb,20,2,10,bimodal,1425786697,0.9,0.9105,63,448
n20_os0.9_r10_bimodal_10,n20_os0.9_r10_bimodal,instances/n20_os0.9_r10_bimodal/n20_os0.9_r10_bimodal_10.alb,20,2,10,bimodal,861296602,0.9,0.9053,75,652
n20_os0.9_r10_bimodal_11,n20_os0.9_r10_bimodal,instances/n20_os0.9_r10_bimodal/n20_os0.9_r10_bimodal_11.alb,20,2,10,bimodal,1146185548,0.9,0.9,69,390
n20_os0.9_r10_bimodal_12,n20_os0.9_r10_bimodal,instances/n20_os0.9_r10_bimodal/n20_os0.9_r10_bimodal_12.alb,20,2,10,bimodal,3713545974,0.9,0.9,70,796
n20_os0.9_r10_bimodal_13,n20_os0.9_r10_bimodal,instances/n20_os0.9_r10_bimodal/n20_os0.9_r10_bimodal_13.alb,20,2,10,bimodal,2858354272,0.9,0.9105,69,545
n20_os0.9_r10_bimodal_14,n20_os0.9_r10_bimodal,instances/n20_os0.9_r10_bimodal/n20_os0.9_r10_bimodal_14.alb,20,2,10,bimodal,876319683,0.9,0.9,56,560
n20_os0.9_r10_bimodal_15,n20_os0.9_r10_bimodal,instances/n20_os0.9_r10_bimodal/n20_os0.9_r10_bimodal_15.alb,20,2,10,bimodal,1128047445,0.9,0.9105,68,615
n20_os0.9_r10_bimodal_16,n20_os0.9_r10_bimodal,instances/n20_os0.9_r10_bimodal/n20_os0.9_r10_bimodal_16.alb,20,2,10,bimodal,3660968687,0.9,0.9,67,637
n20_os0.9_r10_bimodal_17,n20_os0.9_r10_bimodal,instances/n20_os0.9_r10_bimodal/n20_os0.9_r10_bimodal_17.alb,20,2,10,bimodal,2905784953,0.9,0.9,52,596
n20_os0.9_r10_bimodal_18,n20_os0.9_r10_bimodal,instances/n20_os0.9_r10_bimodal/n20_os0.9_r10_bimodal_18.alb,20,2,10,bimodal,1032708072,0.9,0.9053,69,438
n20_os0.9_r10_bimodal_19,n20_os0.9_r10_bimodal,instances/n20_os0.9_r10_bimodal/n20_os0.9_r10_bimodal_19.alb,20,2,10,bimodal,1250619262,0.9,0.9158,75,429
n20_os0.9_r10_bimodal_20,n20_os0.9_r10_bimodal,instances/n20_os0.9_r10_bimodal/n20_os0.9_r10_bimodal_20.alb,20,2,10,bimodal,410715161,0.9,0.9053,64,451
n20_os0.9_r10_bimodal_21,n20_os0.9_r10_bimodal,instances/n20_os0.9_r10_bimodal/n20_os0.9_r10_bimodal_21.alb,20,2,10,bimodal,1870410895,0.9,0.9,56,576
n20_os0.9_r10_bimodal_22,n20_os0.9_r10_bimodal,instances/n20_os0.9_r10_bimodal/n20_os0.9_r10_bimodal_22.alb,20,2,10,bimodal,4134888757,0.9,0.9158,60,617
n20_os0.9_r10_bimodal_23,n20_os0.9_r10_bimodal,instances/n20_os0.9_r10_bimodal/n20_os0.9_r10_bimodal_23.alb,20,2,10,bimodal,2171753891,0.9,0.9053,65,691
n20_os0.9_r10_bimodal_24,n20_os0.9_r10_bimodal,instances/n20_os0.9_r10_bimodal/n20_os0.9_r10_bimodal_24.alb,20,2,10,bimodal,521584640,0.9,0.9,53,781
n50_os0.2_r3_uniform_00,n50_os0.2_r3_uniform,instances/n50_os0.2_r3_uniform/n50_os0.2_r3_uniform_00.alb,50,17,3,uniform,399656988,0.2,0.2041,80,2531
n50_os0.2_r3_uniform_01,n50_os0.2_r3_uniform,instances/n50_os0.2_r3_uniform/n50_os0.2_r3_uniform_01.alb,50,17,3,uniform,1624602762,0.2,0.2024,83,2475
n50_os0.2_r3_uniform_02,n50_os0.2_r3_uniform,instances/n50_os0.2_r3_uniform/n50_os0.2_r3_uniform_02.alb,50,17,3,uniform,4191955248,0.2,0.2008,77,2514
n50_os0.2_r3_uniform_03,n50_os0.2_r3_uniform,instances/n50_os0.2_r3_uniform/n50_os0.2_r3_uniform_03.alb,50,17,3,uniform,2396723622,0.2,0.2065,85,2544
n50_os0.2_r3_uniform_04,n50_os0.2_r3_uniform,instances/n50_os0.2_r3_uniform/n50_os0.2_r3_uniform_04.alb,50,17,3,uniform,280988677,0.2,0.2057,85,2793
n50_os0.2_r3_uniform_05,n50_os0.2_r3_uniform,instances/n50_os0.2_r3_uniform/n50_os0.2_r3_uniform_05.alb,50,17,3,uniform,1740160147,0.2,0.2139,75,2543
n50_os0.2_r3_uniform_06,n50_os0.2_r3_uniform,instances/n50_os0.2_r3_uniform/n50_os0.2_r3_uniform_06.alb,50,17,3,uniform,4273073449,0.2,0.2,87,2844
n50_os0.2_r3_uniform_07,n50_os0.2_r3_uniform,instances/n50_os0.2_r3_uniform/n50_os0.2_r3_uniform_07.alb,50,17,3,uniform,2310462911,0.2,0.218,80,2498
n50_os0.2_r3_uniform_08,n50_os0.2_r3_uniform,instances/n50_os0.2_r3_uniform/n50_os0.2_r3_uniform_08.alb,50,17,3,uniform,420069422,0.2,0.2033,83,2687
n50_os0.2_r3_uniform_09,n50_os0.2_r3_uniform,instances/n50_os0.2_r3_uniform/n50_os0.2_r3_uniform_09.alb,50,17,3,uniform,1846472888,0.2,0.2098,86,2222
n50_os0.2_r3_uniform_10,n50_os0.2_r3_uniform,instances/n50_os0.2_r3_uniform/n50_os0.2_r3_uniform_10.alb,50,17,3,uniform,4191576167,0.2,0.2098,72,2710
n50_os0.2_r3_uniform_11,n50_os0.2_r3_uniform,instances/n50_os0.2_r3_uniform/n50_os0.2_r3_uniform_11.alb,50,17,3,uniform,2396082417,0.2,0.2016,88,2521
n50_os0.2_r3_uniform_12,n50_os0.2_r3_uniform,instances/n50_os0.2_r3_uniform/n50_os0.2_r3_uniform_12.alb,50,17,3,uniform,400032075,0.2,0.2008,100,2606
n50_os0.2_r3_uniform_13,n50_os0.2_r3_uniform,instances/n50_os0.2_r3_uniform/n50_os0.2_r3_uniform_13.alb,50,17,3,uniform,1625240029,0.2,0.2008,91,2495
n50_os0.2_r3_uniform_14,n50_os0.2_r3_uniform,instances/n50_os0.2_r3_uniform/n50_os0.2_r3_uniform_14.alb,50,17,3,uniform,4273710206,0.2,0.2,91,2764
n50_os0.2_r3_uniform_15,n50_os0.2_r3_uniform,instances/n50_os0.2_r3_uniform/n50_os0.2_r3_uniform_15.alb,50,17,3,uniform,2310837480,0.2,0.2,79,2719
n50_os0.2_r3_uniform_16,n50_os0.2_r3_uniform,instances/n50_os0.2_r3_uniform/n50_os0.2_r3_uniform_16.alb,50,17,3,uniform,280347986,0.2,0.2033,79,2412
n50_os0.2_r3_uniform_17,n50_os0.2_r3_uniform,instances/n50_os0.2_r3_uniform/n50_os0.2_r3_uniform_17.alb,50,17,3,uniform,1739781572,0.2,0.2,83,2330
n50_os0.2_r3_uniform_18,n50_os0.2_r3_uniform,instances/n50_os0.2_r3_uniform/n50_os0.2_r3_uniform_18.alb,50,17,3,uniform,4144883797,0.2,0.2008,91,2703
n50_os0.2_r3_uniform_19,n50_os0.2_r3_uniform,instances/n50_os0.2_r3_uniform/n50_os0.2_r3_uniform_19.alb,50,17,3,uniform,2148194499,0.2,0.2,82,2597
n50_os0.2_r3_uniform_20,n50_os0.2_r3_uniform,instances/n50_os0.2_r3_uniform/n50_os0.2_r3_uniform_20.alb,50,17,3,uniform,3539678116,0.2,0.2033,86,2624
n50_os0.2_r3_uniform_21,n50_os0.2_r3_uniform,instances/n50_os0.2_r3_uniform/n50_os0.2_r3_uniform_21.alb,50,17,3,uniform,2784756530,0.2,0.2,78,2446
n50_os0.2_r3_uniform_22,n50_os0.2_r3_uniform,instances/n50_os0.2_r3_uniform/n50_os0.2_r3_uniform_22.alb,50,17,3,uniform,1022710408,0.2,0.2057,77,2645
n50_os0.2_r3_uniform_23,n50_os0.2_r3_uniform,instances/n50_os0.2_r3_uniform/n50_os0.2_r3_uniform_23.alb,50,17,3,uniform,1274176030,0.2,0.2114,106,2827
n50_os0.2_r3_uniform_24,n50_os0.2_r3_uniform,instances/n50_os0.2_r3_uniform/n50_os0.2_r3_uniform_24.alb,50,17,3,uniform,3583440829,0.2,0.2,80,2864
n50_os0.2_r3_bimodal_00,n50_os0.2_r3_bimodal,instances/n50_os0.2_r3_bimodal/n50_os0.2_r3_bimodal_00.alb,50,17,3,bimodal,843626545,0.2,0.2024,89,1360
n50_os0.2_r3_bimodal_01,n50_os0.2_r3_bimodal,instances/n50_os0.2_r3_bimodal/n50_os0.2_r3_bimodal_01.alb,50,17,3,bimodal,1162840231,0.2,0.2073,78,1786
n50_os0.2_r3_bimodal_02,n50_os0.2_r3_bimodal,instances/n50_os0.2_r3_bimodal/n50_os0.2_r3_bimodal_02.alb,50,17,3,bimodal,3695630621,0.2,0.2016,92,1546
n50_os0.2_r3_bimodal_03,n50_os0.2_r3_bimodal,instances/n50_os0.2_r3_bimodal/n50_os0.2_r3_bimodal_03.alb,50,17,3,bimodal,2873223563,0.2,0.2,93,1834
n50_os0.2_r3_bimodal_04,n50_os0.2_r3_bimodal,instances/n50_os0.2_r3_bimodal/n50_os0.2_r3_bimodal_04.alb,50,17,3,bimodal,891649064,0.2,0.2057,92,1718
n50_os0.2_r3_bimodal_05,n50_os0.2_r3_bimodal,instances/n50_os0.2_r3_bimodal/n50_os0.2_r3_bimodal_05.alb,50,17,3,bimodal,1109544126,0.2,0.2049,85,1639
n50_os0.2_r3_bimodal_06,n50_os0.2_r3_bimodal,instances/n50_os0.2_r3_bimodal/n50_os0.2_r3_bimodal_06.alb,50,17,3,bimodal,3677035780,0.2,0.2065,90,1643
n50_os0.2_r3_bimodal_07,n50_os0.2_r3_bimodal,instances/n50_os0.2_r3_bimodal/n50_os0.2_r3_bimodal_07.alb,50,17,3,bimodal,2888576402,0.2,0.2033,78,1418
n50_os0.2_r3_bimodal_08,n50_os0.2_r3_bimodal,instances/n50_os0.2_r3_bimodal/n50_os0.2_r3_bimodal_08.alb,50,17,3,bimodal,1016279043,0.2,0.2082,74,1412
n50_os0.2_r3_bimodal_09,n50_os0.2_r3_bimodal,instances/n50_os0.2_r3_bimodal/n50_os0.2_r3_bimodal_09.alb,50,17,3,bimodal,1267990677,0.2,0.2008,90,1794
n50_os0.2_r3_bimodal_10,n50_os0.2_r3_bimodal,instances/n50_os0.2_r3_bimodal/n50_os0.2_r3_bimodal_10.alb,50,17,3,bimodal,3157042914,0.2,0.2098,84,1186
n50_os0.2_r3_bimodal_11,n50_os0.2_r3_bimodal,instances/n50_os0.2_r3_bimodal/n50_os0.2_r3_bimodal_11.alb,50,17,3,bimodal,3408631412,0.2,0.2033,79,1270
n50_os0.2_r3_bimodal_12,n50_os0.2_r3_bimodal,instances/n50_os0.2_r3_bimodal/n50_os0.2_r3_bimodal_12.alb,50,17,3,bimodal,1378011086,0.2,0.2057,79,1620
n50_os0.2_r3_bimodal_13,n50_os0.2_r3_bimodal,instances/n50_os0.2_r3_bimodal/n50_os0.2_r3_bimodal_13.alb,50,17,3,bimodal,623245144,0.2,0.2049,87,1451
n50_os0.2_r3_bimodal_14,n50_os0.2_r3_bimodal,instances/n50_os0.2_r3_bimodal/n50_os0.2_r3_bimodal_14.alb,50,17,3,bimodal,3141624571,0.2,0.2065,94,1813
n50_os0.2_r3_bimodal_15,n50_os0.2_r3_bimodal,instances/n50_os0.2_r3_bimodal/n50_os0.2_r3_bimodal_15.alb,50,17,3,bimodal,3427160685,0.2,0.2024,86,1493
n50_os0.2_r3_bimodal_16,n50_os0.2_r3_bimodal,instances/n50_os0.2_r3_bimodal/n50_os0.2_r3_bimodal_16.alb,50,17,3,bimodal,1431241687,0.2,0.2082,85,1838
n50_os0.2_r3_bimodal_17,n50_os0.2_r3_bimodal,instances/n50_os0.2_r3_bimodal/n50_os0.2_r3_bimodal_17.alb,50,17,3,bimodal,575157057,0.2,0.2033,82,1502
n50_os0.2_r3_bimodal_18,n50_os0.2_r3_bimodal,instances/n50_os0.2_r3_bimodal/n50_os0.2_r3_bimodal_18.alb,50,17,3,bimodal,3002543824,0.2,0.2024,82,1426
n50_os0.2_r3_bimodal_19,n50_os0.2_r3_bimodal,instances/n50_os0.2_r3_bimodal/n50_os0.2_r3_bimodal_19.alb,50,17,3,bimodal,3320847942,0.2,0.2,78,1663
n50_os0.2_r3_bimodal_20,n50_os0.2_r3_bimodal,instances/n50_os0.2_r3_bimodal/n50_os0.2_r3_bimodal_20.alb,50,17,3,bimodal,2533487905,0.2,0.2024,83,1750
n50_os0.2_r3_bimodal_21,n50_os0.2_r3_bimodal,instances/n50_os0.2_r3_bimodal/n50_os0.2_r3_bimodal_21.alb,50,17,3,bimodal,3758540215,0.2,0.2008,86,1665
n50_os0.2_r3_bimodal_22,n50_os0.2_r3_bimodal,instances/n50_os0.2_r3_bimodal/n50_os0.2_r3_bimodal_22.alb,50,17,3,bimodal,2031064077,0.2,0.2041,86,1412
n50_os0.2_r3_bimodal_23,n50_os0.2_r3_bimodal,instances/n50_os0.2_r3_bimodal/n50_os0.2_r3_bimodal_23.alb,50,17,3,bimodal,235447451,0.2,0.2114,80,1638
n50_os0.2_r3_bimodal_24,n50_os0.2_r3_bimodal,instances/n50_os0.2_r3_bimodal/n50_os0.2_r3_bimodal_24.alb,50,17,3,bimodal,2423009592,0.2,0.2,85,1075
n50_os0.2_r6_uniform_00,n50_os0.2_r6_uniform,instances/n50_os0.2_r6_uniform/n50_os0.2_r6_uniform_00.alb,50,8,6,uniform,1720050782,0.2,0.2008,85,2909
n50_os0.2_r6_uniform_01,n50_os0.2_r6_uniform,instances/n50_os0.2_r6_uniform/n50_os0.2_r6_uniform_01.alb,50,8,6,uniform,293786824,0.2,0.2073,74,2299
n50_os0.2_r6_uniform_02,n50_os0.2_r6_uniform,instances/n50_os0.2_r6_uniform/n50_os0.2_r6_uniform_02.alb,50,8,6,uniform,2290845042,0.2,0.2049,64,2588
n50_os0.2_r6_uniform_03,n50_os0.2_r6_uniform,instances/n50_os0.2_r6_uniform/n50_os0.2_r6_uniform_03.alb,50,8,6,uniform,4287411684,0.2,0.2016,85,2899
n50_os0.2_r6_uniform_04,n50_os0.2_r6_uniform,instances/n50_os0.2_r6_uniform/n50_os0.2_r6_uniform_04.alb,50,8,6,uniform,1642602567,0.2,0.2016,79,2341
n50_os0.2_r6_uniform_05,n50_os0.2_r6_uniform,instances/n50_os0.2_r6_uniform/n50_os0.2_r6_uniform_05.alb,50,8,6,uniform,384766161,0.2,0.2,76,2436
n50_os0.2_r6_uniform_06,n50_os0.2_r6_uniform,instances/n50_os0.2_r6_uniform/n50_os0.2_r6_uniform_06.alb,50,8,6,uniform,2414231915,0.2,0.2,84,2602
n50_os0.2_r6_uniform_07,n50_os0.2_r6_uniform,instances/n50_os0.2_r6_uniform/n50_os0.2_r6_uniform_07.alb,50,8,6,uniform,4175524349,0.2,0.2082,90,2523
n50_os0.2_r6_uniform_08,n50_os0.2_r6_uniform,instances/n50_os0.2_r6_uniform/n50_os0.2_r6_uniform_08.alb,50,8,6,uniform,1751018604,0.2,0.2114,74,2765
n50_os0.2_r6_uniform_09,n50_os0.2_r6_uniform,instances/n50_os0.2_r6_uniform/n50_os0.2_r6_uniform_09.alb,50,8,6,uniform,525950202,0.2,0.2033,83,2128
n50_os0.2_r6_uniform_10,n50_os0.2_r6_uniform,instances/n50_os0.2_r6_uniform/n50_os0.2_r6_uniform_10.alb,50,8,6,uniform,1635063671,0.2,0.2033,91,2507
n50_os0.2_r6_uniform_11,n50_os0.2_r6_uniform,instances/n50_os0.2_r6_uniform/n50_os0.2_r6_uniform_11.alb,50,8,6,uniform,376580065,0.2,0.2,83,2153
n50_os0.2_r6_uniform_12,n50_os0.2_r6_uniform,instances/n50_os0.2_r6_uniform/n50_os0.2_r6_uniform_12.alb,50,8,6,uniform,2407233115,0.2,0.2016,84,2647
n50_os0.2_r6_uniform_13,n50_os0.2_r6_uniform,instances/n50_os0.2_r6_uniform/n50_os0.2_r6_uniform_13.alb,50,8,6,uniform,4168894157,0.2,0.2,83,2451
n50_os0.2_r6_uniform_14,n50_os0.2_r6_uniform,instances/n50_os0.2_r6_uniform/n50_os0.2_r6_uniform_14.alb,50,8,6,uniform,1712903022,0.2,0.2122,87,2692
n50_os0.2_r6_uniform_15,n50_os0.2_r6_uniform,instances/n50_os0.2_r6_uniform/n50_os0.2_r6_uniform_15.alb,50,8,6,uniform,287302648,0.2,0.2008,98,2364
n50_os0.2_r6_uniform_16,n50_os0.2_r6_uniform,instances/n50_os0.2_r6_uniform/n50_os0.2_r6_uniform_16.alb,50,8,6,uniform,2283188802,0.2,0.2073,89,2697
n50_os0.2_r6_uniform_17,n50_os0.2_r6_uniform,instances/n50_os0.2_r6_uniform/n50_os0.2_r6_uniform_17.alb,50,8,6,uniform,4279337684,0.2,0.2033,83,2703
n50_os0.2_r6_uniform_18,n50_os0.2_r6_uniform,instances/n50_os0.2_r6_uniform/n50_os0.2_r6_uniform_18.alb,50,8,6,uniform,1873715013,0.2,0.2122,92,2463
n50_os0.2_r6_uniform_19,n50_os0.2_r6_uniform,instances/n50_os0.2_r6_uniform/n50_os0.2_r6_uniform_19.alb,50,8,6,uniform,413773779,0.2,0.2024,98,2660
n50_os0.2_r6_uniform_20,n50_os0.2_r6_uniform,instances/n50_os0.2_r6_uniform/n50_os0.2_r6_uniform_20.alb,50,8,6,uniform,1247298740,0.2,0.2057,97,2468
n50_os0.2_r6_uniform_21,n50_os0.2_r6_uniform,instances/n50_os0.2_r6_uniform/n50_os0.2_r6_uniform_21.alb,50,8,6,uniform,1029665826,0.2,0.2163,93,2345
n50_os0.2_r6_uniform_22,n50_os0.2_r6_uniform,instances/n50_os0.2_r6_uniform/n50_os0.2_r6_uniform_22.alb,50,8,6,uniform,2757109144,0.2,0.2033,71,2437
n50_os0.2_r6_uniform_23,n50_os0.2_r6_uniform,instances/n50_os0.2_r6_uniform/n50_os0.2_r6_uniform_23.alb,50,8,6,uniform,3545306382,0.2,0.2024,90,2600
n50_os0.2_r6_uniform_24,n50_os0.2_r6_uniform,instances/n50_os0.2_r6_uniform/n50_os0.2_r6_uniform_24.alb,50,8,6,uniform,1295351981,0.2,0.2008,81,2774
n50_os0.2_r6_bimodal_00,n50_os0.2_r6_bimodal,instances/n50_os0.2_r6_bimodal/n50_os0.2_r6_bimodal_00.alb,50,8,6,bimodal,1126110323,0.2,0.2049,91,1871
n50_os0.2_r6_bimodal_01,n50_os0.2_r6_bimodal,instances/n50_os0.2_r6_bimodal/n50_os0.2_r6_bimodal_01.alb,50,8,6,bimodal,873997541,0.2,0.2,89,2189
n50_os0.2_r6_bimodal_02,n50_os0.2_r6_bimodal,instances/n50_os0.2_r6_bimodal/n50_os0.2_r6_bimodal_02.alb,50,8,6,bimodal,2903602527,0.2,0.2008,76,1470
n50_os0.2_r6_bimodal_03,n50_os0.2_r6_bimodal,instances/n50_os0.2_r6_bimodal/n50_os0.2_r6_bimodal_03.alb,50,8,6,bimodal,3658892745,0.2,0.2196,90,1378
n50_os0.2_r6_bimodal_04,n50_os0.2_r6_bimodal,instances/n50_os0.2_r6_bimodal/n50_os0.2_r6_bimodal_04.alb,50,8,6,bimodal,1148375146,0.2,0.2016,82,1642
n50_os0.2_r6_bimodal_05,n50_os0.2_r6_bimodal,instances/n50_os0.2_r6_bimodal/n50_os0.2_r6_bimodal_05.alb,50,8,6,bimodal,863363324,0.2,0.2016,89,1543
n50_os0.2_r6_bimodal_06,n50_os0.2_r6_bimodal,instances/n50_os0.2_r6_bimodal/n50_os0.2_r6_bimodal_06.alb,50,8,6,bimodal,2860298566,0.2,0.2073,74,1603
n50_os0.2_r6_bimodal_07,n50_os0.2_r6_bimodal,instances/n50_os0.2_r6_bimodal/n50_os0.2_r6_bimodal_07.alb,50,8,6,bimodal,3715858896,0.2,0.2041,86,1491
n50_os0.2_r6_bimodal_08,n50_os0.2_r6_bimodal,instances/n50_os0.2_r6_bimodal/n50_os0.2_r6_bimodal_08.alb,50,8,6,bimodal,1304730689,0.2,0.2098,67,1027
n50_os0.2_r6_bimodal_09,n50_os0.2_r6_bimodal,instances/n50_os0.2_r6_bimodal/n50_os0.2_r6_bimodal_09.alb,50,8,6,bimodal,985902295,0.2,0.2041,93,1697
n50_os0.2_r6_bimodal_10,n50_os0.2_r6_bimodal,instances/n50_os0.2_r6_bimodal/n50_os0.2_r6_bimodal_10.alb,50,8,6,bimodal,613405170,0.2,0.2,77,1397
n50_os0.2_r6_bimodal_11,n50_os0.2_r6_bimodal,instances/n50_os0.2_r6_bimodal/n50_os0.2_r6_bimodal_11.alb,50,8,6,bimodal,1401479524,0.2,0.2,79,1313
n50_os0.2_r6_bimodal_12,n50_os0.2_r6_bimodal,instances/n50_os0.2_r6_bimodal/n50_os0.2_r6_bimodal_12.alb,50,8,6,bimodal,3397497054,0.2,0.2016,67,1473
n50_os0.2_r6_bimodal_13,n50_os0.2_r6_bimodal,instances/n50_os0.2_r6_bimodal/n50_os0.2_r6_bimodal_13.alb,50,8,6,bimodal,3179708488,0.2,0.2057,75,1503
n50_os0.2_r6_bimodal_14,n50_os0.2_r6_bimodal,instances/n50_os0.2_r6_bimodal/n50_os0.2_r6_bimodal_14.alb,50,8,6,bimodal,602019307,0.2,0.2033,93,1358
n50_os0.2_r6_bimodal_15,n50_os0.2_r6_bimodal,instances/n50_os0.2_r6_bimodal/n50_os0.2_r6_bimodal_15.alb,50,8,6,bimodal,1424303485,0.2,0.2016,91,1482
n50_os0.2_r6_bimodal_16,n50_os0.2_r6_bimodal,instances/n50_os0.2_r6_bimodal/n50_os0.2_r6_bimodal_16.alb,50,8,6,bimodal,3454825671,0.2,0.2033,79,1701
n50_os0.2_r6_bimodal_17,n50_os0.2_r6_bimodal,instances/n50_os0.2_r6_bimodal/n50_os0.2_r6_bimodal_17.alb,50,8,6,bimodal,3135980625,0.2,0.2016,87,1149
n50_os0.2_r6_bimodal_18,n50_os0.2_r6_bimodal,instances/n50_os0.2_r6_bimodal/n50_os0.2_r6_bimodal_18.alb,50,8,6,bimodal,710171072,0.2,0.2024,83,1365
n50_os0.2_r6_bimodal_19,n50_os0.2_r6_bimodal,instances/n50_os0.2_r6_bimodal/n50_os0.2_r6_bimodal_19.alb,50,8,6,bimodal,1565747542,0.2,0.2,88,1710
n50_os0.2_r6_bimodal_20,n50_os0.2_r6_bimodal,instances/n50_os0.2_r6_bimodal/n50_os0.2_r6_bimodal_20.alb,50,8,6,bimodal,262308401,0.2,0.2082,94,1553
n50_os0.2_r6_bimodal_21,n50_os0.2_r6_bimodal,instances/n50_os0.2_r6_bimodal/n50_os0.2_r6_bimodal_21.alb,50,8,6,bimodal,2024125095,0.2,0.2016,87,1565
n50_os0.2_r6_bimodal_22,n50_os0.2_r6_bimodal,instances/n50_os0.2_r6_bimodal/n50_os0.2_r6_bimodal_22.alb,50,8,6,bimodal,3786203933,0.2,0.2008,86,1497
n50_os0.2_r6_bimodal_23,n50_os0.2_r6_bimodal,instances/n50_os0.2_r6_bimodal/n50_os0.2_r6_bimodal_23.alb,50,8,6,bimodal,2527843211,0.2,0.2033,83,1992
n50_os0.2_r6_bimodal_24,n50_os0.2_r6_bimodal,instances/n50_os0.2_r6_bimodal/n50_os0.2_r6_bimodal_24.alb,50,8,6,bimodal,147801640,0.2,0.2,81,1320
n50_os0.2_r10_uniform_00,n50_os0.2_r10_uniform,instances/n50_os0.2_r10_uniform/n50_os0.2_r10_uniform_00.alb,50,5,10,uniform,3012564862,0.2,0.2057,80,2060
n50_os0.2_r10_uniform_01,n50_os0.2_r10_uniform,instances/n50_os0.2_r10_uniform/n50_os0.2_r10_uniform_01.alb,50,5,10,uniform,3298240488,0.2,0.2,78,2395
n50_os0.2_r10_uniform_02,n50_os0.2_r10_uniform,instances/n50_os0.2_r10_uniform/n50_os0.2_r10_uniform_02.alb,50,5,10,uniform,1570666066,0.2,0.2008,73,2692
n50_os0.2_r10_uniform_03,n50_os0.2_r10_uniform,instances/n50_os0.2_r10_uniform/n50_os0.2_r10_uniform_03.alb,50,5,10,uniform,714688196,0.2,0.2049,83,2488
n50_os0.2_r10_uniform_04,n50_os0.2_r10_uniform,instances/n50_os0.2_r10_uniform/n50_os0.2_r10_uniform_04.alb,50,5,10,uniform,3036533607,0.2,0.2114,92,2686
n50_os0.2_r10_uniform_05,n50_os0.2_r10_uniform,instances/n50_os0.2_r10_uniform/n50_os0.2_r10_uniform_05.alb,50,5,10,uniform,3287999473,0.2,0.2065,83,2711
n50_os0.2_r10_uniform_06,n50_os0.2_r10_uniform,instances/n50_os0.2_r10_uniform/n50_os0.2_r10_uniform_06.alb,50,5,10,uniform,1525920331,0.2,0.2024,92,2646
n50_os0.2_r10_uniform_07,n50_os0.2_r10_uniform,instances/n50_os0.2_r10_uniform/n50_os0.2_r10_uniform_07.alb,50,5,10,uniform,770999005,0.2,0.2,91,2642
n50_os0.2_r10_uniform_08,n50_os0.2_r10_uniform,instances/n50_os0.2_r10_uniform/n50_os0.2_r10_uniform_08.alb,50,5,10,uniform,3175849804,0.2,0.2122,91,2580
n50_os0.2_r10_uniform_09,n50_os0.2_r10_uniform,instances/n50_os0.2_r10_uniform/n50_os0.2_r10_uniform_09.alb,50,5,10,uniform,3394023386,0.2,0.2024,96,2387
n50_os0.2_r10_uniform_10,n50_os0.2_r10_uniform,instances/n50_os0.2_r10_uniform/n50_os0.2_r10_uniform_10.alb,50,5,10,uniform,1523458636,0.2,0.2,77,2368
n50_os0.2_r10_uniform_11,n50_os0.2_r10_uniform,instances/n50_os0.2_r10_uniform/n50_os0.2_r10_uniform_11.alb,50,5,10,uniform,768152282,0.2,0.2008,81,2414
n50_os0.2_r10_uniform_12,n50_os0.2_r10_uniform,instances/n50_os0.2_r10_uniform/n50_os0.2_r10_uniform_12.alb,50,5,10,uniform,3032499040,0.2,0.2,77,2627
n50_os0.2_r10_uniform_13,n50_os0.2_r10_uniform,instances/n50_os0.2_r10_uniform/n50_os0.2_r10_uniform_13.alb,50,5,10,uniform,3284628470,0.2,0.209,73,2463
n50_os0.2_r10_uniform_14,n50_os0.2_r10_uniform,instances/n50_os0.2_r10_uniform/n50_os0.2_r10_uniform_14.alb,50,5,10,uniform,1571022421,0.2,0.2065,79,2706
n50_os0.2_r10_uniform_15,n50_os0.2_r10_uniform,instances/n50_os0.2_r10_uniform/n50_os0.2_r10_uniform_15.alb,50,5,10,uniform,715445955,0.2,0.2073,78,2491
n50_os0.2_r10_uniform_16,n50_os0.2_r10_uniform,instances/n50_os0.2_r10_uniform/n50_os0.2_r10_uniform_16.alb,50,5,10,uniform,3014494073,0.2,0.2049,82,2497
n50_os0.2_r10_uniform_17,n50_os0.2_r10_uniform,instances/n50_os0.2_r10_uniform/n50_os0.2_r10_uniform_17.alb,50,5,10,uniform,3299522543,0.2,0.2065,88,2520
n50_os0.2_r10_uniform_18,n50_os0.2_r10_uniform,instances/n50_os0.2_r10_uniform/n50_os0.2_r10_uniform_18.alb,50,5,10,uniform,1410706046,0.2,0.2122,89,2355
n50_os0.2_r10_uniform_19,n50_os0.2_r10_uniform,instances/n50_os0.2_r10_uniform/n50_os0.2_r10_uniform_19.alb,50,5,10,uniform,588421864,0.2,0.2041,81,2569
n50_os0.2_r10_uniform_20,n50_os0.2_r10_uniform,instances/n50_os0.2_r10_uniform/n50_os0.2_r10_uniform_20.alb,50,5,10,uniform,1910731151,0.2,0.2049,84,2802
n50_os0.2_r10_uniform_21,n50_os0.2_r10_uniform,instances/n50_os0.2_r10_uniform/n50_os0.2_r10_uniform_21.alb,50,5,10,uniform,115622169,0.2,0.2122,80,2782
n50_os0.2_r10_uniform_22,n50_os0.2_r10_uniform,instances/n50_os0.2_r10_uniform/n50_os0.2_r10_uniform_22.alb,50,5,10,uniform,2683113635,0.2,0.2024,83,2428
n50_os0.2_r10_uniform_23,n50_os0.2_r10_uniform,instances/n50_os0.2_r10_uniform/n50_os0.2_r10_uniform_23.alb,50,5,10,uniform,3907657781,0.2,0.2131,90,2684
n50_os0.2_r10_uniform_24,n50_os0.2_r10_uniform,instances/n50_os0.2_r10_uniform/n50_os0.2_r10_uniform_24.alb,50,5,10,uniform,1989064086,0.2,0.2033,83,2547
n50_os0.2_r10_bimodal_00,n50_os0.2_r10_bimodal,instances/n50_os0.2_r10_bimodal/n50_os0.2_r10_bimodal_00.alb,50,5,10,bimodal,2517296979,0.2,0.2016,75,1903
n50_os0.2_r10_bimodal_01,n50_os0.2_r10_bimodal,instances/n50_os0.2_r10_bimodal/n50_os0.2_r10_bimodal_01.alb,50,5,10,bimodal,3775780805,0.2,0.2073,92,1698
n50_os0.2_r10_bimodal_02,n50_os0.2_r10_bimodal,instances/n50_os0.2_r10_bimodal/n50_os0.2_r10_bimodal_02.alb,50,5,10,bimodal,2013562495,0.2,0.2024,87,1291
n50_os0.2_r10_bimodal_03,n50_os0.2_r10_bimodal,instances/n50_os0.2_r10_bimodal/n50_os0.2_r10_bimodal_03.alb,50,5,10,bimodal,251901673,0.2,0.2016,77,1265
n50_os0.2_r10_bimodal_04,n50_os0.2_r10_bimodal,instances/n50_os0.2_r10_bimodal/n50_os0.2_r10_bimodal_04.alb,50,5,10,bimodal,2439455562,0.2,0.2008,87,1375
n50_os0.2_r10_bimodal_05,n50_os0.2_r10_bimodal,instances/n50_os0.2_r10_bimodal/n50_os0.2_r10_bimodal_05.alb,50,5,10,bimodal,3865056220,0.2,0.2033,95,1426
n50_os0.2_r10_bimodal_06,n50_os0.2_r10_bimodal,instances/n50_os0.2_r10_bimodal/n50_os0.2_r10_bimodal_06.alb,50,5,10,bimodal,2137604710,0.2,0.2,86,1818
n50_os0.2_r10_bimodal_07,n50_os0.2_r10_bimodal,instances/n50_os0.2_r10_bimodal/n50_os0.2_r10_bimodal_07.alb,50,5,10,bimodal,141456112,0.2,0.2024,73,1481
n50_os0.2_r10_bimodal_08,n50_os0.2_r10_bimodal,instances/n50_os0.2_r10_bimodal/n50_os0.2_r10_bimodal_08.alb,50,5,10,bimodal,2563862369,0.2,0.2016,79,1372
n50_os0.2_r10_bimodal_09,n50_os0.2_r10_bimodal,instances/n50_os0.2_r10_bimodal/n50_os0.2_r10_bimodal_09.alb,50,5,10,bimodal,4023803895,0.2,0.2,102,1271
n50_os0.2_r10_bimodal_10,n50_os0.2_r10_bimodal,instances/n50_os0.2_r10_bimodal/n50_os0.2_r10_bimodal_10.alb,50,5,10,bimodal,523560137,0.2,0.2016,72,1241
n50_os0.2_r10_bimodal_11,n50_os0.2_r10_bimodal,instances/n50_os0.2_r10_bimodal/n50_os0.2_r10_bimodal_11.alb,50,5,10,bimodal,1748227167,0.2,0.2008,93,1499
n50_os0.2_r10_bimodal_12,n50_os0.2_r10_bimodal,instances/n50_os0.2_r10_bimodal/n50_os0.2_r10_bimodal_12.alb,50,5,10,bimodal,4047144421,0.2,0.2016,90,1480
n50_os0.2_r10_bimodal_13,n50_os0.2_r10_bimodal,instances/n50_os0.2_r10_bimodal/n50_os0.2_r10_bimodal_13.alb,50,5,10,bimodal,2252191091,0.2,0.2,89,1533
n50_os0.2_r10_bimodal_14,n50_os0.2_r10_bimodal,instances/n50_os0.2_r10_bimodal/n50_os0.2_r10_bimodal_14.alb,50,5,10,bimodal,408494288,0.2,0.2057,98,1515
n50_os0.2_r10_bimodal_15,n50_os0.2_r10_bimodal,instances/n50_os0.2_r10_bimodal/n50_os0.2_r10_bimodal_15.alb,50,5,10,bimodal,1868435526,0.2,0.2033,76,1617
n50_os0.2_r10_bimodal_16,n50_os0.2_r10_bimodal,instances/n50_os0.2_r10_bimodal/n50_os0.2_r10_bimodal_16.alb,50,5,10,bimodal,4132913660,0.2,0.2016,79,1424
n50_os0.2_r10_bimodal_17,n50_os0.2_r10_bimodal,instances/n50_os0.2_r10_bimodal/n50_os0.2_r10_bimodal_17.alb,50,5,10,bimodal,2169532778,0.2,0.2008,83,1338
n50_os0.2_r10_bimodal_18,n50_os0.2_r10_bimodal,instances/n50_os0.2_r10_bimodal/n50_os0.2_r10_bimodal_18.alb,50,5,10,bimodal,300903675,0.2,0.2041,96,1713
n50_os0.2_r10_bimodal_19,n50_os0.2_r10_bimodal,instances/n50_os0.2_r10_bimodal/n50_os0.2_r10_bimodal_19.alb,50,5,10,bimodal,1726504045,0.2,0.2041,80,2005
n50_os0.2_r10_bimodal_20,n50_os0.2_r10_bimodal,instances/n50_os0.2_r10_bimodal/n50_os0.2_r10_bimodal_20.alb,50,5,10,bimodal,874100490,0.2,0.2008,87,1365
n50_os0.2_r10_bimodal_21,n50_os0.2_r10_bimodal,instances/n50_os0.2_r10_bimodal/n50_os0.2_r10_bimodal_21.alb,50,5,10,bimodal,1126074268,0.2,0.2,74,1445
n50_os0.2_r10_bimodal_22,n50_os0.2_r10_bimodal,instances/n50_os0.2_r10_bimodal/n50_os0.2_r10_bimodal_22.alb,50,5,10,bimodal,3658995238,0.2,0.2024,86,1346
n50_os0.2_r10_bimodal_23,n50_os0.2_r10_bimodal,instances/n50_os0.2_r10_bimodal/n50_os0.2_r10_bimodal_23.alb,50,5,10,bimodal,2903566000,0.2,0.2008,77,1842
n50_os0.2_r10_bimodal_24,n50_os0.2_r10_bimodal,instances/n50_os0.2_r10_bimodal/n50_os0.2_r10_bimodal_24.alb,50,5,10,bimodal,863269651,0.2,0.2,90,1381
n50_os0.6_r3_uniform_00,n50_os0.6_r3_uniform,instances/n50_os0.6_r3_uniform/n50_os0.6_r3_uniform_00.alb,50,17,3,uniform,243189511,0.6,0.6016,177,2468
n50_os0.6_r3_uniform_01,n50_os0.6_r3_uniform,instances/n50_os0.6_r3_uniform/n50_os0.6_r3_uniform_01.alb,50,17,3,uniform,2038036369,0.6,0.6,153,2684
n50_os0.6_r3_uniform_02,n50_os0.6_r3_uniform,instances/n50_os0.6_r3_uniform/n50_os0.6_r3_uniform_02.alb,50,17,3,uniform,3765478955,0.6,0.6008,150,2595
n50_os0.6_r3_uniform_03,n50_os0.6_r3_uniform,instances/n50_os0.6_r3_uniform/n50_os0.6_r3_uniform_03.alb,50,17,3,uniform,2541196989,0.6,0.6171,171,2397
n50_os0.6_r3_uniform_04,n50_os0.6_r3_uniform,instances/n50_os0.6_r3_uniform/n50_os0.6_r3_uniform_04.alb,50,17,3,uniform,152240926,0.6,0.6049,145,2759
n50_os0.6_r3_uniform_05,n50_os0.6_r3_uniform,instances/n50_os0.6_r3_uniform/n50_os0.6_r3_uniform_05.alb,50,17,3,uniform,2115253128,0.6,0.6016,149,2443
n50_os0.6_r3_uniform_06,n50_os0.6_r3_uniform,instances/n50_os0.6_r3_uniform/n50_os0.6_r3_uniform_06.alb,50,17,3,uniform,3877462578,0.6,0.6,159,2842
n50_os0.6_r3_uniform_07,n50_os0.6_r3_uniform,instances/n50_os0.6_r3_uniform/n50_os0.6_r3_uniform_07.alb,50,17,3,uniform,2417644196,0.6,0.6,158,2474
n50_os0.6_r3_uniform_08,n50_os0.6_r3_uniform,instances/n50_os0.6_r3_uniform/n50_os0.6_r3_uniform_08.alb,50,17,3,uniform,10833717,0.6,0.6008,164,2526
n50_os0.6_r3_uniform_09,n50_os0.6_r3_uniform,instances/n50_os0.6_r3_uniform/n50_os0.6_r3_uniform_09.alb,50,17,3,uniform,2007138211,0.6,0.6033,185,2416
n50_os0.6_r3_uniform_10,n50_os0.6_r3_uniform,instances/n50_os0.6_r3_uniform/n50_os0.6_r3_uniform_10.alb,50,17,3,uniform,1940522244,0.6,0.6016,154,2256
n50_os0.6_r3_uniform_11,n50_os0.6_r3_uniform,instances/n50_os0.6_r3_uniform/n50_os0.6_r3_uniform_11.alb,50,17,3,uniform,78460306,0.6,0.6008,158,2271
n50_os0.6_r3_uniform_12,n50_os0.6_r3_uniform,instances/n50_os0.6_r3_uniform/n50_os0.6_r3_uniform_12.alb,50,17,3,uniform,2644796456,0.6,0.6,155,2817
n50_os0.6_r3_uniform_13,n50_os0.6_r3_uniform,instances/n50_os0.6_r3_uniform/n50_os0.6_r3_uniform_13.alb,50,17,3,uniform,3936572606,0.6,0.6,142,2440
n50_os0.6_r3_uniform_14,n50_os0.6_r3_uniform,instances/n50_os0.6_r3_uniform/n50_os0.6_r3_uniform_14.alb,50,17,3,uniform,1959248157,0.6,0.6041,161,2257
n50_os0.6_r3_uniform_15,n50_os0.6_r3_uniform,instances/n50_os0.6_r3_uniform/n50_os0.6_r3_uniform_15.alb,50,17,3,uniform,62976395,0.6,0.6,145,2542
n50_os0.6_r3_uniform_16,n50_os0.6_r3_uniform,instances/n50_os0.6_r3_uniform/n50_os0.6_r3_uniform_16.alb,50,17,3,uniform,2596905009,0.6,0.6065,185,2633
n50_os0.6_r3_uniform_17,n50_os0.6_r3_uniform,instances/n50_os0.6_r3_uniform/n50_os0.6_r3_uniform_17.alb,50,17,3,uniform,3989737639,0.6,0.6008,169,2424
n50_os0.6_r3_uniform_18,n50_os0.6_r3_uniform,instances/n50_os0.6_r3_uniform/n50_os0.6_r3_uniform_18.alb,50,17,3,uniform,2104593718,0.6,0.6008,179,2253
n50_os0.6_r3_uniform_19,n50_os0.6_r3_uniform,instances/n50_os0.6_r3_uniform/n50_os0.6_r3_uniform_19.alb,50,17,3,uniform,175553952,0.6,0.6024,133,2261
n50_os0.6_r3_uniform_20,n50_os0.6_r3_uniform,instances/n50_os0.6_r3_uniform/n50_os0.6_r3_uniform_20.alb,50,17,3,uniform,1485264583,0.6,0.6131,156,2347
n50_os0.6_r3_uniform_21,n50_os0.6_r3_uniform,instances/n50_os0.6_r3_uniform/n50_os0.6_r3_uniform_21.alb,50,17,3,uniform,796943953,0.6,0.6008,158,2483
n50_os0.6_r3_uniform_22,n50_os0.6_r3_uniform,instances/n50_os0.6_r3_uniform/n50_os0.6_r3_uniform_22.alb,50,17,3,uniform,3062446059,0.6,0.6,147,2557
n50_os0.6_r3_uniform_23,n50_os0.6_r3_uniform,instances/n50_os0.6_r3_uniform/n50_os0.6_r3_uniform_23.alb,50,17,3,uniform,3247310717,0.6,0.6041,167,2502
n50_os0.6_r3_uniform_24,n50_os0.6_r3_uniform,instances/n50_os0.6_r3_uniform/n50_os0.6_r3_uniform_24.alb,50,17,3,uniform,1609208542,0.6,0.6016,156,2113
n50_os0.6_r3_bimodal_00,n50_os0.6_r3_bimodal,instances/n50_os0.6_r3_bimodal/n50_os0.6_r3_bimodal_00.alb,50,17,3,bimodal,736376618,0.6,0.6024,164,1794
n50_os0.6_r3_bimodal_01,n50_os0.6_r3_bimodal,instances/n50_os0.6_r3_bimodal/n50_os0.6_r3_bimodal_01.alb,50,17,3,bimodal,1558382524,0.6,0.6008,132,1602
n50_os0.6_r3_bimodal_02,n50_os0.6_r3_bimodal,instances/n50_os0.6_r3_bimodal/n50_os0.6_r3_bimodal_02.alb,50,17,3,bimodal,3320468998,0.6,0.6024,164,1441
n50_os0.6_r3_bimodal_03,n50_os0.6_r3_bimodal,instances/n50_os0.6_r3_bimodal/n50_os0.6_r3_bimodal_03.alb,50,17,3,bimodal,3001902736,0.6,0.6016,163,2307
n50_os0.6_r3_bimodal_04,n50_os0.6_r3_bimodal,instances/n50_os0.6_r3_bimodal/n50_os0.6_r3_bimodal_04.alb,50,17,3,bimodal,747238195,0.6,0.6,160,1779
n50_os0.6_r3_bimodal_05,n50_os0.6_r3_bimodal,instances/n50_os0.6_r3_bimodal/n50_os0.6_r3_bimodal_05.alb,50,17,3,bimodal,1536082853,0.6,0.6041,165,1371
n50_os0.6_r3_bimodal_06,n50_os0.6_r3_bimodal,instances/n50_os0.6_r3_bimodal/n50_os0.6_r3_bimodal_06.alb,50,17,3,bimodal,3263664671,0.6,0.6106,147,1455
n50_os0.6_r3_bimodal_07,n50_os0.6_r3_bimodal,instances/n50_os0.6_r3_bimodal/n50_os0.6_r3_bimodal_07.alb,50,17,3,bimodal,3045106313,0.6,0.6024,165,1841
n50_os0.6_r3_bimodal_08,n50_os0.6_r3_bimodal,instances/n50_os0.6_r3_bimodal/n50_os0.6_r3_bimodal_08.alb,50,17,3,bimodal,624934680,0.6,0.6008,163,2020
n50_os0.6_r3_bimodal_09,n50_os0.6_r3_bimodal,instances/n50_os0.6_r3_bimodal/n50_os0.6_r3_bimodal_09.alb,50,17,3,bimodal,1379438478,0.6,0.6057,163,1218
n50_os0.6_r3_bimodal_10,n50_os0.6_r3_bimodal,instances/n50_os0.6_r3_bimodal/n50_os0.6_r3_bimodal_10.alb,50,17,3,bimodal,911262593,0.6,0.6057,172,1565
n50_os0.6_r3_bimodal_11,n50_os0.6_r3_bimodal,instances/n50_os0.6_r3_bimodal/n50_os0.6_r3_bimodal_11.alb,50,17,3,bimodal,1096282903,0.6,0.6008,157,1418
n50_os0.6_r3_bimodal_12,n50_os0.6_r3_bimodal,instances/n50_os0.6_r3_bimodal/n50_os0.6_r3_bimodal_12.alb,50,17,3,bimodal,3630080685,0.6,0.6041,187,1502
n50_os0.6_r3_bimodal_13,n50_os0.6_r3_bimodal,instances/n50_os0.6_r3_bimodal/n50_os0.6_r3_bimodal_13.alb,50,17,3,bimodal,2941882939,0.6,0.6008,152,1766
n50_os0.6_r3_bimodal_14,n50_os0.6_r3_bimodal,instances/n50_os0.6_r3_bimodal/n50_os0.6_r3_bimodal_14.alb,50,17,3,bimodal,826083224,0.6,0.6049,177,1463
n50_os0.6_r3_bimodal_15,n50_os0.6_r3_bimodal,instances/n50_os0.6_r3_bimodal/n50_os0.6_r3_bimodal_15.alb,50,17,3,bimodal,1178220302,0.6,0.6008,150,1609
n50_os0.6_r3_bimodal_16,n50_os0.6_r3_bimodal,instances/n50_os0.6_r3_bimodal/n50_os0.6_r3_bimodal_16.alb,50,17,3,bimodal,3744687796,0.6,0.609,166,1666
n50_os0.6_r3_bimodal_17,n50_os0.6_r3_bimodal,instances/n50_os0.6_r3_bimodal/n50_os0.6_r3_bimodal_17.alb,50,17,3,bimodal,2822002210,0.6,0.6008,149,1470
n50_os0.6_r3_bimodal_18,n50_os0.6_r3_bimodal,instances/n50_os0.6_r3_bimodal/n50_os0.6_r3_bimodal_18.alb,50,17,3,bimodal,948652979,0.6,0.6016,180,1430
n50_os0.6_r3_bimodal_19,n50_os0.6_r3_bimodal,instances/n50_os0.6_r3_bimodal/n50_os0.6_r3_bimodal_19.alb,50,17,3,bimodal,1334606629,0.6,0.6024,180,1338
n50_os0.6_r3_bimodal_20,n50_os0.6_r3_bimodal,instances/n50_os0.6_r3_bimodal/n50_os0.6_r3_bimodal_20.alb,50,17,3,bimodal,494768194,0.6,0.609,147,1557
n50_os0.6_r3_bimodal_21,n50_os0.6_r3_bimodal,instances/n50_os0.6_r3_bimodal/n50_os0.6_r3_bimodal_21.alb,50,17,3,bimodal,1786421460,0.6,0.6,155,1259
n50_os0.6_r3_bimodal_22,n50_os0.6_r3_bimodal,instances/n50_os0.6_r3_bimodal/n50_os0.6_r3_bimodal_22.alb,50,17,3,bimodal,4084461934,0.6,0.6106,146,1251
n50_os0.6_r3_bimodal_23,n50_os0.6_r3_bimodal,instances/n50_os0.6_r3_bimodal/n50_os0.6_r3_bimodal_23.alb,50,17,3,bimodal,2222244344,0.6,0.6082,150,1358
n50_os0.6_r3_bimodal_24,n50_os0.6_r3_bimodal,instances/n50_os0.6_r3_bimodal/n50_os0.6_r3_bimodal_24.alb,50,17,3,bimodal,437277787,0.6,0.6106,159,1211
n50_os0.6_r6_uniform_00,n50_os0.6_r6_uniform,instances/n50_os0.6_r6_uniform/n50_os0.6_r6_uniform_00.alb,50,8,6,uniform,2133420869,0.6,0.6024,140,2580
n50_os0.6_r6_uniform_01,n50_os0.6_r6_uniform,instances/n50_os0.6_r6_uniform/n50_os0.6_r6_uniform_01.alb,50,8,6,uniform,137255891,0.6,0.6024,184,2728
n50_os0.6_r6_uniform_02,n50_os0.6_r6_uniform,instances/n50_os0.6_r6_uniform/n50_os0.6_r6_uniform_02.alb,50,8,6,uniform,2435254889,0.6,0.6041,154,2596
n50_os0.6_r6_uniform_03,n50_os0.6_r6_uniform,instances/n50_os0.6_r6_uniform/n50_os0.6_r6_uniform_03.alb,50,8,6,uniform,3860871935,0.6,0.6,150,2688
n50_os0.6_r6_uniform_04,n50_os0.6_r6_uniform,instances/n50_os0.6_r6_uniform/n50_os0.6_r6_uniform_04.alb,50,8,6,uniform,2017767260,0.6,0.6016,163,2453
n50_os0.6_r6_uniform_05,n50_os0.6_r6_uniform,instances/n50_os0.6_r6_uniform/n50_os0.6_r6_uniform_05.alb,50,8,6,uniform,256090058,0.6,0.6057,154,2383
n50_os0.6_r6_uniform_06,n50_os0.6_r6_uniform,instances/n50_os0.6_r6_uniform/n50_os0.6_r6_uniform_06.alb,50,8,6,uniform,2521484912,0.6,0.6073,154,2485
n50_os0.6_r6_uniform_07,n50_os0.6_r6_uniform,instances/n50_os0.6_r6_uniform/n50_os0.6_r6_uniform_07.alb,50,8,6,uniform,3779985126,0.6,0.6041,153,2432
n50_os0.6_r6_uniform_08,n50_os0.6_r6_uniform,instances/n50_os0.6_r6_uniform/n50_os0.6_r6_uniform_08.alb,50,8,6,uniform,1911743351,0.6,0.6008,172,2663
n50_os0.6_r6_uniform_09,n50_os0.6_r6_uniform,instances/n50_os0.6_r6_uniform/n50_os0.6_r6_uniform_09.alb,50,8,6,uniform,116773857,0.6,0.6,120,2068
n50_os0.6_r6_uniform_10,n50_os0.6_r6_uniform,instances/n50_os0.6_r6_uniform/n50_os0.6_r6_uniform_10.alb,50,8,6,uniform,3943264788,0.6,0.6008,180,2842
n50_os0.6_r6_uniform_11,n50_os0.6_r6_uniform,instances/n50_os0.6_r6_uniform/n50_os0.6_r6_uniform_11.alb,50,8,6,uniform,2618180226,0.6,0.6057,165,2437
n50_os0.6_r6_uniform_12,n50_os0.6_r6_uniform,instances/n50_os0.6_r6_uniform/n50_os0.6_r6_uniform_12.alb,50,8,6,uniform,84349752,0.6,0.6049,155,2744
n50_os0.6_r6_uniform_13,n50_os0.6_r6_uniform,instances/n50_os0.6_r6_uniform/n50_os0.6_r6_uniform_13.alb,50,8,6,uniform,1912611758,0.6,0.6016,165,2282
n50_os0.6_r6_uniform_14,n50_os0.6_r6_uniform,instances/n50_os0.6_r6_uniform/n50_os0.6_r6_uniform_14.alb,50,8,6,uniform,3966023181,0.6,0.6163,169,2847
n50_os0.6_r6_uniform_15,n50_os0.6_r6_uniform,instances/n50_os0.6_r6_uniform/n50_os0.6_r6_uniform_15.alb,50,8,6,uniform,2606991003,0.6,0.6,153,2510
n50_os0.6_r6_uniform_16,n50_os0.6_r6_uniform,instances/n50_os0.6_r6_uniform/n50_os0.6_r6_uniform_16.alb,50,8,6,uniform,40556321,0.6,0.6024,153,2558
n50_os0.6_r6_uniform_17,n50_os0.6_r6_uniform,instances/n50_os0.6_r6_uniform/n50_os0.6_r6_uniform_17.alb,50,8,6,uniform,1970137015,0.6,0.6016,176,2242
n50_os0.6_r6_uniform_18,n50_os0.6_r6_uniform,instances/n50_os0.6_r6_uniform/n50_os0.6_r6_uniform_18.alb,50,8,6,uniform,3855809062,0.6,0.6016,183,2563
n50_os0.6_r6_uniform_19,n50_os0.6_r6_uniform,instances/n50_os0.6_r6_uniform/n50_os0.6_r6_uniform_19.alb,50,8,6,uniform,2463484592,0.6,0.6065,182,2393
n50_os0.6_r6_uniform_20,n50_os0.6_r6_uniform,instances/n50_os0.6_r6_uniform/n50_os0.6_r6_uniform_20.alb,50,8,6,uniform,3223593431,0.6,0.6024,162,2764
n50_os0.6_r6_uniform_21,n50_os0.6_r6_uniform,instances/n50_os0.6_r6_uniform/n50_os0.6_r6_uniform_21.alb,50,8,6,uniform,3072528705,0.6,0.6057,179,2725
n50_os0.6_r6_uniform_22,n50_os0.6_r6_uniform,instances/n50_os0.6_r6_uniform/n50_os0.6_r6_uniform_22.alb,50,8,6,uniform,774521083,0.6,0.6008,150,2785
n50_os0.6_r6_uniform_23,n50_os0.6_r6_uniform,instances/n50_os0.6_r6_uniform/n50_os0.6_r6_uniform_23.alb,50,8,6,uniform,1496150125,0.6,0.6073,152,2535
n50_os0.6_r6_uniform_24,n50_os0.6_r6_uniform,instances/n50_os0.6_r6_uniform/n50_os0.6_r6_uniform_24.alb,50,8,6,uniform,3343508942,0.6,0.6033,173,2547
n50_os0.6_r6_bimodal_00,n50_os0.6_r6_bimodal,instances/n50_os0.6_r6_bimodal/n50_os0.6_r6_bimodal_00.alb,50,8,6,bimodal,1521720168,0.6,0.6,155,1654
n50_os0.6_r6_bimodal_01,n50_os0.6_r6_bimodal,instances/n50_os0.6_r6_bimodal/n50_os0.6_r6_bimodal_01.alb,50,8,6,bimodal,766815230,0.6,0.6188,157,1514
n50_os0.6_r6_bimodal_02,n50_os0.6_r6_bimodal,instances/n50_os0.6_r6_bimodal/n50_os0.6_r6_bimodal_02.alb,50,8,6,bimodal,3032349252,0.6,0.609,175,1624
n50_os0.6_r6_bimodal_03,n50_os0.6_r6_bimodal,instances/n50_os0.6_r6_bimodal/n50_os0.6_r6_bimodal_03.alb,50,8,6,bimodal,3283798738,0.6,0.6008,146,1546
n50_os0.6_r6_bimodal_04,n50_os0.6_r6_bimodal,instances/n50_os0.6_r6_bimodal/n50_os0.6_r6_bimodal_04.alb,50,8,6,bimodal,1574854513,0.6,0.6131,153,1604
n50_os0.6_r6_bimodal_05,n50_os0.6_r6_bimodal,instances/n50_os0.6_r6_bimodal/n50_os0.6_r6_bimodal_05.alb,50,8,6,bimodal,718893031,0.6,0.6106,163,1510
n50_os0.6_r6_bimodal_06,n50_os0.6_r6_bimodal,instances/n50_os0.6_r6_bimodal/n50_os0.6_r6_bimodal_06.alb,50,8,6,bimodal,3016769117,0.6,0.6073,153,1441
n50_os0.6_r6_bimodal_07,n50_os0.6_r6_bimodal,instances/n50_os0.6_r6_bimodal/n50_os0.6_r6_bimodal_07.alb,50,8,6,bimodal,3302428363,0.6,0.6,146,1386
n50_os0.6_r6_bimodal_08,n50_os0.6_r6_bimodal,instances/n50_os0.6_r6_bimodal/n50_os0.6_r6_bimodal_08.alb,50,8,6,bimodal,1416106842,0.6,0.6,154,1580
n50_os0.6_r6_bimodal_09,n50_os0.6_r6_bimodal,instances/n50_os0.6_r6_bimodal/n50_os0.6_r6_bimodal_09.alb,50,8,6,bimodal,594486220,0.6,0.6033,163,1855
n50_os0.6_r6_bimodal_10,n50_os0.6_r6_bimodal,instances/n50_os0.6_r6_bimodal/n50_os0.6_r6_bimodal_10.alb,50,8,6,bimodal,2935207057,0.6,0.6049,167,1502
n50_os0.6_r6_bimodal_11,n50_os0.6_r6_bimodal,instances/n50_os0.6_r6_bimodal/n50_os0.6_r6_bimodal_11.alb,50,8,6,bimodal,3656680455,0.6,0.6,153,1684
n50_os0.6_r6_bimodal_12,n50_os0.6_r6_bimodal,instances/n50_os0.6_r6_bimodal/n50_os0.6_r6_bimodal_12.alb,50,8,6,bimodal,1090377149,0.6,0.6041,159,1525
n50_os0.6_r6_bimodal_13,n50_os0.6_r6_bimodal,instances/n50_os0.6_r6_bimodal/n50_os0.6_r6_bimodal_13.alb,50,8,6,bimodal,939189547,0.6,0.6098,161,1416
n50_os0.6_r6_bimodal_14,n50_os0.6_r6_bimodal,instances/n50_os0.6_r6_bimodal/n50_os0.6_r6_bimodal_14.alb,50,8,6,bimodal,2845733000,0.6,0.6065,172,1247
n50_os0.6_r6_bimodal_15,n50_os0.6_r6_bimodal,instances/n50_os0.6_r6_bimodal/n50_os0.6_r6_bimodal_15.alb,50,8,6,bimodal,3734585374,0.6,0.6024,130,1635
n50_os0.6_r6_bimodal_16,n50_os0.6_r6_bimodal,instances/n50_os0.6_r6_bimodal/n50_os0.6_r6_bimodal_16.alb,50,8,6,bimodal,1200624036,0.6,0.6,168,1658
n50_os0.6_r6_bimodal_17,n50_os0.6_r6_bimodal,instances/n50_os0.6_r6_bimodal/n50_os0.6_r6_bimodal_17.alb,50,8,6,bimodal,815210802,0.6,0.6131,152,1383
n50_os0.6_r6_bimodal_18,n50_os0.6_r6_bimodal,instances/n50_os0.6_r6_bimodal/n50_os0.6_r6_bimodal_18.alb,50,8,6,bimodal,2686991523,0.6,0.6188,160,1493
n50_os0.6_r6_bimodal_19,n50_os0.6_r6_bimodal,instances/n50_os0.6_r6_bimodal/n50_os0.6_r6_bimodal_19.alb,50,8,6,bimodal,3610184757,0.6,0.6155,143,1505
n50_os0.6_r6_bimodal_20,n50_os0.6_r6_bimodal,instances/n50_os0.6_r6_bimodal/n50_os0.6_r6_bimodal_20.alb,50,8,6,bimodal,2245977938,0.6,0.6057,149,1505
n50_os0.6_r6_bimodal_21,n50_os0.6_r6_bimodal,instances/n50_os0.6_r6_bimodal/n50_os0.6_r6_bimodal_21.alb,50,8,6,bimodal,4074362820,0.6,0.6024,150,1318
n50_os0.6_r6_bimodal_22,n50_os0.6_r6_bimodal,instances/n50_os0.6_r6_bimodal/n50_os0.6_r6_bimodal_22.alb,50,8,6,bimodal,1808828030,0.6,0.6098,154,1179
n50_os0.6_r6_bimodal_23,n50_os0.6_r6_bimodal,instances/n50_os0.6_r6_bimodal/n50_os0.6_r6_bimodal_23.alb,50,8,6,bimodal,483899112,0.6,0.6033,169,1574
n50_os0.6_r6_bimodal_24,n50_os0.6_r6_bimodal,instances/n50_os0.6_r6_bimodal/n50_os0.6_r6_bimodal_24.alb,50,8,6,bimodal,2192778059,0.6,0.6024,148,1438
n50_os0.6_r10_uniform_00,n50_os0.6_r10_uniform,instances/n50_os0.6_r10_uniform/n50_os0.6_r10_uniform_00.alb,50,5,10,uniform,971797021,0.6,0.6106,176,2088
n50_os0.6_r10_uniform_01,n50_os0.6_r10_uniform,instances/n50_os0.6_r10_uniform/n50_os0.6_r10_uniform_01.alb,50,5,10,uniform,1324040843,0.6,0.6008,159,2480
n50_os0.6_r10_uniform_02,n50_os0.6_r10_uniform,instances/n50_os0.6_r10_uniform/n50_os0.6_r10_uniform_02.alb,50,5,10,uniform,3621917489,0.6,0.6008,150,2622
n50_os0.6_r10_uniform_03,n50_os0.6_r10_uniform,instances/n50_os0.6_r10_uniform/n50_os0.6_r10_uniform_03.alb,50,5,10,uniform,2699371431,0.6,0.6016,172,2405
n50_os0.6_r10_uniform_04,n50_os0.6_r10_uniform,instances/n50_os0.6_r10_uniform/n50_os0.6_r10_uniform_04.alb,50,5,10,uniform,1048688132,0.6,0.6033,171,2720
n50_os0.6_r10_uniform_05,n50_os0.6_r10_uniform,instances/n50_os0.6_r10_uniform/n50_os0.6_r10_uniform_05.alb,50,5,10,uniform,1233553042,0.6,0.6033,138,2724
n50_os0.6_r10_uniform_06,n50_os0.6_r10_uniform,instances/n50_os0.6_r10_uniform/n50_os0.6_r10_uniform_06.alb,50,5,10,uniform,3499087656,0.6,0.6041,145,2489
n50_os0.6_r10_uniform_07,n50_os0.6_r10_uniform,instances/n50_os0.6_r10_uniform/n50_os0.6_r10_uniform_07.alb,50,5,10,uniform,2810767294,0.6,0.6024,159,2639
n50_os0.6_r10_uniform_08,n50_os0.6_r10_uniform,instances/n50_os0.6_r10_uniform/n50_os0.6_r10_uniform_08.alb,50,5,10,uniform,926415407,0.6,0.6033,161,2557
n50_os0.6_r10_uniform_09,n50_os0.6_r10_uniform,instances/n50_os0.6_r10_uniform/n50_os0.6_r10_uniform_09.alb,50,5,10,uniform,1076939449,0.6,0.609,146,2309
n50_os0.6_r10_uniform_10,n50_os0.6_r10_uniform,instances/n50_os0.6_r10_uniform/n50_os0.6_r10_uniform_10.alb,50,5,10,uniform,2399104715,0.6,0.6,184,2782
n50_os0.6_r10_uniform_11,n50_os0.6_r10_uniform,instances/n50_os0.6_r10_uniform/n50_os0.6_r10_uniform_11.alb,50,5,10,uniform,4193803869,0.6,0.6098,178,2673
n50_os0.6_r10_uniform_12,n50_os0.6_r10_uniform,instances/n50_os0.6_r10_uniform/n50_os0.6_r10_uniform_12.alb,50,5,10,uniform,1626410983,0.6,0.6041,159,2711
n50_os0.6_r10_uniform_13,n50_os0.6_r10_uniform,instances/n50_os0.6_r10_uniform/n50_os0.6_r10_uniform_13.alb,50,5,10,uniform,402014065,0.6,0.6,173,2340
n50_os0.6_r10_uniform_14,n50_os0.6_r10_uniform,instances/n50_os0.6_r10_uniform/n50_os0.6_r10_uniform_14.alb,50,5,10,uniform,2308090578,0.6,0.6041,155,2808
n50_os0.6_r10_uniform_15,n50_os0.6_r10_uniform,instances/n50_os0.6_r10_uniform/n50_os0.6_r10_uniform_15.alb,50,5,10,uniform,4271217220,0.6,0.6098,174,2698
n50_os0.6_r10_uniform_16,n50_os0.6_r10_uniform,instances/n50_os0.6_r10_uniform/n50_os0.6_r10_uniform_16.alb,50,5,10,uniform,1738329086,0.6,0.6008,168,2541
n50_os0.6_r10_uniform_17,n50_os0.6_r10_uniform,instances/n50_os0.6_r10_uniform/n50_os0.6_r10_uniform_17.alb,50,5,10,uniform,278657896,0.6,0.6008,152,2161
n50_os0.6_r10_uniform_18,n50_os0.6_r10_uniform,instances/n50_os0.6_r10_uniform/n50_os0.6_r10_uniform_18.alb,50,5,10,uniform,2149902073,0.6,0.6008,143,2204
n50_os0.6_r10_uniform_19,n50_os0.6_r10_uniform,instances/n50_os0.6_r10_uniform/n50_os0.6_r10_uniform_19.alb,50,5,10,uniform,4146321007,0.6,0.6033,151,2542
n50_os0.6_r10_uniform_20,n50_os0.6_r10_uniform,instances/n50_os0.6_r10_uniform/n50_os0.6_r10_uniform_20.alb,50,5,10,uniform,2782018824,0.6,0.6008,168,2209
n50_os0.6_r10_uniform_21,n50_os0.6_r10_uniform,instances/n50_os0.6_r10_uniform/n50_os0.6_r10_uniform_21.alb,50,5,10,uniform,3537178014,0.6,0.6016,171,2304
n50_os0.6_r10_uniform_22,n50_os0.6_r10_uniform,instances/n50_os0.6_r10_uniform/n50_os0.6_r10_uniform_22.alb,50,5,10,uniform,1272732708,0.6,0.6016,161,2197
n50_os0.6_r10_uniform_23,n50_os0.6_r10_uniform,instances/n50_os0.6_r10_uniform/n50_os0.6_r10_uniform_23.alb,50,5,10,uniform,1021013170,0.6,0.6057,177,2938
n50_os0.6_r10_uniform_24,n50_os0.6_r10_uniform,instances/n50_os0.6_r10_uniform/n50_os0.6_r10_uniform_24.alb,50,5,10,uniform,2730490129,0.6,0.6073,160,2316
n50_os0.6_r10_bimodal_00,n50_os0.6_r10_bimodal,instances/n50_os0.6_r10_bimodal/n50_os0.6_r10_bimodal_00.alb,50,5,10,bimodal,477528624,0.6,0.6098,161,1371
n50_os0.6_r10_bimodal_01,n50_os0.6_r10_bimodal,instances/n50_os0.6_r10_bimodal/n50_os0.6_r10_bimodal_01.alb,50,5,10,bimodal,1802613414,0.6,0.6016,173,1258
n50_os0.6_r10_bimodal_02,n50_os0.6_r10_bimodal,instances/n50_os0.6_r10_bimodal/n50_os0.6_r10_bimodal_02.alb,50,5,10,bimodal,4068008732,0.6,0.6049,170,1052
n50_os0.6_r10_bimodal_03,n50_os0.6_r10_bimodal,instances/n50_os0.6_r10_bimodal/n50_os0.6_r10_bimodal_03.alb,50,5,10,bimodal,2239746954,0.6,0.6049,191,1603
n50_os0.6_r10_bimodal_04,n50_os0.6_r10_bimodal,instances/n50_os0.6_r10_bimodal/n50_os0.6_r10_bimodal_04.alb,50,5,10,bimodal,454772265,0.6,0.6016,174,1284
n50_os0.6_r10_bimodal_05,n50_os0.6_r10_bimodal,instances/n50_os0.6_r10_bimodal/n50_os0.6_r10_bimodal_05.alb,50,5,10,bimodal,1813804735,0.6,0.6041,146,1620
n50_os0.6_r10_bimodal_06,n50_os0.6_r10_bimodal,instances/n50_os0.6_r10_bimodal/n50_os0.6_r10_bimodal_06.alb,50,5,10,bimodal,4111804165,0.6,0.6033,146,1779
n50_os0.6_r10_bimodal_07,n50_os0.6_r10_bimodal,instances/n50_os0.6_r10_bimodal/n50_os0.6_r10_bimodal_07.alb,50,5,10,bimodal,2182223763,0.6,0.6073,197,1294
n50_os0.6_r10_bimodal_08,n50_os0.6_r10_bimodal,instances/n50_os0.6_r10_bimodal/n50_os0.6_r10_bimodal_08.alb,50,5,10,bimodal,313330178,0.6,0.6033,184,1448
n50_os0.6_r10_bimodal_09,n50_os0.6_r10_bimodal,instances/n50_os0.6_r10_bimodal/n50_os0.6_r10_bimodal_09.alb,50,5,10,bimodal,1705654932,0.6,0.6008,140,1740
n50_os0.6_r10_bimodal_10,n50_os0.6_r10_bimodal,instances/n50_os0.6_r10_bimodal/n50_os0.6_r10_bimodal_10.alb,50,5,10,bimodal,3406145614,0.6,0.6,158,2051
n50_os0.6_r10_bimodal_11,n50_os0.6_r10_bimodal,instances/n50_os0.6_r10_bimodal/n50_os0.6_r10_bimodal_11.alb,50,5,10,bimodal,3154286808,0.6,0.6,154,1341
n50_os0.6_r10_bimodal_12,n50_os0.6_r10_bimodal,instances/n50_os0.6_r10_bimodal/n50_os0.6_r10_bimodal_12.alb,50,5,10,bimodal,621529442,0.6,0.6008,166,1362
n50_os0.6_r10_bimodal_13,n50_os0.6_r10_bimodal,instances/n50_os0.6_r10_bimodal/n50_os0.6_r10_bimodal_13.alb,50,5,10,bimodal,1376582132,0.6,0.609,144,1453
n50_os0.6_r10_bimodal_14,n50_os0.6_r10_bimodal,instances/n50_os0.6_r10_bimodal/n50_os0.6_r10_bimodal_14.alb,50,5,10,bimodal,3429395543,0.6,0.6114,153,1531
n50_os0.6_r10_bimodal_15,n50_os0.6_r10_bimodal,instances/n50_os0.6_r10_bimodal/n50_os0.6_r10_bimodal_15.alb,50,5,10,bimodal,3144637633,0.6,0.6016,160,1744
n50_os0.6_r10_bimodal_16,n50_os0.6_r10_bimodal,instances/n50_os0.6_r10_bimodal/n50_os0.6_r10_bimodal_16.alb,50,5,10,bimodal,577113467,0.6,0.6024,158,1403
n50_os0.6_r10_bimodal_17,n50_os0.6_r10_bimodal,instances/n50_os0.6_r10_bimodal/n50_os0.6_r10_bimodal_17.alb,50,5,10,bimodal,1432436205,0.6,0.6,161,1704
n50_os0.6_r10_bimodal_18,n50_os0.6_r10_bimodal,instances/n50_os0.6_r10_bimodal/n50_os0.6_r10_bimodal_18.alb,50,5,10,bimodal,3319668860,0.6,0.6139,167,1760
n50_os0.6_r10_bimodal_19,n50_os0.6_r10_bimodal,instances/n50_os0.6_r10_bimodal/n50_os0.6_r10_bimodal_19.alb,50,5,10,bimodal,3000570090,0.6,0.6016,155,1338
n50_os0.6_r10_bimodal_20,n50_os0.6_r10_bimodal,instances/n50_os0.6_r10_bimodal/n50_os0.6_r10_bimodal_20.alb,50,5,10,bimodal,3760782221,0.6,0.6016,149,1620
n50_os0.6_r10_bimodal_21,n50_os0.6_r10_bimodal,instances/n50_os0.6_r10_bimodal/n50_os0.6_r10_bimodal_21.alb,50,5,10,bimodal,2536491803,0.6,0.6057,162,1369
n50_os0.6_r10_bimodal_22,n50_os0.6_r10_bimodal,instances/n50_os0.6_r10_bimodal/n50_os0.6_r10_bimodal_22.alb,50,5,10,bimodal,237410977,0.6,0.6,172,1574
n50_os0.6_r10_bimodal_23,n50_os0.6_r10_bimodal,instances/n50_os0.6_r10_bimodal/n50_os0.6_r10_bimodal_23.alb,50,5,10,bimodal,2032249399,0.6,0.6033,139,1612
n50_os0.6_r10_bimodal_24,n50_os0.6_r10_bimodal,instances/n50_os0.6_r10_bimodal/n50_os0.6_r10_bimodal_24.alb,50,5,10,bimodal,3880075156,0.6,0.6033,160,1728
n50_os0.9_r3_uniform_00,n50_os0.9_r3_uniform,instances/n50_os0.9_r3_uniform/n50_os0.9_r3_uniform_00.alb,50,17,3,uniform,1491760113,0.9,0.902,230,2368
n50_os0.9_r3_uniform_01,n50_os0.9_r3_uniform,instances/n50_os0.9_r3_uniform/n50_os0.9_r3_uniform_01.alb,50,17,3,uniform,804078439,0.9,0.902,236,2604
n50_os0.9_r3_uniform_02,n50_os0.9_r3_uniform,instances/n50_os0.9_r3_uniform/n50_os0.9_r3_uniform_02.alb,50,17,3,uniform,3068400349,0.9,0.9037,256,2355
n50_os0.9_r3_uniform_03,n50_os0.9_r3_uniform,instances/n50_os0.9_r3_uniform/n50_os0.9_r3_uniform_03.alb,50,17,3,uniform,3252888139,0.9,0.9078,222,2202
n50_os0.9_r3_uniform_04,n50_os0.9_r3_uniform,instances/n50_os0.9_r3_uniform/n50_os0.9_r3_uniform_04.alb,50,17,3,uniform,1602729960,0.9,0.9012,226,2851
n50_os0.9_r3_uniform_05,n50_os0.9_r3_uniform,instances/n50_os0.9_r3_uniform/n50_os0.9_r3_uniform_05.alb,50,17,3,uniform,679511934,0.9,0.9061,260,2456
n50_os0.9_r3_uniform_06,n50_os0.9_r3_uniform,instances/n50_os0.9_r3_uniform/n50_os0.9_r3_uniform_06.alb,50,17,3,uniform,2978600644,0.9,0.902,263,2264
n50_os0.9_r3_uniform_07,n50_os0.9_r3_uniform,instances/n50_os0.9_r3_uniform/n50_os0.9_r3_uniform_07.alb,50,17,3,uniform,3331253842,0.9,0.9029,246,2439
n50_os0.9_r3_uniform_08,n50_os0.9_r3_uniform,instances/n50_os0.9_r3_uniform/n50_os0.9_r3_uniform_08.alb,50,17,3,uniform,1446116291,0.9,0.9004,228,2577
n50_os0.9_r3_uniform_09,n50_os0.9_r3_uniform,instances/n50_os0.9_r3_uniform/n50_os0.9_r3_uniform_09.alb,50,17,3,uniform,557239125,0.9,0.902,218,2645
n50_os0.9_r3_uniform_10,n50_os0.9_r3_uniform,instances/n50_os0.9_r3_uniform/n50_os0.9_r3_uniform_10.alb,50,17,3,uniform,656590489,0.9,0.9004,277,2553
n50_os0.9_r3_uniform_11,n50_os0.9_r3_uniform,instances/n50_os0.9_r3_uniform/n50_os0.9_r3_uniform_11.alb,50,17,3,uniform,1344665103,0.9,0.9061,217,2808
n50_os0.9_r3_uniform_12,n50_os0.9_r3_uniform,instances/n50_os0.9_r3_uniform/n50_os0.9_r3_uniform_12.alb,50,17,3,uniform,3375146933,0.9,0.902,243,2588
n50_os0.9_r3_uniform_13,n50_os0.9_r3_uniform,instances/n50_os0.9_r3_uniform/n50_os0.9_r3_uniform_13.alb,50,17,3,uniform,3190527779,0.9,0.9004,248,2573
n50_os0.9_r3_uniform_14,n50_os0.9_r3_uniform,instances/n50_os0.9_r3_uniform/n50_os0.9_r3_uniform_14.alb,50,17,3,uniform,542048896,0.9,0.9004,245,2709
n50_os0.9_r3_uniform_15,n50_os0.9_r3_uniform,instances/n50_os0.9_r3_uniform/n50_os0.9_r3_uniform_15.alb,50,17,3,uniform,1464349206,0.9,0.9053,246,2140
n50_os0.9_r3_uniform_16,n50_os0.9_r3_uniform,instances/n50_os0.9_r3_uniform/n50_os0.9_r3_uniform_16.alb,50,17,3,uniform,3460391852,0.9,0.902,278,2722
n50_os0.9_r3_uniform_17,n50_os0.9_r3_uniform,instances/n50_os0.9_r3_uniform/n50_os0.9_r3_uniform_17.alb,50,17,3,uniform,3108393786,0.9,0.9004,244,2301
n50_os0.9_r3_uniform_18,n50_os0.9_r3_uniform,instances/n50_os0.9_r3_uniform/n50_os0.9_r3_uniform_18.alb,50,17,3,uniform,704204459,0.9,0.9069,219,2308
n50_os0.9_r3_uniform_19,n50_os0.9_r3_uniform,instances/n50_os0.9_r3_uniform/n50_os0.9_r3_uniform_19.alb,50,17,3,uniform,1593736765,0.9,0.9012,249,2686
n50_os0.9_r3_uniform_20,n50_os0.9_r3_uniform,instances/n50_os0.9_r3_uniform/n50_os0.9_r3_uniform_20.alb,50,17,3,uniform,202347866,0.9,0.9037,255,2631
n50_os0.9_r3_uniform_21,n50_os0.9_r3_uniform,instances/n50_os0.9_r3_uniform/n50_os0.9_r3_uniform_21.alb,50,17,3,uniform,2064164300,0.9,0.9004,258,2601
n50_os0.9_r3_uniform_22,n50_os0.9_r3_uniform,instances/n50_os0.9_r3_uniform/n50_os0.9_r3_uniform_22.alb,50,17,3,uniform,3791778934,0.9,0.9029,233,2494
n50_os0.9_r3_uniform_23,n50_os0.9_r3_uniform,instances/n50_os0.9_r3_uniform/n50_os0.9_r3_uniform_23.alb,50,17,3,uniform,2500248800,0.9,0.9004,225,2647
n50_os0.9_r3_uniform_24,n50_os0.9_r3_uniform,instances/n50_os0.9_r3_uniform/n50_os0.9_r3_uniform_24.alb,50,17,3,uniform,190992707,0.9,0.9004,234,2322
n50_os0.9_r3_bimodal_00,n50_os0.9_r3_bimodal,instances/n50_os0.9_r3_bimodal/n50_os0.9_r3_bimodal_00.alb,50,17,3,bimodal,2104525788,0.9,0.9029,210,1725
n50_os0.9_r3_bimodal_01,n50_os0.9_r3_bimodal,instances/n50_os0.9_r3_bimodal/n50_os0.9_r3_bimodal_01.alb,50,17,3,bimodal,175616842,0.9,0.9004,254,1433
n50_os0.9_r3_bimodal_02,n50_os0.9_r3_bimodal,instances/n50_os0.9_r3_bimodal/n50_os0.9_r3_bimodal_02.alb,50,17,3,bimodal,2474566384,0.9,0.9037,238,1359
n50_os0.9_r3_bimodal_03,n50_os0.9_r3_bimodal,instances/n50_os0.9_r3_bimodal/n50_os0.9_r3_bimodal_03.alb,50,17,3,bimodal,3833188966,0.9,0.9012,265,1363
n50_os0.9_r3_bimodal_04,n50_os0.9_r3_bimodal,instances/n50_os0.9_r3_bimodal/n50_os0.9_r3_bimodal_04.alb,50,17,3,bimodal,2048739269,0.9,0.9037,245,1595
n50_os0.9_r3_bimodal_05,n50_os0.9_r3_bimodal,instances/n50_os0.9_r3_bimodal/n50_os0.9_r3_bimodal_05.alb,50,17,3,bimodal,219838291,0.9,0.9029,253,1768
n50_os0.9_r3_bimodal_06,n50_os0.9_r3_bimodal,instances/n50_os0.9_r3_bimodal/n50_os0.9_r3_bimodal_06.alb,50,17,3,bimodal,2484283113,0.9,0.902,254,1541
n50_os0.9_r3_bimodal_07,n50_os0.9_r3_bimodal,instances/n50_os0.9_r3_bimodal/n50_os0.9_r3_bimodal_07.alb,50,17,3,bimodal,3809744511,0.9,0.9037,240,1213
n50_os0.9_r3_bimodal_08,n50_os0.9_r3_bimodal,instances/n50_os0.9_r3_bimodal/n50_os0.9_r3_bimodal_08.alb,50,17,3,bimodal,1940589550,0.9,0.9037,236,1762
n50_os0.9_r3_bimodal_09,n50_os0.9_r3_bimodal,instances/n50_os0.9_r3_bimodal/n50_os0.9_r3_bimodal_09.alb,50,17,3,bimodal,78396280,0.9,0.9012,244,1662
n50_os0.9_r3_bimodal_10,n50_os0.9_r3_bimodal,instances/n50_os0.9_r3_bimodal/n50_os0.9_r3_bimodal_10.alb,50,17,3,bimodal,1658322972,0.9,0.9012,241,1457
n50_os0.9_r3_bimodal_11,n50_os0.9_r3_bimodal,instances/n50_os0.9_r3_bimodal/n50_os0.9_r3_bimodal_11.alb,50,17,3,bimodal,366948490,0.9,0.9004,264,1741
n50_os0.9_r3_bimodal_12,n50_os0.9_r3_bimodal,instances/n50_os0.9_r3_bimodal/n50_os0.9_r3_bimodal_12.alb,50,17,3,bimodal,2362859824,0.9,0.9012,267,1727
n50_os0.9_r3_bimodal_13,n50_os0.9_r3_bimodal,instances/n50_os0.9_r3_bimodal/n50_os0.9_r3_bimodal_13.alb,50,17,3,bimodal,4224799142,0.9,0.902,263,1388
n50_os0.9_r3_bimodal_14,n50_os0.9_r3_bimodal,instances/n50_os0.9_r3_bimodal/n50_os0.9_r3_bimodal_14.alb,50,17,3,bimodal,1706411013,0.9,0.9004,236,1744
n50_os0.9_r3_bimodal_15,n50_os0.9_r3_bimodal,instances/n50_os0.9_r3_bimodal/n50_os0.9_r3_bimodal_15.alb,50,17,3,bimodal,313717907,0.9,0.902,232,1582
n50_os0.9_r3_bimodal_16,n50_os0.9_r3_bimodal,instances/n50_os0.9_r3_bimodal/n50_os0.9_r3_bimodal_16.alb,50,17,3,bimodal,2344330537,0.9,0.9012,243,1100
n50_os0.9_r3_bimodal_17,n50_os0.9_r3_bimodal,instances/n50_os0.9_r3_bimodal/n50_os0.9_r3_bimodal_17.alb,50,17,3,bimodal,4240217535,0.9,0.9029,220,1594
n50_os0.9_r3_bimodal_18,n50_os0.9_r3_bimodal,instances/n50_os0.9_r3_bimodal/n50_os0.9_r3_bimodal_18.alb,50,17,3,bimodal,1812170798,0.9,0.9004,250,1426
n50_os0.9_r3_bimodal_19,n50_os0.9_r3_bimodal,instances/n50_os0.9_r3_bimodal/n50_os0.9_r3_bimodal_19.alb,50,17,3,bimodal,453294264,0.9,0.9004,285,1976
n50_os0.9_r3_bimodal_20,n50_os0.9_r3_bimodal,instances/n50_os0.9_r3_bimodal/n50_os0.9_r3_bimodal_20.alb,50,17,3,bimodal,1240814559,0.9,0.9012,245,1849
n50_os0.9_r3_bimodal_21,n50_os0.9_r3_bimodal,instances/n50_os0.9_r3_bimodal/n50_os0.9_r3_bimodal_21.alb,50,17,3,bimodal,1056072521,0.9,0.9004,227,1401
n50_os0.9_r3_bimodal_22,n50_os0.9_r3_bimodal,instances/n50_os0.9_r3_bimodal/n50_os0.9_r3_bimodal_22.alb,50,17,3,bimodal,2818257651,0.9,0.9012,261,1538
n50_os0.9_r3_bimodal_23,n50_os0.9_r3_bimodal,instances/n50_os0.9_r3_bimodal/n50_os0.9_r3_bimodal_23.alb,50,17,3,bimodal,3506176613,0.9,0.902,233,1667
n50_os0.9_r3_bimodal_24,n50_os0.9_r3_bimodal,instances/n50_os0.9_r3_bimodal/n50_os0.9_r3_bimodal_24.alb,50,17,3,bimodal,1318623174,0.9,0.9012,256,1631
n50_os0.9_r6_uniform_00,n50_os0.9_r6_uniform,instances/n50_os0.9_r6_uniform/n50_os0.9_r6_uniform_00.alb,50,8,6,uniform,700309427,0.9,0.9012,241,2872
n50_os0.9_r6_uniform_01,n50_os0.9_r6_uniform,instances/n50_os0.9_r6_uniform/n50_os0.9_r6_uniform_01.alb,50,8,6,uniform,1589309221,0.9,0.902,267,2593
n50_os0.9_r6_uniform_02,n50_os0.9_r6_uniform,instances/n50_os0.9_r6_uniform/n50_os0.9_r6_uniform_02.alb,50,8,6,uniform,3350445727,0.9,0.9061,258,2423
n50_os0.9_r6_uniform_03,n50_os0.9_r6_uniform,instances/n50_os0.9_r6_uniform/n50_os0.9_r6_uniform_03.alb,50,8,6,uniform,2964622857,0.9,0.9004,251,2438
n50_os0.9_r6_uniform_04,n50_os0.9_r6_uniform,instances/n50_os0.9_r6_uniform/n50_os0.9_r6_uniform_04.alb,50,8,6,uniform,785390506,0.9,0.9004,219,2380
n50_os0.9_r6_uniform_05,n50_os0.9_r6_uniform,instances/n50_os0.9_r6_uniform/n50_os0.9_r6_uniform_05.alb,50,8,6,uniform,1507273532,0.9,0.9004,213,2202
n50_os0.9_r6_uniform_06,n50_os0.9_r6_uniform,instances/n50_os0.9_r6_uniform/n50_os0.9_r6_uniform_06.alb,50,8,6,uniform,3235805830,0.9,0.902,262,2305
n50_os0.9_r6_uniform_07,n50_os0.9_r6_uniform,instances/n50_os0.9_r6_uniform/n50_os0.9_r6_uniform_07.alb,50,8,6,uniform,3084470800,0.9,0.9004,246,2376
n50_os0.9_r6_uniform_08,n50_os0.9_r6_uniform,instances/n50_os0.9_r6_uniform/n50_os0.9_r6_uniform_08.alb,50,8,6,uniform,661018497,0.9,0.9004,222,2454
n50_os0.9_r6_uniform_09,n50_os0.9_r6_uniform,instances/n50_os0.9_r6_uniform/n50_os0.9_r6_uniform_09.alb,50,8,6,uniform,1348560663,0.9,0.9012,245,2436
n50_os0.9_r6_uniform_10,n50_os0.9_r6_uniform,instances/n50_os0.9_r6_uniform/n50_os0.9_r6_uniform_10.alb,50,8,6,uniform,3212947849,0.9,0.9029,204,2651
n50_os0.9_r6_uniform_11,n50_os0.9_r6_uniform,instances/n50_os0.9_r6_uniform/n50_os0.9_r6_uniform_11.alb,50,8,6,uniform,3364258079,0.9,0.9029,239,2340
n50_os0.9_r6_uniform_12,n50_os0.9_r6_uniform,instances/n50_os0.9_r6_uniform/n50_os0.9_r6_uniform_12.alb,50,8,6,uniform,1368379557,0.9,0.9029,278,2708
n50_os0.9_r6_uniform_13,n50_os0.9_r6_uniform,instances/n50_os0.9_r6_uniform/n50_os0.9_r6_uniform_13.alb,50,8,6,uniform,646504499,0.9,0.9102,238,2661
n50_os0.9_r6_uniform_14,n50_os0.9_r6_uniform,instances/n50_os0.9_r6_uniform/n50_os0.9_r6_uniform_14.alb,50,8,6,uniform,3102504336,0.9,0.9045,236,2428
n50_os0.9_r6_uniform_15,n50_os0.9_r6_uniform,instances/n50_os0.9_r6_uniform/n50_os0.9_r6_uniform_15.alb,50,8,6,uniform,3488302342,0.9,0.902,247,2365
n50_os0.9_r6_uniform_16,n50_os0.9_r6_uniform,instances/n50_os0.9_r6_uniform/n50_os0.9_r6_uniform_16.alb,50,8,6,uniform,1457657020,0.9,0.9053,227,2517
n50_os0.9_r6_uniform_17,n50_os0.9_r6_uniform,instances/n50_os0.9_r6_uniform/n50_os0.9_r6_uniform_17.alb,50,8,6,uniform,568665130,0.9,0.9012,253,2370
n50_os0.9_r6_uniform_18,n50_os0.9_r6_uniform,instances/n50_os0.9_r6_uniform/n50_os0.9_r6_uniform_18.alb,50,8,6,uniform,2975480251,0.9,0.9004,241,2352
n50_os0.9_r6_uniform_19,n50_os0.9_r6_uniform,instances/n50_os0.9_r6_uniform/n50_os0.9_r6_uniform_19.alb,50,8,6,uniform,3327985965,0.9,0.9004,249,2526
n50_os0.9_r6_uniform_20,n50_os0.9_r6_uniform,instances/n50_os0.9_r6_uniform/n50_os0.9_r6_uniform_20.alb,50,8,6,uniform,2494358090,0.9,0.9012,242,2813
n50_os0.9_r6_uniform_21,n50_os0.9_r6_uniform,instances/n50_os0.9_r6_uniform/n50_os0.9_r6_uniform_21.alb,50,8,6,uniform,3819688668,0.9,0.9012,219,2430
n50_os0.9_r6_uniform_22,n50_os0.9_r6_uniform,instances/n50_os0.9_r6_uniform/n50_os0.9_r6_uniform_22.alb,50,8,6,uniform,2057470822,0.9,0.902,259,2625
n50_os0.9_r6_uniform_23,n50_os0.9_r6_uniform,instances/n50_os0.9_r6_uniform/n50_os0.9_r6_uniform_23.alb,50,8,6,uniform,228963312,0.9,0.9029,215,2711
n50_os0.9_r6_uniform_24,n50_os0.9_r6_uniform,instances/n50_os0.9_r6_uniform/n50_os0.9_r6_uniform_24.alb,50,8,6,uniform,2478909011,0.9,0.9012,243,2561
n50_os0.9_r6_bimodal_00,n50_os0.9_r6_bimodal,instances/n50_os0.9_r6_bimodal/n50_os0.9_r6_bimodal_00.alb,50,8,6,bimodal,203894686,0.9,0.9004,234,1559
n50_os0.9_r6_bimodal_01,n50_os0.9_r6_bimodal,instances/n50_os0.9_r6_bimodal/n50_os0.9_r6_bimodal_01.alb,50,8,6,bimodal,2065702664,0.9,0.9004,242,1245
n50_os0.9_r6_bimodal_02,n50_os0.9_r6_bimodal,instances/n50_os0.9_r6_bimodal/n50_os0.9_r6_bimodal_02.alb,50,8,6,bimodal,3794357938,0.9,0.902,254,1451
n50_os0.9_r6_bimodal_03,n50_os0.9_r6_bimodal,instances/n50_os0.9_r6_bimodal/n50_os0.9_r6_bimodal_03.alb,50,8,6,bimodal,2502852132,0.9,0.902,236,1568
n50_os0.9_r6_bimodal_04,n50_os0.9_r6_bimodal,instances/n50_os0.9_r6_bimodal/n50_os0.9_r6_bimodal_04.alb,50,8,6,bimodal,189459335,0.9,0.9004,247,1662
n50_os0.9_r6_bimodal_05,n50_os0.9_r6_bimodal,instances/n50_os0.9_r6_bimodal/n50_os0.9_r6_bimodal_05.alb,50,8,6,bimodal,2085477137,0.9,0.9029,240,1345
n50_os0.9_r6_bimodal_06,n50_os0.9_r6_bimodal,instances/n50_os0.9_r6_bimodal/n50_os0.9_r6_bimodal_06.alb,50,8,6,bimodal,3846474411,0.9,0.9086,270,1530
n50_os0.9_r6_bimodal_07,n50_os0.9_r6_bimodal,instances/n50_os0.9_r6_bimodal/n50_os0.9_r6_bimodal_07.alb,50,8,6,bimodal,2453912125,0.9,0.9069,234,1768
n50_os0.9_r6_bimodal_08,n50_os0.9_r6_bimodal,instances/n50_os0.9_r6_bimodal/n50_os0.9_r6_bimodal_08.alb,50,8,6,bimodal,50112428,0.9,0.9004,230,1387
n50_os0.9_r6_bimodal_09,n50_os0.9_r6_bimodal,instances/n50_os0.9_r6_bimodal/n50_os0.9_r6_bimodal_09.alb,50,8,6,bimodal,1979422522,0.9,0.9004,215,1448
n50_os0.9_r6_bimodal_10,n50_os0.9_r6_bimodal,instances/n50_os0.9_r6_bimodal/n50_os0.9_r6_bimodal_10.alb,50,8,6,bimodal,4202395404,0.9,0.9004,239,1660
n50_os0.9_r6_bimodal_11,n50_os0.9_r6_bimodal,instances/n50_os0.9_r6_bimodal/n50_os0.9_r6_bimodal_11.alb,50,8,6,bimodal,2373732250,0.9,0.9004,237,1487
n50_os0.9_r6_bimodal_12,n50_os0.9_r6_bimodal,instances/n50_os0.9_r6_bimodal/n50_os0.9_r6_bimodal_12.alb,50,8,6,bimodal,343217696,0.9,0.902,235,1644
n50_os0.9_r6_bimodal_13,n50_os0.9_r6_bimodal,instances/n50_os0.9_r6_bimodal/n50_os0.9_r6_bimodal_13.alb,50,8,6,bimodal,1668425398,0.9,0.902,250,1483
n50_os0.9_r6_bimodal_14,n50_os0.9_r6_bimodal,instances/n50_os0.9_r6_bimodal/n50_os0.9_r6_bimodal_14.alb,50,8,6,bimodal,4246123285,0.9,0.9012,241,1163
n50_os0.9_r6_bimodal_15,n50_os0.9_r6_bimodal,instances/n50_os0.9_r6_bimodal/n50_os0.9_r6_bimodal_15.alb,50,8,6,bimodal,2316403587,0.9,0.9004,260,1269
n50_os0.9_r6_bimodal_16,n50_os0.9_r6_bimodal,instances/n50_os0.9_r6_bimodal/n50_os0.9_r6_bimodal_16.alb,50,8,6,bimodal,320393785,0.9,0.9004,247,1290
n50_os0.9_r6_bimodal_17,n50_os0.9_r6_bimodal,instances/n50_os0.9_r6_bimodal/n50_os0.9_r6_bimodal_17.alb,50,8,6,bimodal,1679811247,0.9,0.9012,245,1505
n50_os0.9_r6_bimodal_18,n50_os0.9_r6_bimodal,instances/n50_os0.9_r6_bimodal/n50_os0.9_r6_bimodal_18.alb,50,8,6,bimodal,4104191806,0.9,0.9037,227,1575
n50_os0.9_r6_bimodal_19,n50_os0.9_r6_bimodal,instances/n50_os0.9_r6_bimodal/n50_os0.9_r6_bimodal_19.alb,50,8,6,bimodal,2208812968,0.9,0.9004,229,1540
n50_os0.9_r6_bimodal_20,n50_os0.9_r6_bimodal,instances/n50_os0.9_r6_bimodal/n50_os0.9_r6_bimodal_20.alb,50,8,6,bimodal,3512083663,0.9,0.9012,238,1072
n50_os0.9_r6_bimodal_21,n50_os0.9_r6_bimodal,instances/n50_os0.9_r6_bimodal/n50_os0.9_r6_bimodal_21.alb,50,8,6,bimodal,2790331481,0.9,0.9004,253,1631
n50_os0.9_r6_bimodal_22,n50_os0.9_r6_bimodal,instances/n50_os0.9_r6_bimodal/n50_os0.9_r6_bimodal_22.alb,50,8,6,bimodal,1062749667,0.9,0.9004,234,1307
n50_os0.9_r6_bimodal_23,n50_os0.9_r6_bimodal,instances/n50_os0.9_r6_bimodal/n50_os0.9_r6_bimodal_23.alb,50,8,6,bimodal,1214215541,0.9,0.9078,238,1479
n50_os0.9_r6_bimodal_24,n50_os0.9_r6_bimodal,instances/n50_os0.9_r6_bimodal/n50_os0.9_r6_bimodal_24.alb,50,8,6,bimodal,3594248406,0.9,0.9004,268,1961
n50_os0.9_r10_uniform_00,n50_os0.9_r10_uniform,instances/n50_os0.9_r10_uniform/n50_os0.9_r10_uniform_00.alb,50,5,10,uniform,1835315584,0.9,0.9004,218,2485
n50_os0.9_r10_uniform_01,n50_os0.9_r10_uniform,instances/n50_os0.9_r10_uniform/n50_os0.9_r10_uniform_01.alb,50,5,10,uniform,442728726,0.9,0.9012,238,2044
n50_os0.9_r10_uniform_02,n50_os0.9_r10_uniform,instances/n50_os0.9_r10_uniform/n50_os0.9_r10_uniform_02.alb,50,5,10,uniform,2204815532,0.9,0.9004,259,2598
n50_os0.9_r10_uniform_03,n50_os0.9_r10_uniform,instances/n50_os0.9_r10_uniform/n50_os0.9_r10_uniform_03.alb,50,5,10,uniform,4100841530,0.9,0.9004,268,2738
n50_os0.9_r10_uniform_04,n50_os0.9_r10_uniform,instances/n50_os0.9_r10_uniform/n50_os0.9_r10_uniform_04.alb,50,5,10,uniform,1779004825,0.9,0.902,243,2747
n50_os0.9_r10_uniform_05,n50_os0.9_r10_uniform,instances/n50_os0.9_r10_uniform/n50_os0.9_r10_uniform_05.alb,50,5,10,uniform,487474447,0.9,0.9078,245,2477
n50_os0.9_r10_uniform_06,n50_os0.9_r10_uniform,instances/n50_os0.9_r10_uniform/n50_os0.9_r10_uniform_06.alb,50,5,10,uniform,2215056565,0.9,0.9029,244,2641
n50_os0.9_r10_uniform_07,n50_os0.9_r10_uniform,instances/n50_os0.9_r10_uniform/n50_os0.9_r10_uniform_07.alb,50,5,10,uniform,4076872739,0.9,0.9012,259,2629
n50_os0.9_r10_uniform_08,n50_os0.9_r10_uniform,instances/n50_os0.9_r10_uniform/n50_os0.9_r10_uniform_08.alb,50,5,10,uniform,1673476530,0.9,0.9004,250,2176
n50_os0.9_r10_uniform_09,n50_os0.9_r10_uniform,instances/n50_os0.9_r10_uniform/n50_os0.9_r10_uniform_09.alb,50,5,10,uniform,347605284,0.9,0.9012,246,2594
n50_os0.9_r10_uniform_10,n50_os0.9_r10_uniform,instances/n50_os0.9_r10_uniform/n50_os0.9_r10_uniform_10.alb,50,5,10,uniform,1378801,0.9,0.9004,255,2337
n50_os0.9_r10_uniform_11,n50_os0.9_r10_uniform,instances/n50_os0.9_r10_uniform/n50_os0.9_r10_uniform_11.alb,50,5,10,uniform,1997683047,0.9,0.9012,246,2189
n50_os0.9_r10_uniform_12,n50_os0.9_r10_uniform,instances/n50_os0.9_r10_uniform/n50_os0.9_r10_uniform_12.alb,50,5,10,uniform,3994773725,0.9,0.9004,216,2079
n50_os0.9_r10_uniform_13,n50_os0.9_r10_uniform,instances/n50_os0.9_r10_uniform/n50_os0.9_r10_uniform_13.alb,50,5,10,uniform,2568771659,0.9,0.9012,224,2811
n50_os0.9_r10_uniform_14,n50_os0.9_r10_uniform,instances/n50_os0.9_r10_uniform/n50_os0.9_r10_uniform_14.alb,50,5,10,uniform,125357544,0.9,0.9004,230,2322
n50_os0.9_r10_uniform_15,n50_os0.9_r10_uniform,instances/n50_os0.9_r10_uniform/n50_os0.9_r10_uniform_15.alb,50,5,10,uniform,1887436158,0.9,0.9004,258,2638
n50_os0.9_r10_uniform_16,n50_os0.9_r10_uniform,instances/n50_os0.9_r10_uniform/n50_os0.9_r10_uniform_16.alb,50,5,10,uniform,3916868804,0.9,0.9029,252,2735
n50_os0.9_r10_uniform_17,n50_os0.9_r10_uniform,instances/n50_os0.9_r10_uniform/n50_os0.9_r10_uniform_17.alb,50,5,10,uniform,2658245714,0.9,0.902,250,2503
n50_os0.9_r10_uniform_18,n50_os0.9_r10_uniform,instances/n50_os0.9_r10_uniform/n50_os0.9_r10_uniform_18.alb,50,5,10,uniform,248414659,0.9,0.9012,244,2571
n50_os0.9_r10_uniform_19,n50_os0.9_r10_uniform,instances/n50_os0.9_r10_uniform/n50_os0.9_r10_uniform_19.alb,50,5,10,uniform,2043261269,0.9,0.9094,235,2646
n50_os0.9_r10_uniform_20,n50_os0.9_r10_uniform,instances/n50_os0.9_r10_uniform/n50_os0.9_r10_uniform_20.alb,50,5,10,uniform,725113394,0.9,0.9012,266,2341
n50_os0.9_r10_uniform_21,n50_os0.9_r10_uniform,instances/n50_os0.9_r10_uniform/n50_os0.9_r10_uniform_21.alb,50,5,10,uniform,1547659940,0.9,0.9012,255,2356
n50_os0.9_r10_uniform_22,n50_os0.9_r10_uniform,instances/n50_os0.9_r10_uniform/n50_os0.9_r10_uniform_22.alb,50,5,10,uniform,3308665630,0.9,0.9004,244,2383
n50_os0.9_r10_uniform_23,n50_os0.9_r10_uniform,instances/n50_os0.9_r10_uniform/n50_os0.9_r10_uniform_23.alb,50,5,10,uniform,2989558664,0.9,0.9029,253,2507
n50_os0.9_r10_uniform_24,n50_os0.9_r10_uniform,instances/n50_os0.9_r10_uniform/n50_os0.9_r10_uniform_24.alb,50,5,10,uniform,743808555,0.9,0.9004,263,2239
n50_os0.9_r10_bimodal_00,n50_os0.9_r10_bimodal,instances/n50_os0.9_r10_bimodal/n50_os0.9_r10_bimodal_00.alb,50,5,10,bimodal,1224622509,0.9,0.9094,261,1836
n50_os0.9_r10_bimodal_01,n50_os0.9_r10_bimodal,instances/n50_os0.9_r10_bimodal/n50_os0.9_r10_bimodal_01.alb,50,5,10,bimodal,1073312059,0.9,0.9037,249,1394
n50_os0.9_r10_bimodal_02,n50_os0.9_r10_bimodal,instances/n50_os0.9_r10_bimodal/n50_os0.9_r10_bimodal_02.alb,50,5,10,bimodal,2800754817,0.9,0.9061,220,1661
n50_os0.9_r10_bimodal_03,n50_os0.9_r10_bimodal,instances/n50_os0.9_r10_bimodal/n50_os0.9_r10_bimodal_03.alb,50,5,10,bimodal,3522629655,0.9,0.9004,244,1589
n50_os0.9_r10_bimodal_04,n50_os0.9_r10_bimodal,instances/n50_os0.9_r10_bimodal/n50_os0.9_r10_bimodal_04.alb,50,5,10,bimodal,1335068084,0.9,0.9004,245,1777
n50_os0.9_r10_bimodal_05,n50_os0.9_r10_bimodal,instances/n50_os0.9_r10_bimodal/n50_os0.9_r10_bimodal_05.alb,50,5,10,bimodal,949269794,0.9,0.9029,219,1365
n50_os0.9_r10_bimodal_06,n50_os0.9_r10_bimodal,instances/n50_os0.9_r10_bimodal/n50_os0.9_r10_bimodal_06.alb,50,5,10,bimodal,2711479448,0.9,0.9004,254,1737
n50_os0.9_r10_bimodal_07,n50_os0.9_r10_bimodal,instances/n50_os0.9_r10_bimodal/n50_os0.9_r10_bimodal_07.alb,50,5,10,bimodal,3600471054,0.9,0.9029,258,1489
n50_os0.9_r10_bimodal_08,n50_os0.9_r10_bimodal,instances/n50_os0.9_r10_bimodal/n50_os0.9_r10_bimodal_08.alb,50,5,10,bimodal,1176881567,0.9,0.902,259,1452
n50_os0.9_r10_bimodal_09,n50_os0.9_r10_bimodal,instances/n50_os0.9_r10_bimodal/n50_os0.9_r10_bimodal_09.alb,50,5,10,bimodal,824375561,0.9,0.9012,241,1650
n50_os0.9_r10_bimodal_10,n50_os0.9_r10_bimodal,instances/n50_os0.9_r10_bimodal/n50_os0.9_r10_bimodal_10.alb,50,5,10,bimodal,1173344116,0.9,0.9045,233,1659
n50_os0.9_r10_bimodal_11,n50_os0.9_r10_bimodal,instances/n50_os0.9_r10_bimodal/n50_os0.9_r10_bimodal_11.alb,50,5,10,bimodal,854130658,0.9,0.9004,261,1686
n50_os0.9_r10_bimodal_12,n50_os0.9_r10_bimodal,instances/n50_os0.9_r10_bimodal/n50_os0.9_r10_bimodal_12.alb,50,5,10,bimodal,2883694168,0.9,0.9012,264,1803
n50_os0.9_r10_bimodal_13,n50_os0.9_r10_bimodal,instances/n50_os0.9_r10_bimodal/n50_os0.9_r10_bimodal_13.alb,50,5,10,bimodal,3706101454,0.9,0.9004,235,1630
n50_os0.9_r10_bimodal_14,n50_os0.9_r10_bimodal,instances/n50_os0.9_r10_bimodal/n50_os0.9_r10_bimodal_14.alb,50,5,10,bimodal,1115818861,0.9,0.902,250,1225
n50_os0.9_r10_bimodal_15,n50_os0.9_r10_bimodal,instances/n50_os0.9_r10_bimodal/n50_os0.9_r10_bimodal_15.alb,50,5,10,bimodal,897924091,0.9,0.9004,255,1281
n50_os0.9_r10_bimodal_16,n50_os0.9_r10_bimodal,instances/n50_os0.9_r10_bimodal/n50_os0.9_r10_bimodal_16.alb,50,5,10,bimodal,2894883393,0.9,0.9037,267,1252
n50_os0.9_r10_bimodal_17,n50_os0.9_r10_bimodal,instances/n50_os0.9_r10_bimodal/n50_os0.9_r10_bimodal_17.alb,50,5,10,bimodal,3683343063,0.9,0.9012,230,1700
n50_os0.9_r10_bimodal_18,n50_os0.9_r10_bimodal,instances/n50_os0.9_r10_bimodal/n50_os0.9_r10_bimodal_18.alb,50,5,10,bimodal,1261717318,0.9,0.9004,266,1726
n50_os0.9_r10_bimodal_19,n50_os0.9_r10_bimodal,instances/n50_os0.9_r10_bimodal/n50_os0.9_r10_bimodal_19.alb,50,5,10,bimodal,1010005968,0.9,0.9061,218,1242
n50_os0.9_r10_bimodal_20,n50_os0.9_r10_bimodal,instances/n50_os0.9_r10_bimodal/n50_os0.9_r10_bimodal_20.alb,50,5,10,bimodal,1858247863,0.9,0.9012,263,1424
n50_os0.9_r10_bimodal_21,n50_os0.9_r10_bimodal,instances/n50_os0.9_r10_bimodal/n50_os0.9_r10_bimodal_21.alb,50,5,10,bimodal,432385057,0.9,0.902,243,1523
n50_os0.9_r10_bimodal_22,n50_os0.9_r10_bimodal,instances/n50_os0.9_r10_bimodal/n50_os0.9_r10_bimodal_22.alb,50,5,10,bimodal,2160917915,0.9,0.9078,249,1676
n50_os0.9_r10_bimodal_23,n50_os0.9_r10_bimodal,instances/n50_os0.9_r10_bimodal/n50_os0.9_r10_bimodal_23.alb,50,5,10,bimodal,4157328653,0.9,0.9004,249,1319
n50_os0.9_r10_bimodal_24,n50_os0.9_r10_bimodal,instances/n50_os0.9_r10_bimodal/n50_os0.9_r10_bimodal_24.alb,50,5,10,bimodal,1773099182,0.9,0.9029,250,1614
n100_os0.2_r3_uniform_00,n100_os0.2_r3_uniform,instances/n100_os0.2_r3_uniform/n100_os0.2_r3_uniform_00.alb,100,33,3,uniform,1672641368,0.2,0.203,228,4687
n100_os0.2_r3_uniform_01,n100_os0.2_r3_uniform,instances/n100_os0.2_r3_uniform/n100_os0.2_r3_uniform_01.alb,100,33,3,uniform,347425742,0.2,0.2101,223,5198
n100_os0.2_r3_uniform_02,n100_os0.2_r3_uniform,instances/n100_os0.2_r3_uniform/n100_os0.2_r3_uniform_02.alb,100,33,3,uniform,2377914996,0.2,0.2016,247,5316
n100_os0.2_r3_uniform_03,n100_os0.2_r3_uniform,instances/n100_os0.2_r3_uniform/n100_os0.2_r3_uniform_03.alb,100,33,3,uniform,4206570210,0.2,0.2026,202,4739
n100_os0.2_r3_uniform_04,n100_os0.2_r3_uniform,instances/n100_os0.2_r3_uniform/n100_os0.2_r3_uniform_04.alb,100,33,3,uniform,1692385089,0.2,0.2036,218,4943
n100_os0.2_r3_uniform_05,n100_os0.2_r3_uniform,instances/n100_os0.2_r3_uniform/n100_os0.2_r3_uniform_05.alb,100,33,3,uniform,332959703,0.2,0.2012,200,4428
n100_os0.2_r3_uniform_06,n100_os0.2_r3_uniform,instances/n100_os0.2_r3_uniform/n100_os0.2_r3_uniform_06.alb,100,33,3,uniform,2329009773,0.2,0.2018,223,5207
n100_os0.2_r3_uniform_07,n100_os0.2_r3_uniform,instances/n100_os0.2_r3_uniform/n100_os0.2_r3_uniform_07.alb,100,33,3,uniform,4258721531,0.2,0.2002,222,5049
n100_os0.2_r3_uniform_08,n100_os0.2_r3_uniform,instances/n100_os0.2_r3_uniform/n100_os0.2_r3_uniform_08.alb,100,33,3,uniform,1835660138,0.2,0.2,236,4477
n100_os0.2_r3_uniform_09,n100_os0.2_r3_uniform,instances/n100_os0.2_r3_uniform/n100_os0.2_r3_uniform_09.alb,100,33,3,uniform,443466748,0.2,0.201,230,4932
n100_os0.2_r3_uniform_10,n100_os0.2_r3_uniform,instances/n100_os0.2_r3_uniform/n100_os0.2_r3_uniform_10.alb,100,33,3,uniform,2282980829,0.2,0.201,218,5053
n100_os0.2_r3_uniform_11,n100_os0.2_r3_uniform,instances/n100_os0.2_r3_uniform/n100_os0.2_r3_uniform_11.alb,100,33,3,uniform,4279547211,0.2,0.2139,236,5298
n100_os0.2_r3_uniform_12,n100_os0.2_r3_uniform,instances/n100_os0.2_r3_uniform/n100_os0.2_r3_uniform_12.alb,100,33,3,uniform,1713235185,0.2,0.2018,225,5005
n100_os0.2_r3_uniform_13,n100_os0.2_r3_uniform,instances/n100_os0.2_r3_uniform/n100_os0.2_r3_uniform_13.alb,100,33,3,uniform,286970983,0.2,0.2,211,5248
n100_os0.2_r3_uniform_14,n100_os0.2_r3_uniform,instances/n100_os0.2_r3_uniform/n100_os0.2_r3_uniform_14.alb,100,33,3,uniform,2407416260,0.2,0.2053,222,5238
n100_os0.2_r3_uniform_15,n100_os0.2_r3_uniform,instances/n100_os0.2_r3_uniform/n100_os0.2_r3_uniform_15.alb,100,33,3,uniform,4168708434,0.2,0.2048,226,4947
n100_os0.2_r3_uniform_16,n100_os0.2_r3_uniform,instances/n100_os0.2_r3_uniform/n100_os0.2_r3_uniform_16.alb,100,33,3,uniform,1634738408,0.2,0.2032,234,4537
n100_os0.2_r3_uniform_17,n100_os0.2_r3_uniform,instances/n100_os0.2_r3_uniform/n100_os0.2_r3_uniform_17.alb,100,33,3,uniform,376901758,0.2,0.2032,214,5257
n100_os0.2_r3_uniform_18,n100_os0.2_r3_uniform,instances/n100_os0.2_r3_uniform/n100_os0.2_r3_uniform_18.alb,100,33,3,uniform,2261257711,0.2,0.2002,198,5642
n100_os0.2_r3_uniform_19,n100_os0.2_r3_uniform,instances/n100_os0.2_r3_uniform/n100_os0.2_r3_uniform_19.alb,100,33,3,uniform,4056890745,0.2,0.2002,254,5251
n100_os0.2_r3_uniform_20,n100_os0.2_r3_uniform,instances/n100_os0.2_r3_uniform/n100_os0.2_r3_uniform_20.alb,100,33,3,uniform,2738804254,0.2,0.2032,246,4635
n100_os0.2_r3_uniform_21,n100_os0.2_r3_uniform,instances/n100_os0.2_r3_uniform/n100_os0.2_r3_uniform_21.alb,100,33,3,uniform,3560564360,0.2,0.2032,229,5178
n100_os0.2_r3_uniform_22,n100_os0.2_r3_uniform,instances/n100_os0.2_r3_uniform/n100_os0.2_r3_uniform_22.alb,100,33,3,uniform,1295038258,0.2,0.202,226,5148
n100_os0.2_r3_uniform_23,n100_os0.2_r3_uniform,instances/n100_os0.2_r3_uniform/n100_os0.2_r3_uniform_23.alb,100,33,3,uniform,976717732,0.2,0.2051,212,4548
n100_os0.2_r3_uniform_24,n100_os0.2_r3_uniform,instances/n100_os0.2_r3_uniform/n100_os0.2_r3_uniform_24.alb,100,33,3,uniform,2756907527,0.2,0.2002,232,4752
n100_os0.2_r3_bimodal_00,n100_os0.2_r3_bimodal,instances/n100_os0.2_r3_bimodal/n100_os0.2_r3_bimodal_00.alb,100,33,3,bimodal,1177062261,0.2,0.2004,226,3330
n100_os0.2_r3_bimodal_01,n100_os0.2_r3_bimodal,instances/n100_os0.2_r3_bimodal/n100_os0.2_r3_bimodal_01.alb,100,33,3,bimodal,825211875,0.2,0.201,230,2835
n100_os0.2_r3_bimodal_02,n100_os0.2_r3_bimodal,instances/n100_os0.2_r3_bimodal/n100_os0.2_r3_bimodal_02.alb,100,33,3,bimodal,2821122649,0.2,0.2103,218,3007
n100_os0.2_r3_bimodal_03,n100_os0.2_r3_bimodal,instances/n100_os0.2_r3_bimodal/n100_os0.2_r3_bimodal_03.alb,100,33,3,bimodal,3743537871,0.2,0.2008,212,3517
n100_os0.2_r3_bimodal_04,n100_os0.2_r3_bimodal,instances/n100_os0.2_r3_bimodal/n100_os0.2_r3_bimodal_04.alb,100,33,3,bimodal,1095061356,0.2,0.2008,249,3018
n100_os0.2_r3_bimodal_05,n100_os0.2_r3_bimodal,instances/n100_os0.2_r3_bimodal/n100_os0.2_r3_bimodal_05.alb,100,33,3,bimodal,910327802,0.2,0.202,205,3116
n100_os0.2_r3_bimodal_06,n100_os0.2_r3_bimodal,instances/n100_os0.2_r3_bimodal/n100_os0.2_r3_bimodal_06.alb,100,33,3,bimodal,2940939840,0.2,0.2004,231,2934
n100_os0.2_r3_bimodal_07,n100_os0.2_r3_bimodal,instances/n100_os0.2_r3_bimodal/n100_os0.2_r3_bimodal_07.alb,100,33,3,bimodal,3628867286,0.2,0.2038,218,3161
n100_os0.2_r3_bimodal_08,n100_os0.2_r3_bimodal,instances/n100_os0.2_r3_bimodal/n100_os0.2_r3_bimodal_08.alb,100,33,3,bimodal,1223885639,0.2,0.2012,196,3139
n100_os0.2_r3_bimodal_09,n100_os0.2_r3_bimodal,instances/n100_os0.2_r3_bimodal/n100_os0.2_r3_bimodal_09.alb,100,33,3,bimodal,1072968657,0.2,0.2008,217,2899
n100_os0.2_r3_bimodal_10,n100_os0.2_r3_bimodal,instances/n100_os0.2_r3_bimodal/n100_os0.2_r3_bimodal_10.alb,100,33,3,bimodal,3454616408,0.2,0.2131,232,3069
n100_os0.2_r3_bimodal_11,n100_os0.2_r3_bimodal,instances/n100_os0.2_r3_bimodal/n100_os0.2_r3_bimodal_11.alb,100,33,3,bimodal,3136189390,0.2,0.2004,227,3029
n100_os0.2_r3_bimodal_12,n100_os0.2_r3_bimodal,instances/n100_os0.2_r3_bimodal/n100_os0.2_r3_bimodal_12.alb,100,33,3,bimodal,602350196,0.2,0.2032,219,3185
n100_os0.2_r3_bimodal_13,n100_os0.2_r3_bimodal,instances/n100_os0.2_r3_bimodal/n100_os0.2_r3_bimodal_13.alb,100,33,3,bimodal,1423971042,0.2,0.2028,216,3456
n100_os0.2_r3_bimodal_14,n100_os0.2_r3_bimodal,instances/n100_os0.2_r3_bimodal/n100_os0.2_r3_bimodal_14.alb,100,33,3,bimodal,3397683009,0.2,0.2198,213,2729
n100_os0.2_r3_bimodal_15,n100_os0.2_r3_bimodal,instances/n100_os0.2_r3_bimodal/n100_os0.2_r3_bimodal_15.alb,100,33,3,bimodal,3179526103,0.2,0.2002,202,3168
n100_os0.2_r3_bimodal_16,n100_os0.2_r3_bimodal,instances/n100_os0.2_r3_bimodal/n100_os0.2_r3_bimodal_16.alb,100,33,3,bimodal,613082733,0.2,0.2002,239,3607
n100_os0.2_r3_bimodal_17,n100_os0.2_r3_bimodal,instances/n100_os0.2_r3_bimodal/n100_os0.2_r3_bimodal_17.alb,100,33,3,bimodal,1401804539,0.2,0.2,230,3191
n100_os0.2_r3_bimodal_18,n100_os0.2_r3_bimodal,instances/n100_os0.2_r3_bimodal/n100_os0.2_r3_bimodal_18.alb,100,33,3,bimodal,3274885994,0.2,0.2,251,3596
n100_os0.2_r3_bimodal_19,n100_os0.2_r3_bimodal,instances/n100_os0.2_r3_bimodal/n100_os0.2_r3_bimodal_19.alb,100,33,3,bimodal,3023436796,0.2,0.201,225,3232
n100_os0.2_r3_bimodal_20,n100_os0.2_r3_bimodal,instances/n100_os0.2_r3_bimodal/n100_os0.2_r3_bimodal_20.alb,100,33,3,bimodal,3871608987,0.2,0.2012,248,3073
n100_os0.2_r3_bimodal_21,n100_os0.2_r3_bimodal,instances/n100_os0.2_r3_bimodal/n100_os0.2_r3_bimodal_21.alb,100,33,3,bimodal,2445484045,0.2,0.2162,226,2983
n100_os0.2_r3_bimodal_22,n100_os0.2_r3_bimodal,instances/n100_os0.2_r3_bimodal/n100_os0.2_r3_bimodal_22.alb,100,33,3,bimodal,147485111,0.2,0.2008,231,2739
n100_os0.2_r3_bimodal_23,n100_os0.2_r3_bimodal,instances/n100_os0.2_r3_bimodal/n100_os0.2_r3_bimodal_23.alb,100,33,3,bimodal,2144157985,0.2,0.202,236,2884
n100_os0.2_r3_bimodal_24,n100_os0.2_r3_bimodal,instances/n100_os0.2_r3_bimodal/n100_os0.2_r3_bimodal_24.alb,100,33,3,bimodal,3786003586,0.2,0.2073,223,3117
n100_os0.2_r6_uniform_00,n100_os0.2_r6_uniform,instances/n100_os0.2_r6_uniform/n100_os0.2_r6_uniform_00.alb,100,17,6,uniform,317052698,0.2,0.2032,246,4646
n100_os0.2_r6_uniform_01,n100_os0.2_r6_uniform,instances/n100_os0.2_r6_uniform/n100_os0.2_r6_uniform_01.alb,100,17,6,uniform,1709369228,0.2,0.2012,216,5172
n100_os0.2_r6_uniform_02,n100_os0.2_r6_uniform,instances/n100_os0.2_r6_uniform/n100_os0.2_r6_uniform_02.alb,100,17,6,uniform,4243306038,0.2,0.2006,222,5037
n100_os0.2_r6_uniform_03,n100_os0.2_r6_uniform,instances/n100_os0.2_r6_uniform/n100_os0.2_r6_uniform_03.alb,100,17,6,uniform,2347533984,0.2,0.2008,196,5435
n100_os0.2_r6_uniform_04,n100_os0.2_r6_uniform,instances/n100_os0.2_r6_uniform/n100_os0.2_r6_uniform_04.alb,100,17,6,uniform,361239299,0.2,0.2006,235,5234
n100_os0.2_r6_uniform_05,n100_os0.2_r6_uniform,instances/n100_os0.2_r6_uniform/n100_os0.2_r6_uniform_05.alb,100,17,6,uniform,1653547925,0.2,0.201,219,4739
n100_os0.2_r6_uniform_06,n100_os0.2_r6_uniform,instances/n100_os0.2_r6_uniform/n100_os0.2_r6_uniform_06.alb,100,17,6,uniform,4219892271,0.2,0.2002,226,4929
n100_os0.2_r6_uniform_07,n100_os0.2_r6_uniform,instances/n100_os0.2_r6_uniform/n100_os0.2_r6_uniform_07.alb,100,17,6,uniform,2357281465,0.2,0.2004,241,4821
n100_os0.2_r6_uniform_08,n100_os0.2_r6_uniform,instances/n100_os0.2_r6_uniform/n100_os0.2_r6_uniform_08.alb,100,17,6,uniform,473849640,0.2,0.2018,204,5154
n100_os0.2_r6_uniform_09,n100_os0.2_r6_uniform,instances/n100_os0.2_r6_uniform/n100_os0.2_r6_uniform_09.alb,100,17,6,uniform,1798926270,0.2,0.2014,215,5345
n100_os0.2_r6_uniform_10,n100_os0.2_r6_uniform,instances/n100_os0.2_r6_uniform/n100_os0.2_r6_uniform_10.alb,100,17,6,uniform,280031949,0.2,0.2014,226,5173
n100_os0.2_r6_uniform_11,n100_os0.2_r6_uniform,instances/n100_os0.2_r6_uniform/n100_os0.2_r6_uniform_11.alb,100,17,6,uniform,1740096091,0.2,0.2006,225,5121
n100_os0.2_r6_uniform_12,n100_os0.2_r6_uniform,instances/n100_os0.2_r6_uniform/n100_os0.2_r6_uniform_12.alb,100,17,6,uniform,4273902561,0.2,0.2004,197,5238
n100_os0.2_r6_uniform_13,n100_os0.2_r6_uniform,instances/n100_os0.2_r6_uniform/n100_os0.2_r6_uniform_13.alb,100,17,6,uniform,2310644599,0.2,0.2008,223,4691
n100_os0.2_r6_uniform_14,n100_os0.2_r6_uniform,instances/n100_os0.2_r6_uniform/n100_os0.2_r6_uniform_14.alb,100,17,6,uniform,400373460,0.2,0.2063,198,5121
n100_os0.2_r6_uniform_15,n100_os0.2_r6_uniform,instances/n100_os0.2_r6_uniform/n100_os0.2_r6_uniform_15.alb,100,17,6,uniform,1624901186,0.2,0.2004,223,4613
n100_os0.2_r6_uniform_16,n100_os0.2_r6_uniform,instances/n100_os0.2_r6_uniform/n100_os0.2_r6_uniform_16.alb,100,17,6,uniform,4191377400,0.2,0.2006,205,5256
n100_os0.2_r6_uniform_17,n100_os0.2_r6_uniform,instances/n100_os0.2_r6_uniform/n100_os0.2_r6_uniform_17.alb,100,17,6,uniform,2396284782,0.2,0.2,222,5433
n100_os0.2_r6_uniform_18,n100_os0.2_r6_uniform,instances/n100_os0.2_r6_uniform/n100_os0.2_r6_uniform_18.alb,100,17,6,uniform,510360319,0.2,0.2008,239,5080
n100_os0.2_r6_uniform_19,n100_os0.2_r6_uniform,instances/n100_os0.2_r6_uniform/n100_os0.2_r6_uniform_19.alb,100,17,6,uniform,1768704617,0.2,0.2002,216,5138
n100_os0.2_r6_uniform_20,n100_os0.2_r6_uniform,instances/n100_os0.2_r6_uniform/n100_os0.2_r6_uniform_20.alb,100,17,6,uniform,1000186126,0.2,0.201,213,5193
n100_os0.2_r6_uniform_21,n100_os0.2_r6_uniform,instances/n100_os0.2_r6_uniform/n100_os0.2_r6_uniform_21.alb,100,17,6,uniform,1285198232,0.2,0.2026,209,5576
n100_os0.2_r6_uniform_22,n100_os0.2_r6_uniform,instances/n100_os0.2_r6_uniform/n100_os0.2_r6_uniform_22.alb,100,17,6,uniform,3583229986,0.2,0.2036,195,4935
n100_os0.2_r6_uniform_23,n100_os0.2_r6_uniform,instances/n100_os0.2_r6_uniform/n100_os0.2_r6_uniform_23.alb,100,17,6,uniform,2727669940,0.2,0.2022,216,5008
n100_os0.2_r6_uniform_24,n100_os0.2_r6_uniform,instances/n100_os0.2_r6_uniform/n100_os0.2_r6_uniform_24.alb,100,17,6,uniform,1022387479,0.2,0.2143,220,4895
n100_os0.2_r6_bimodal_00,n100_os0.2_r6_bimodal,instances/n100_os0.2_r6_bimodal/n100_os0.2_r6_bimodal_00.alb,100,17,6,bimodal,931079991,0.2,0.2028,208,2746
n100_os0.2_r6_bimodal_01,n100_os0.2_r6_bimodal,instances/n100_os0.2_r6_bimodal/n100_os0.2_r6_bimodal_01.alb,100,17,6,bimodal,1081612193,0.2,0.2012,231,3352
n100_os0.2_r6_bimodal_02,n100_os0.2_r6_bimodal,instances/n100_os0.2_r6_bimodal/n100_os0.2_r6_bimodal_02.alb,100,17,6,bimodal,3648079387,0.2,0.2004,246,3483
n100_os0.2_r6_bimodal_03,n100_os0.2_r6_bimodal,instances/n100_os0.2_r6_bimodal/n100_os0.2_r6_bimodal_03.alb,100,17,6,bimodal,2926999181,0.2,0.2038,231,2768
n100_os0.2_r6_bimodal_04,n100_os0.2_r6_bimodal,instances/n100_os0.2_r6_bimodal/n100_os0.2_r6_bimodal_04.alb,100,17,6,bimodal,806544174,0.2,0.2006,211,2970
n100_os0.2_r6_bimodal_05,n100_os0.2_r6_bimodal,instances/n100_os0.2_r6_bimodal/n100_os0.2_r6_bimodal_05.alb,100,17,6,bimodal,1192612792,0.2,0.2069,216,2979
n100_os0.2_r6_bimodal_06,n100_os0.2_r6_bimodal,instances/n100_os0.2_r6_bimodal/n100_os0.2_r6_bimodal_06.alb,100,17,6,bimodal,3726410242,0.2,0.2032,195,3181
n100_os0.2_r6_bimodal_07,n100_os0.2_r6_bimodal,instances/n100_os0.2_r6_bimodal/n100_os0.2_r6_bimodal_07.alb,100,17,6,bimodal,2837164692,0.2,0.2059,206,3250
n100_os0.2_r6_bimodal_08,n100_os0.2_r6_bimodal,instances/n100_os0.2_r6_bimodal/n100_os0.2_r6_bimodal_08.alb,100,17,6,bimodal,967094021,0.2,0.202,228,3191
n100_os0.2_r6_bimodal_09,n100_os0.2_r6_bimodal,instances/n100_os0.2_r6_bimodal/n100_os0.2_r6_bimodal_09.alb,100,17,6,bimodal,1319346067,0.2,0.204,213,2500
n100_os0.2_r6_bimodal_10,n100_os0.2_r6_bimodal,instances/n100_os0.2_r6_bimodal/n100_os0.2_r6_bimodal_10.alb,100,17,6,bimodal,1430926408,0.2,0.2006,205,3160
n100_os0.2_r6_bimodal_11,n100_os0.2_r6_bimodal,instances/n100_os0.2_r6_bimodal/n100_os0.2_r6_bimodal_11.alb,100,17,6,bimodal,575472862,0.2,0.201,230,2608
n100_os0.2_r6_bimodal_12,n100_os0.2_r6_bimodal,instances/n100_os0.2_r6_bimodal/n100_os0.2_r6_bimodal_12.alb,100,17,6,bimodal,3141817700,0.2,0.2006,213,3597
n100_os0.2_r6_bimodal_13,n100_os0.2_r6_bimodal,instances/n100_os0.2_r6_bimodal/n100_os0.2_r6_bimodal_13.alb,100,17,6,bimodal,3426969074,0.2,0.2014,244,3078
n100_os0.2_r6_bimodal_14,n100_os0.2_r6_bimodal,instances/n100_os0.2_r6_bimodal/n100_os0.2_r6_bimodal_14.alb,100,17,6,bimodal,1378349137,0.2,0.2051,228,3520
n100_os0.2_r6_bimodal_15,n100_os0.2_r6_bimodal,instances/n100_os0.2_r6_bimodal/n100_os0.2_r6_bimodal_15.alb,100,17,6,bimodal,622903495,0.2,0.2006,229,2749
n100_os0.2_r6_bimodal_16,n100_os0.2_r6_bimodal,instances/n100_os0.2_r6_bimodal/n100_os0.2_r6_bimodal_16.alb,100,17,6,bimodal,3156840829,0.2,0.2127,240,2935
n100_os0.2_r6_bimodal_17,n100_os0.2_r6_bimodal,instances/n100_os0.2_r6_bimodal/n100_os0.2_r6_bimodal_17.alb,100,17,6,bimodal,3408830955,0.2,0.2014,208,3507
n100_os0.2_r6_bimodal_18,n100_os0.2_r6_bimodal,instances/n100_os0.2_r6_bimodal/n100_os0.2_r6_bimodal_18.alb,100,17,6,bimodal,1536277626,0.2,0.2004,236,2438
n100_os0.2_r6_bimodal_19,n100_os0.2_r6_bimodal,instances/n100_os0.2_r6_bimodal/n100_os0.2_r6_bimodal_19.alb,100,17,6,bimodal,748063980,0.2,0.2018,183,2852
n100_os0.2_r6_bimodal_20,n100_os0.2_r6_bimodal,instances/n100_os0.2_r6_bimodal/n100_os0.2_r6_bimodal_20.alb,100,17,6,bimodal,2120705931,0.2,0.2038,234,3363
n100_os0.2_r6_bimodal_21,n100_os0.2_r6_bimodal,instances/n100_os0.2_r6_bimodal/n100_os0.2_r6_bimodal_21.alb,100,17,6,bimodal,157308701,0.2,0.2,227,2892
n100_os0.2_r6_bimodal_22,n100_os0.2_r6_bimodal,instances/n100_os0.2_r6_bimodal/n100_os0.2_r6_bimodal_22.alb,100,17,6,bimodal,2422802087,0.2,0.2,209,3048
n100_os0.2_r6_bimodal_23,n100_os0.2_r6_bimodal,instances/n100_os0.2_r6_bimodal/n100_os0.2_r6_bimodal_23.alb,100,17,6,bimodal,3882759729,0.2,0.2055,205,2639
n100_os0.2_r6_bimodal_24,n100_os0.2_r6_bimodal,instances/n100_os0.2_r6_bimodal/n100_os0.2_r6_bimodal_24.alb,100,17,6,bimodal,2030740370,0.2,0.2008,221,3455
n100_os0.2_r10_uniform_00,n100_os0.2_r10_uniform,instances/n100_os0.2_r10_uniform/n100_os0.2_r10_uniform_00.alb,100,10,10,uniform,3260412612,0.2,0.2002,220,5213
n100_os0.2_r10_uniform_01,n100_os0.2_r10_uniform,instances/n100_os0.2_r10_uniform/n100_os0.2_r10_uniform_01.alb,100,10,10,uniform,3042099794,0.2,0.2053,211,5109
n100_os0.2_r10_uniform_02,n100_os0.2_r10_uniform,instances/n100_os0.2_r10_uniform/n100_os0.2_r10_uniform_02.alb,100,10,10,uniform,744199144,0.2,0.202,235,4783
n100_os0.2_r10_uniform_03,n100_os0.2_r10_uniform,instances/n100_os0.2_r10_uniform/n100_os0.2_r10_uniform_03.alb,100,10,10,uniform,1532797822,0.2,0.2006,209,4993
n100_os0.2_r10_uniform_04,n100_os0.2_r10_uniform,instances/n100_os0.2_r10_uniform/n100_os0.2_r10_uniform_04.alb,100,10,10,uniform,3308795613,0.2,0.2044,209,4564
n100_os0.2_r10_uniform_05,n100_os0.2_r10_uniform,instances/n100_os0.2_r10_uniform/n100_os0.2_r10_uniform_05.alb,100,10,10,uniform,2990474827,0.2,0.2002,228,5351
n100_os0.2_r10_uniform_06,n100_os0.2_r10_uniform,instances/n100_os0.2_r10_uniform/n100_os0.2_r10_uniform_06.alb,100,10,10,uniform,724981745,0.2,0.2004,205,5167
n100_os0.2_r10_uniform_07,n100_os0.2_r10_uniform,instances/n100_os0.2_r10_uniform/n100_os0.2_r10_uniform_07.alb,100,10,10,uniform,1546741607,0.2,0.2057,234,4914
n100_os0.2_r10_uniform_08,n100_os0.2_r10_uniform,instances/n100_os0.2_r10_uniform/n100_os0.2_r10_uniform_08.alb,100,10,10,uniform,3431889654,0.2,0.2036,206,4723
n100_os0.2_r10_uniform_09,n100_os0.2_r10_uniform,instances/n100_os0.2_r10_uniform/n100_os0.2_r10_uniform_09.alb,100,10,10,uniform,3146336864,0.2,0.2008,218,4611
n100_os0.2_r10_uniform_10,n100_os0.2_r10_uniform,instances/n100_os0.2_r10_uniform/n100_os0.2_r10_uniform_10.alb,100,10,10,uniform,1896594747,0.2,0.2002,222,5225
n100_os0.2_r10_uniform_11,n100_os0.2_r10_uniform,instances/n100_os0.2_r10_uniform/n100_os0.2_r10_uniform_11.alb,100,10,10,uniform,101485997,0.2,0.2095,229,5199
n100_os0.2_r10_uniform_12,n100_os0.2_r10_uniform,instances/n100_os0.2_r10_uniform/n100_os0.2_r10_uniform_12.alb,100,10,10,uniform,2667961367,0.2,0.2,209,5392
n100_os0.2_r10_uniform_13,n100_os0.2_r10_uniform,instances/n100_os0.2_r10_uniform/n100_os0.2_r10_uniform_13.alb,100,10,10,uniform,3892505729,0.2,0.2,229,4634
n100_os0.2_r10_uniform_14,n100_os0.2_r10_uniform,instances/n100_os0.2_r10_uniform/n100_os0.2_r10_uniform_14.alb,100,10,10,uniform,1986427170,0.2,0.2059,209,5209
n100_os0.2_r10_uniform_15,n100_os0.2_r10_uniform,instances/n100_os0.2_r10_uniform/n100_os0.2_r10_uniform_15.alb,100,10,10,uniform,23153076,0.2,0.2014,222,4566
n100_os0.2_r10_uniform_16,n100_os0.2_r10_uniform,instances/n100_os0.2_r10_uniform/n100_os0.2_r10_uniform_16.alb,100,10,10,uniform,2556958734,0.2,0.2006,233,4756
n100_os0.2_r10_uniform_17,n100_os0.2_r10_uniform,instances/n100_os0.2_r10_uniform/n100_os0.2_r10_uniform_17.alb,100,10,10,uniform,4017039512,0.2,0.2006,212,5257
n100_os0.2_r10_uniform_18,n100_os0.2_r10_uniform,instances/n100_os0.2_r10_uniform/n100_os0.2_r10_uniform_18.alb,100,10,10,uniform,2144351497,0.2,0.203,216,4722
n100_os0.2_r10_uniform_19,n100_os0.2_r10_uniform,instances/n100_os0.2_r10_uniform/n100_os0.2_r10_uniform_19.alb,100,10,10,uniform,148309407,0.2,0.2057,210,4843
n100_os0.2_r10_uniform_20,n100_os0.2_r10_uniform,instances/n100_os0.2_r10_uniform/n100_os0.2_r10_uniform_20.alb,100,10,10,uniform,1512500984,0.2,0.2105,195,5146
n100_os0.2_r10_uniform_21,n100_os0.2_r10_uniform,instances/n100_os0.2_r10_uniform/n100_os0.2_r10_uniform_21.alb,100,10,10,uniform,757194350,0.2,0.2002,214,5236
n100_os0.2_r10_uniform_22,n100_os0.2_r10_uniform,instances/n100_os0.2_r10_uniform/n100_os0.2_r10_uniform_22.alb,100,10,10,uniform,3022557140,0.2,0.2077,217,4962
n100_os0.2_r10_uniform_23,n100_os0.2_r10_uniform,instances/n100_os0.2_r10_uniform/n100_os0.2_r10_uniform_23.alb,100,10,10,uniform,3274686274,0.2,0.2012,212,5165
n100_os0.2_r10_uniform_24,n100_os0.2_r10_uniform,instances/n100_os0.2_r10_uniform/n100_os0.2_r10_uniform_24.alb,100,10,10,uniform,1565207265,0.2,0.2014,194,5495
n100_os0.2_r10_bimodal_00,n100_os0.2_r10_bimodal,instances/n100_os0.2_r10_bimodal/n100_os0.2_r10_bimodal_00.alb,100,10,10,bimodal,3889103593,0.2,0.2008,236,3055
n100_os0.2_r10_bimodal_01,n100_os0.2_r10_bimodal,instances/n100_os0.2_r10_bimodal/n100_os0.2_r10_bimodal_01.alb,100,10,10,bimodal,2429039231,0.2,0.2034,242,2861
n100_os0.2_r10_bimodal_02,n100_os0.2_r10_bimodal,instances/n100_os0.2_r10_bimodal/n100_os0.2_r10_bimodal_02.alb,100,10,10,bimodal,163668933,0.2,0.2026,226,3135
n100_os0.2_r10_bimodal_03,n100_os0.2_r10_bimodal,instances/n100_os0.2_r10_bimodal/n100_os0.2_r10_bimodal_03.alb,100,10,10,bimodal,2126926675,0.2,0.2002,233,3328
n100_os0.2_r10_bimodal_04,n100_os0.2_r10_bimodal,instances/n100_os0.2_r10_bimodal/n100_os0.2_r10_bimodal_04.alb,100,10,10,bimodal,3768764144,0.2,0.2012,211,3246
n100_os0.2_r10_bimodal_05,n100_os0.2_r10_bimodal,instances/n100_os0.2_r10_bimodal/n100_os0.2_r10_bimodal_05.alb,100,10,10,bimodal,2544236134,0.2,0.2002,251,3042
n100_os0.2_r10_bimodal_06,n100_os0.2_r10_bimodal,instances/n100_os0.2_r10_bimodal/n100_os0.2_r10_bimodal_06.alb,100,10,10,bimodal,246196188,0.2,0.2014,223,3369
n100_os0.2_r10_bimodal_07,n100_os0.2_r10_bimodal,instances/n100_os0.2_r10_bimodal/n100_os0.2_r10_bimodal_07.alb,100,10,10,bimodal,2041288522,0.2,0.2012,200,2993
n100_os0.2_r10_bimodal_08,n100_os0.2_r10_bimodal,instances/n100_os0.2_r10_bimodal/n100_os0.2_r10_bimodal_08.alb,100,10,10,bimodal,3910437595,0.2,0.2038,231,2809
n100_os0.2_r10_bimodal_09,n100_os0.2_r10_bimodal,instances/n100_os0.2_r10_bimodal/n100_os0.2_r10_bimodal_09.alb,100,10,10,bimodal,2652093005,0.2,0.2002,234,3132
n100_os0.2_r10_bimodal_10,n100_os0.2_r10_bimodal,instances/n100_os0.2_r10_bimodal/n100_os0.2_r10_bimodal_10.alb,100,10,10,bimodal,888241086,0.2,0.2097,198,2638
n100_os0.2_r10_bimodal_11,n100_os0.2_r10_bimodal,instances/n100_os0.2_r10_bimodal/n100_os0.2_r10_bimodal_11.alb,100,10,10,bimodal,1140214568,0.2,0.2026,225,3083
n100_os0.2_r10_bimodal_12,n100_os0.2_r10_bimodal,instances/n100_os0.2_r10_bimodal/n100_os0.2_r10_bimodal_12.alb,100,10,10,bimodal,3674151570,0.2,0.2006,235,3604
n100_os0.2_r10_bimodal_13,n100_os0.2_r10_bimodal,instances/n100_os0.2_r10_bimodal/n100_os0.2_r10_bimodal_13.alb,100,10,10,bimodal,2918722052,0.2,0.202,231,3166
n100_os0.2_r10_bimodal_14,n100_os0.2_r10_bimodal,instances/n100_os0.2_r10_bimodal/n100_os0.2_r10_bimodal_14.alb,100,10,10,bimodal,865910695,0.2,0.204,231,3255
n100_os0.2_r10_bimodal_15,n100_os0.2_r10_bimodal,instances/n100_os0.2_r10_bimodal/n100_os0.2_r10_bimodal_15.alb,100,10,10,bimodal,1151045425,0.2,0.2028,194,2964
n100_os0.2_r10_bimodal_16,n100_os0.2_r10_bimodal,instances/n100_os0.2_r10_bimodal/n100_os0.2_r10_bimodal_16.alb,100,10,10,bimodal,3717389963,0.2,0.2018,216,3058
n100_os0.2_r10_bimodal_17,n100_os0.2_r10_bimodal,instances/n100_os0.2_r10_bimodal/n100_os0.2_r10_bimodal_17.alb,100,10,10,bimodal,2861952541,0.2,0.2,192,2886
n100_os0.2_r10_bimodal_18,n100_os0.2_r10_bimodal,instances/n100_os0.2_r10_bimodal/n100_os0.2_r10_bimodal_18.alb,100,10,10,bimodal,975893388,0.2,0.2,215,3420
n100_os0.2_r10_bimodal_19,n100_os0.2_r10_bimodal,instances/n100_os0.2_r10_bimodal/n100_os0.2_r10_bimodal_19.alb,100,10,10,bimodal,1294844698,0.2,0.2046,232,2979
n100_os0.2_r10_bimodal_20,n100_os0.2_r10_bimodal,instances/n100_os0.2_r10_bimodal/n100_os0.2_r10_bimodal_20.alb,100,10,10,bimodal,534521981,0.2,0.2101,225,3579
n100_os0.2_r10_bimodal_21,n100_os0.2_r10_bimodal,instances/n100_os0.2_r10_bimodal/n100_os0.2_r10_bimodal_21.alb,100,10,10,bimodal,1759189227,0.2,0.2,222,3122
n100_os0.2_r10_bimodal_22,n100_os0.2_r10_bimodal,instances/n100_os0.2_r10_bimodal/n100_os0.2_r10_bimodal_22.alb,100,10,10,bimodal,4057090385,0.2,0.2002,244,2704
n100_os0.2_r10_bimodal_23,n100_os0.2_r10_bimodal,instances/n100_os0.2_r10_bimodal/n100_os0.2_r10_bimodal_23.alb,100,10,10,bimodal,2262137287,0.2,0.2012,222,2768
n100_os0.2_r10_bimodal_24,n100_os0.2_r10_bimodal,instances/n100_os0.2_r10_bimodal/n100_os0.2_r10_bimodal_24.alb,100,10,10,bimodal,414313572,0.2,0.2002,240,2977
n100_os0.6_r3_uniform_00,n100_os0.6_r3_uniform,instances/n100_os0.6_r3_uniform/n100_os0.6_r3_uniform_00.alb,100,33,3,uniform,2048848963,0.6,0.6,436,4388
n100_os0.6_r3_uniform_01,n100_os0.6_r3_uniform,instances/n100_os0.6_r3_uniform/n100_os0.6_r3_uniform_01.alb,100,33,3,uniform,219792597,0.6,0.6022,415,5135
n100_os0.6_r3_uniform_02,n100_os0.6_r3_uniform,instances/n100_os0.6_r3_uniform/n100_os0.6_r3_uniform_02.alb,100,33,3,uniform,2484114799,0.6,0.6002,412,5136
n100_os0.6_r3_uniform_03,n100_os0.6_r3_uniform,instances/n100_os0.6_r3_uniform/n100_os0.6_r3_uniform_03.alb,100,33,3,uniform,3809977849,0.6,0.6024,422,4909
n100_os0.6_r3_uniform_04,n100_os0.6_r3_uniform,instances/n100_os0.6_r3_uniform/n100_os0.6_r3_uniform_04.alb,100,33,3,uniform,2104701018,0.6,0.6024,426,4586
n100_os0.6_r3_uniform_05,n100_os0.6_r3_uniform,instances/n100_os0.6_r3_uniform/n100_os0.6_r3_uniform_05.alb,100,33,3,uniform,175374540,0.6,0.6046,409,4566
n100_os0.6_r3_uniform_06,n100_os0.6_r3_uniform,instances/n100_os0.6_r3_uniform/n100_os0.6_r3_uniform_06.alb,100,33,3,uniform,2474463606,0.6,0.601,436,4903
n100_os0.6_r3_uniform_07,n100_os0.6_r3_uniform,instances/n100_os0.6_r3_uniform/n100_os0.6_r3_uniform_07.alb,100,33,3,uniform,3833225696,0.6,0.6016,436,4976
n100_os0.6_r3_uniform_08,n100_os0.6_r3_uniform,instances/n100_os0.6_r3_uniform/n100_os0.6_r3_uniform_08.alb,100,33,3,uniform,1959099505,0.6,0.6,429,5108
n100_os0.6_r3_uniform_09,n100_os0.6_r3_uniform,instances/n100_os0.6_r3_uniform/n100_os0.6_r3_uniform_09.alb,100,33,3,uniform,63065319,0.6,0.6044,399,5044
n100_os0.6_r3_uniform_10,n100_os0.6_r3_uniform,instances/n100_os0.6_r3_uniform/n100_os0.6_r3_uniform_10.alb,100,33,3,uniform,40886462,0.6,0.6002,385,5463
n100_os0.6_r3_uniform_11,n100_os0.6_r3_uniform,instances/n100_os0.6_r3_uniform/n100_os0.6_r3_uniform_11.alb,100,33,3,uniform,1969803304,0.6,0.6036,387,5019
n100_os0.6_r3_uniform_12,n100_os0.6_r3_uniform,instances/n100_os0.6_r3_uniform/n100_os0.6_r3_uniform_12.alb,100,33,3,uniform,3965813138,0.6,0.602,375,5571
n100_os0.6_r3_uniform_13,n100_os0.6_r3_uniform,instances/n100_os0.6_r3_uniform/n100_os0.6_r3_uniform_13.alb,100,33,3,uniform,2607198468,0.6,0.6042,447,4912
n100_os0.6_r3_uniform_14,n100_os0.6_r3_uniform,instances/n100_os0.6_r3_uniform/n100_os0.6_r3_uniform_14.alb,100,33,3,uniform,84026535,0.6,0.601,415,5231
n100_os0.6_r3_uniform_15,n100_os0.6_r3_uniform,instances/n100_os0.6_r3_uniform/n100_os0.6_r3_uniform_15.alb,100,33,3,uniform,1912935473,0.6,0.6024,419,5236
n100_os0.6_r3_uniform_16,n100_os0.6_r3_uniform,instances/n100_os0.6_r3_uniform/n100_os0.6_r3_uniform_16.alb,100,33,3,uniform,3943449995,0.6,0.6002,430,5021
n100_os0.6_r3_uniform_17,n100_os0.6_r3_uniform,instances/n100_os0.6_r3_uniform/n100_os0.6_r3_uniform_17.alb,100,33,3,uniform,2617996573,0.6,0.6004,423,4147
n100_os0.6_r3_uniform_18,n100_os0.6_r3_uniform,instances/n100_os0.6_r3_uniform/n100_os0.6_r3_uniform_18.alb,100,33,3,uniform,213149836,0.6,0.6,419,5117
n100_os0.6_r3_uniform_19,n100_os0.6_r3_uniform,instances/n100_os0.6_r3_uniform/n100_os0.6_r3_uniform_19.alb,100,33,3,uniform,2075351066,0.6,0.6018,439,5126
n100_os0.6_r3_uniform_20,n100_os0.6_r3_uniform,instances/n100_os0.6_r3_uniform/n100_os0.6_r3_uniform_20.alb,100,33,3,uniform,692237181,0.6,0.6006,417,5276
n100_os0.6_r3_uniform_21,n100_os0.6_r3_uniform,instances/n100_os0.6_r3_uniform/n100_os0.6_r3_uniform_21.alb,100,33,3,uniform,1581614059,0.6,0.601,409,4507
n100_os0.6_r3_uniform_22,n100_os0.6_r3_uniform,instances/n100_os0.6_r3_uniform/n100_os0.6_r3_uniform_22.alb,100,33,3,uniform,3343700561,0.6,0.6012,394,5367
n100_os0.6_r3_uniform_23,n100_os0.6_r3_uniform,instances/n100_os0.6_r3_uniform/n100_os0.6_r3_uniform_23.alb,100,33,3,uniform,2957763271,0.6,0.6006,376,4935
n100_os0.6_r3_uniform_24,n100_os0.6_r3_uniform,instances/n100_os0.6_r3_uniform/n100_os0.6_r3_uniform_24.alb,100,33,3,uniform,774862692,0.6,0.6006,433,5862
n100_os0.6_r3_bimodal_00,n100_os0.6_r3_bimodal,instances/n100_os0.6_r3_bimodal/n100_os0.6_r3_bimodal_00.alb,100,33,3,bimodal,1602487406,0.6,0.601,430,3100
n100_os0.6_r3_bimodal_01,n100_os0.6_r3_bimodal,instances/n100_os0.6_r3_bimodal/n100_os0.6_r3_bimodal_01.alb,100,33,3,bimodal,679687416,0.6,0.6,380,3522
n100_os0.6_r3_bimodal_02,n100_os0.6_r3_bimodal,instances/n100_os0.6_r3_bimodal/n100_os0.6_r3_bimodal_02.alb,100,33,3,bimodal,2978637122,0.6,0.6051,427,3648
n100_os0.6_r3_bimodal_03,n100_os0.6_r3_bimodal,instances/n100_os0.6_r3_bimodal/n100_os0.6_r3_bimodal_03.alb,100,33,3,bimodal,3331151316,0.6,0.6,458,3316
n100_os0.6_r3_bimodal_04,n100_os0.6_r3_bimodal,instances/n100_os0.6_r3_bimodal/n100_os0.6_r3_bimodal_04.alb,100,33,3,bimodal,1491714167,0.6,0.6006,428,3383
n100_os0.6_r3_bimodal_05,n100_os0.6_r3_bimodal,instances/n100_os0.6_r3_bimodal/n100_os0.6_r3_bimodal_05.alb,100,33,3,bimodal,804188385,0.6,0.603,339,2669
n100_os0.6_r3_bimodal_06,n100_os0.6_r3_bimodal,instances/n100_os0.6_r3_bimodal/n100_os0.6_r3_bimodal_06.alb,100,33,3,bimodal,3068633435,0.6,0.6024,431,3024
n100_os0.6_r3_bimodal_07,n100_os0.6_r3_bimodal,instances/n100_os0.6_r3_bimodal/n100_os0.6_r3_bimodal_07.alb,100,33,3,bimodal,3252720077,0.6,0.6016,448,3095
n100_os0.6_r3_bimodal_08,n100_os0.6_r3_bimodal,instances/n100_os0.6_r3_bimodal/n100_os0.6_r3_bimodal_08.alb,100,33,3,bimodal,1365216348,0.6,0.6014,417,2904
n100_os0.6_r3_bimodal_09,n100_os0.6_r3_bimodal,instances/n100_os0.6_r3_bimodal/n100_os0.6_r3_bimodal_09.alb,100,33,3,bimodal,643349706,0.6,0.6012,421,3176
n100_os0.6_r3_bimodal_10,n100_os0.6_r3_bimodal,instances/n100_os0.6_r3_bimodal/n100_os0.6_r3_bimodal_10.alb,100,33,3,bimodal,1200956987,0.6,0.6024,404,3090
n100_os0.6_r3_bimodal_11,n100_os0.6_r3_bimodal,instances/n100_os0.6_r3_bimodal/n100_os0.6_r3_bimodal_11.alb,100,33,3,bimodal,814880429,0.6,0.6083,392,3077
n100_os0.6_r3_bimodal_12,n100_os0.6_r3_bimodal,instances/n100_os0.6_r3_bimodal/n100_os0.6_r3_bimodal_12.alb,100,33,3,bimodal,2845525783,0.6,0.6,420,3384
n100_os0.6_r3_bimodal_13,n100_os0.6_r3_bimodal,instances/n100_os0.6_r3_bimodal/n100_os0.6_r3_bimodal_13.alb,100,33,3,bimodal,3734796161,0.6,0.6008,384,2756
n100_os0.6_r3_bimodal_14,n100_os0.6_r3_bimodal,instances/n100_os0.6_r3_bimodal/n100_os0.6_r3_bimodal_14.alb,100,33,3,bimodal,1090052642,0.6,0.6038,412,3085
n100_os0.6_r3_bimodal_15,n100_os0.6_r3_bimodal,instances/n100_os0.6_r3_bimodal/n100_os0.6_r3_bimodal_15.alb,100,33,3,bimodal,939512500,0.6,0.6002,388,3201
n100_os0.6_r3_bimodal_16,n100_os0.6_r3_bimodal,instances/n100_os0.6_r3_bimodal/n100_os0.6_r3_bimodal_16.alb,100,33,3,bimodal,2935390990,0.6,0.6059,429,3130
n100_os0.6_r3_bimodal_17,n100_os0.6_r3_bimodal,instances/n100_os0.6_r3_bimodal/n100_os0.6_r3_bimodal_17.alb,100,33,3,bimodal,3656496024,0.6,0.6024,388,3307
n100_os0.6_r3_bimodal_18,n100_os0.6_r3_bimodal,instances/n100_os0.6_r3_bimodal/n100_os0.6_r3_bimodal_18.alb,100,33,3,bimodal,1229893129,0.6,0.6006,384,2615
n100_os0.6_r3_bimodal_19,n100_os0.6_r3_bimodal,instances/n100_os0.6_r3_bimodal/n100_os0.6_r3_bimodal_19.alb,100,33,3,bimodal,1045012127,0.6,0.6046,402,3030
n100_os0.6_r3_bimodal_20,n100_os0.6_r3_bimodal,instances/n100_os0.6_r3_bimodal/n100_os0.6_r3_bimodal_20.alb,100,33,3,bimodal,1824028152,0.6,0.601,402,2716
n100_os0.6_r3_bimodal_21,n100_os0.6_r3_bimodal,instances/n100_os0.6_r3_bimodal/n100_os0.6_r3_bimodal_21.alb,100,33,3,bimodal,465519982,0.6,0.6018,402,3130
n100_os0.6_r3_bimodal_22,n100_os0.6_r3_bimodal,instances/n100_os0.6_r3_bimodal/n100_os0.6_r3_bimodal_22.alb,100,33,3,bimodal,2192970964,0.6,0.6006,379,2882
n100_os0.6_r3_bimodal_23,n100_os0.6_r3_bimodal,instances/n100_os0.6_r3_bimodal/n100_os0.6_r3_bimodal_23.alb,100,33,3,bimodal,4122027074,0.6,0.6,429,3000
n100_os0.6_r3_bimodal_24,n100_os0.6_r3_bimodal,instances/n100_os0.6_r3_bimodal/n100_os0.6_r3_bimodal_24.alb,100,33,3,bimodal,1809166817,0.6,0.6,389,2875
n100_os0.6_r6_uniform_00,n100_os0.6_r6_uniform,instances/n100_os0.6_r6_uniform/n100_os0.6_r6_uniform_00.alb,100,17,6,uniform,189356033,0.6,0.6,415,4592
n100_os0.6_r6_uniform_01,n100_os0.6_r6_uniform,instances/n100_os0.6_r6_uniform/n100_os0.6_r6_uniform_01.alb,100,17,6,uniform,2085513367,0.6,0.6,441,4586
n100_os0.6_r6_uniform_02,n100_os0.6_r6_uniform,instances/n100_os0.6_r6_uniform/n100_os0.6_r6_uniform_02.alb,100,17,6,uniform,3846650157,0.6,0.6008,428,5022
n100_os0.6_r6_uniform_03,n100_os0.6_r6_uniform,instances/n100_os0.6_r6_uniform/n100_os0.6_r6_uniform_03.alb,100,17,6,uniform,2453670331,0.6,0.6008,417,5172
n100_os0.6_r6_uniform_04,n100_os0.6_r6_uniform,instances/n100_os0.6_r6_uniform/n100_os0.6_r6_uniform_04.alb,100,17,6,uniform,203725848,0.6,0.6016,387,5153
n100_os0.6_r6_uniform_05,n100_os0.6_r6_uniform,instances/n100_os0.6_r6_uniform/n100_os0.6_r6_uniform_05.alb,100,17,6,uniform,2065935502,0.6,0.603,422,5061
n100_os0.6_r6_uniform_06,n100_os0.6_r6_uniform,instances/n100_os0.6_r6_uniform/n100_os0.6_r6_uniform_06.alb,100,17,6,uniform,3794468148,0.6,0.6034,386,5273
n100_os0.6_r6_uniform_07,n100_os0.6_r6_uniform,instances/n100_os0.6_r6_uniform/n100_os0.6_r6_uniform_07.alb,100,17,6,uniform,2502806946,0.6,0.6004,414,5074
n100_os0.6_r6_uniform_08,n100_os0.6_r6_uniform,instances/n100_os0.6_r6_uniform/n100_os0.6_r6_uniform_08.alb,100,17,6,uniform,93507635,0.6,0.6022,441,5699
n100_os0.6_r6_uniform_09,n100_os0.6_r6_uniform,instances/n100_os0.6_r6_uniform/n100_os0.6_r6_uniform_09.alb,100,17,6,uniform,1922424997,0.6,0.6097,407,5084
n100_os0.6_r6_uniform_10,n100_os0.6_r6_uniform,instances/n100_os0.6_r6_uniform/n100_os0.6_r6_uniform_10.alb,100,17,6,uniform,2597099438,0.6,0.6186,391,4914
n100_os0.6_r6_uniform_11,n100_os0.6_r6_uniform,instances/n100_os0.6_r6_uniform/n100_os0.6_r6_uniform_11.alb,100,17,6,uniform,3989546808,0.6,0.6002,413,4325
n100_os0.6_r6_uniform_12,n100_os0.6_r6_uniform,instances/n100_os0.6_r6_uniform/n100_os0.6_r6_uniform_12.alb,100,17,6,uniform,1958934146,0.6,0.6,414,5168
n100_os0.6_r6_uniform_13,n100_os0.6_r6_uniform,instances/n100_os0.6_r6_uniform/n100_os0.6_r6_uniform_13.alb,100,17,6,uniform,63292948,0.6,0.6055,395,4835
n100_os0.6_r6_uniform_14,n100_os0.6_r6_uniform,instances/n100_os0.6_r6_uniform/n100_os0.6_r6_uniform_14.alb,100,17,6,uniform,2644595639,0.6,0.6,439,4882
n100_os0.6_r6_uniform_15,n100_os0.6_r6_uniform,instances/n100_os0.6_r6_uniform/n100_os0.6_r6_uniform_15.alb,100,17,6,uniform,3936772897,0.6,0.603,420,5148
n100_os0.6_r6_uniform_16,n100_os0.6_r6_uniform,instances/n100_os0.6_r6_uniform/n100_os0.6_r6_uniform_16.alb,100,17,6,uniform,1940861595,0.6,0.6004,431,4787
n100_os0.6_r6_uniform_17,n100_os0.6_r6_uniform,instances/n100_os0.6_r6_uniform/n100_os0.6_r6_uniform_17.alb,100,17,6,uniform,78119437,0.6,0.6,406,5110
n100_os0.6_r6_uniform_18,n100_os0.6_r6_uniform,instances/n100_os0.6_r6_uniform/n100_os0.6_r6_uniform_18.alb,100,17,6,uniform,2484543388,0.6,0.602,387,4883
n100_os0.6_r6_uniform_19,n100_os0.6_r6_uniform,instances/n100_os0.6_r6_uniform/n100_os0.6_r6_uniform_19.alb,100,17,6,uniform,3809488650,0.6,0.6034,426,5209
n100_os0.6_r6_uniform_20,n100_os0.6_r6_uniform,instances/n100_os0.6_r6_uniform/n100_os0.6_r6_uniform_20.alb,100,17,6,uniform,2984363117,0.6,0.6014,409,5308
n100_os0.6_r6_uniform_21,n100_os0.6_r6_uniform,instances/n100_os0.6_r6_uniform/n100_os0.6_r6_uniform_21.alb,100,17,6,uniform,3337024763,0.6,0.6,410,5325
n100_os0.6_r6_uniform_22,n100_os0.6_r6_uniform,instances/n100_os0.6_r6_uniform/n100_os0.6_r6_uniform_22.alb,100,17,6,uniform,1609540929,0.6,0.6032,359,5410
n100_os0.6_r6_uniform_23,n100_os0.6_r6_uniform,instances/n100_os0.6_r6_uniform/n100_os0.6_r6_uniform_23.alb,100,17,6,uniform,686331351,0.6,0.6016,386,5053
n100_os0.6_r6_uniform_24,n100_os0.6_r6_uniform,instances/n100_os0.6_r6_uniform/n100_os0.6_r6_uniform_24.alb,100,17,6,uniform,3062628468,0.6,0.6038,401,4791
n100_os0.6_r6_bimodal_00,n100_os0.6_r6_bimodal,instances/n100_os0.6_r6_bimodal/n100_os0.6_r6_bimodal_00.alb,100,17,6,bimodal,785623084,0.6,0.6046,403,2899
n100_os0.6_r6_bimodal_01,n100_os0.6_r6_bimodal,instances/n100_os0.6_r6_bimodal/n100_os0.6_r6_bimodal_01.alb,100,17,6,bimodal,1507104954,0.6,0.6004,392,2756
n100_os0.6_r6_bimodal_02,n100_os0.6_r6_bimodal,instances/n100_os0.6_r6_bimodal/n100_os0.6_r6_bimodal_02.alb,100,17,6,bimodal,3235760384,0.6,0.6069,393,3284
n100_os0.6_r6_bimodal_03,n100_os0.6_r6_bimodal,instances/n100_os0.6_r6_bimodal/n100_os0.6_r6_bimodal_03.alb,100,17,6,bimodal,3084581270,0.6,0.6002,377,3254
n100_os0.6_r6_bimodal_04,n100_os0.6_r6_bimodal,instances/n100_os0.6_r6_bimodal/n100_os0.6_r6_bimodal_04.alb,100,17,6,bimodal,700345397,0.6,0.6016,434,3013
n100_os0.6_r6_bimodal_05,n100_os0.6_r6_bimodal,instances/n100_os0.6_r6_bimodal/n100_os0.6_r6_bimodal_05.alb,100,17,6,bimodal,1589206179,0.6,0.6002,405,3158
n100_os0.6_r6_bimodal_06,n100_os0.6_r6_bimodal,instances/n100_os0.6_r6_bimodal/n100_os0.6_r6_bimodal_06.alb,100,17,6,bimodal,3350203673,0.6,0.6038,401,2537
n100_os0.6_r6_bimodal_07,n100_os0.6_r6_bimodal,instances/n100_os0.6_r6_bimodal/n100_os0.6_r6_bimodal_07.alb,100,17,6,bimodal,2964798863,0.6,0.6022,430,3695
n100_os0.6_r6_bimodal_08,n100_os0.6_r6_bimodal,instances/n100_os0.6_r6_bimodal/n100_os0.6_r6_bimodal_08.alb,100,17,6,bimodal,537403422,0.6,0.6006,432,3343
n100_os0.6_r6_bimodal_09,n100_os0.6_r6_bimodal,instances/n100_os0.6_r6_bimodal/n100_os0.6_r6_bimodal_09.alb,100,17,6,bimodal,1460605064,0.6,0.6026,368,3142
n100_os0.6_r6_bimodal_10,n100_os0.6_r6_bimodal,instances/n100_os0.6_r6_bimodal/n100_os0.6_r6_bimodal_10.alb,100,17,6,bimodal,3744878891,0.6,0.6012,424,2909
n100_os0.6_r6_bimodal_11,n100_os0.6_r6_bimodal,instances/n100_os0.6_r6_bimodal/n100_os0.6_r6_bimodal_11.alb,100,17,6,bimodal,2821808573,0.6,0.6008,382,3157
n100_os0.6_r6_bimodal_12,n100_os0.6_r6_bimodal,instances/n100_os0.6_r6_bimodal/n100_os0.6_r6_bimodal_12.alb,100,17,6,bimodal,825765895,0.6,0.6044,401,3020
n100_os0.6_r6_bimodal_13,n100_os0.6_r6_bimodal,instances/n100_os0.6_r6_bimodal/n100_os0.6_r6_bimodal_13.alb,100,17,6,bimodal,1178534033,0.6,0.6046,398,3215
n100_os0.6_r6_bimodal_14,n100_os0.6_r6_bimodal,instances/n100_os0.6_r6_bimodal/n100_os0.6_r6_bimodal_14.alb,100,17,6,bimodal,3629880626,0.6,0.6008,397,2738
n100_os0.6_r6_bimodal_15,n100_os0.6_r6_bimodal,instances/n100_os0.6_r6_bimodal/n100_os0.6_r6_bimodal_15.alb,100,17,6,bimodal,2942084516,0.6,0.6055,410,3180
n100_os0.6_r6_bimodal_16,n100_os0.6_r6_bimodal,instances/n100_os0.6_r6_bimodal/n100_os0.6_r6_bimodal_16.alb,100,17,6,bimodal,911602718,0.6,0.6042,385,2842
n100_os0.6_r6_bimodal_17,n100_os0.6_r6_bimodal,instances/n100_os0.6_r6_bimodal/n100_os0.6_r6_bimodal_17.alb,100,17,6,bimodal,1095943304,0.6,0.6,413,2947
n100_os0.6_r6_bimodal_18,n100_os0.6_r6_bimodal,instances/n100_os0.6_r6_bimodal/n100_os0.6_r6_bimodal_18.alb,100,17,6,bimodal,3522025753,0.6,0.6042,428,2687
n100_os0.6_r6_bimodal_19,n100_os0.6_r6_bimodal,instances/n100_os0.6_r6_bimodal/n100_os0.6_r6_bimodal_19.alb,100,17,6,bimodal,2800413071,0.6,0.6036,384,2937
n100_os0.6_r6_bimodal_20,n100_os0.6_r6_bimodal,instances/n100_os0.6_r6_bimodal/n100_os0.6_r6_bimodal_20.alb,100,17,6,bimodal,4095410920,0.6,0.6012,439,3302
n100_os0.6_r6_bimodal_21,n100_os0.6_r6_bimodal,instances/n100_os0.6_r6_bimodal/n100_os0.6_r6_bimodal_21.alb,100,17,6,bimodal,2199663230,0.6,0.6024,384,3236
n100_os0.6_r6_bimodal_22,n100_os0.6_r6_bimodal,instances/n100_os0.6_r6_bimodal/n100_os0.6_r6_bimodal_22.alb,100,17,6,bimodal,437609412,0.6,0.6022,434,3078
n100_os0.6_r6_bimodal_23,n100_os0.6_r6_bimodal,instances/n100_os0.6_r6_bimodal/n100_os0.6_r6_bimodal_23.alb,100,17,6,bimodal,1829917522,0.6,0.6016,403,2908
n100_os0.6_r6_bimodal_24,n100_os0.6_r6_bimodal,instances/n100_os0.6_r6_bimodal/n100_os0.6_r6_bimodal_24.alb,100,17,6,bimodal,4084647665,0.6,0.6016,431,3122
n100_os0.6_r10_uniform_00,n100_os0.6_r10_uniform,instances/n100_os0.6_r10_uniform/n100_os0.6_r10_uniform_00.alb,100,10,10,uniform,1210685351,0.6,0.6008,450,5211
n100_os0.6_r10_uniform_01,n100_os0.6_r10_uniform,instances/n100_os0.6_r10_uniform/n100_os0.6_r10_uniform_01.alb,100,10,10,uniform,1060022065,0.6,0.6016,420,5031
n100_os0.6_r10_uniform_02,n100_os0.6_r10_uniform,instances/n100_os0.6_r10_uniform/n100_os0.6_r10_uniform_02.alb,100,10,10,uniform,2787636875,0.6,0.6016,413,5110
n100_os0.6_r10_uniform_03,n100_os0.6_r10_uniform,instances/n100_os0.6_r10_uniform/n100_os0.6_r10_uniform_03.alb,100,10,10,uniform,3508586013,0.6,0.6008,438,5104
n100_os0.6_r10_uniform_04,n100_os0.6_r10_uniform,instances/n100_os0.6_r10_uniform/n100_os0.6_r10_uniform_04.alb,100,10,10,uniform,1329877950,0.6,0.6014,424,4792
n100_os0.6_r10_uniform_05,n100_os0.6_r10_uniform,instances/n100_os0.6_r10_uniform/n100_os0.6_r10_uniform_05.alb,100,10,10,uniform,943940392,0.6,0.6032,409,5154
n100_os0.6_r10_uniform_06,n100_os0.6_r10_uniform,instances/n100_os0.6_r10_uniform/n100_os0.6_r10_uniform_06.alb,100,10,10,uniform,2705994386,0.6,0.6016,440,5100
n100_os0.6_r10_uniform_07,n100_os0.6_r10_uniform,instances/n100_os0.6_r10_uniform/n100_os0.6_r10_uniform_07.alb,100,10,10,uniform,3595371012,0.6,0.6061,446,4918
n100_os0.6_r10_uniform_08,n100_os0.6_r10_uniform,instances/n100_os0.6_r10_uniform/n100_os0.6_r10_uniform_08.alb,100,10,10,uniform,1190272917,0.6,0.6024,399,4968
n100_os0.6_r10_uniform_09,n100_os0.6_r10_uniform,instances/n100_os0.6_r10_uniform/n100_os0.6_r10_uniform_09.alb,100,10,10,uniform,838151939,0.6,0.6002,405,4746
n100_os0.6_r10_uniform_10,n100_os0.6_r10_uniform,instances/n100_os0.6_r10_uniform/n100_os0.6_r10_uniform_10.alb,100,10,10,uniform,2772103612,0.6,0.6006,399,5720
n100_os0.6_r10_uniform_11,n100_os0.6_r10_uniform,instances/n100_os0.6_r10_uniform/n100_os0.6_r10_uniform_11.alb,100,10,10,uniform,3527262506,0.6,0.6016,364,5410
n100_os0.6_r10_uniform_12,n100_os0.6_r10_uniform,instances/n100_os0.6_r10_uniform/n100_os0.6_r10_uniform_12.alb,100,10,10,uniform,1261736080,0.6,0.6071,402,5152
n100_os0.6_r10_uniform_13,n100_os0.6_r10_uniform,instances/n100_os0.6_r10_uniform/n100_os0.6_r10_uniform_13.alb,100,10,10,uniform,1010016262,0.6,0.6006,414,4852
n100_os0.6_r10_uniform_14,n100_os0.6_r10_uniform,instances/n100_os0.6_r10_uniform/n100_os0.6_r10_uniform_14.alb,100,10,10,uniform,2723624357,0.6,0.6006,441,4976
n100_os0.6_r10_uniform_15,n100_os0.6_r10_uniform,instances/n100_os0.6_r10_uniform/n100_os0.6_r10_uniform_15.alb,100,10,10,uniform,3578791219,0.6,0.6044,416,4650
n100_os0.6_r10_uniform_16,n100_os0.6_r10_uniform,instances/n100_os0.6_r10_uniform/n100_os0.6_r10_uniform_16.alb,100,10,10,uniform,1280922761,0.6,0.6028,425,5034
n100_os0.6_r10_uniform_17,n100_os0.6_r10_uniform,instances/n100_os0.6_r10_uniform/n100_os0.6_r10_uniform_17.alb,100,10,10,uniform,996041759,0.6,0.6016,416,4787
n100_os0.6_r10_uniform_18,n100_os0.6_r10_uniform,instances/n100_os0.6_r10_uniform/n100_os0.6_r10_uniform_18.alb,100,10,10,uniform,2883680654,0.6,0.6038,410,5108
n100_os0.6_r10_uniform_19,n100_os0.6_r10_uniform,instances/n100_os0.6_r10_uniform/n100_os0.6_r10_uniform_19.alb,100,10,10,uniform,3706079512,0.6,0.601,445,5208
n100_os0.6_r10_uniform_20,n100_os0.6_r10_uniform,instances/n100_os0.6_r10_uniform/n100_os0.6_r10_uniform_20.alb,100,10,10,uniform,2383913599,0.6,0.6016,423,5380
n100_os0.6_r10_uniform_21,n100_os0.6_r10_uniform,instances/n100_os0.6_r10_uniform/n100_os0.6_r10_uniform_21.alb,100,10,10,uniform,4178612969,0.6,0.6075,395,5077
n100_os0.6_r10_uniform_22,n100_os0.6_r10_uniform,instances/n100_os0.6_r10_uniform/n100_os0.6_r10_uniform_22.alb,100,10,10,uniform,1612301139,0.6,0.6079,442,5047
n100_os0.6_r10_uniform_23,n100_os0.6_r10_uniform,instances/n100_os0.6_r10_uniform/n100_os0.6_r10_uniform_23.alb,100,10,10,uniform,387904453,0.6,0.6046,411,4727
n100_os0.6_r10_uniform_24,n100_os0.6_r10_uniform,instances/n100_os0.6_r10_uniform/n100_os0.6_r10_uniform_24.alb,100,10,10,uniform,2306500198,0.6,0.6,437,5528
n100_os0.6_r10_bimodal_00,n100_os0.6_r10_bimodal,instances/n100_os0.6_r10_bimodal/n100_os0.6_r10_bimodal_00.alb,100,10,10,bimodal,1840473994,0.6,0.6034,441,2822
n100_os0.6_r10_bimodal_01,n100_os0.6_r10_bimodal,instances/n100_os0.6_r10_bimodal/n100_os0.6_r10_bimodal_01.alb,100,10,10,bimodal,448026396,0.6,0.6028,423,3250
n100_os0.6_r10_bimodal_02,n100_os0.6_r10_bimodal,instances/n100_os0.6_r10_bimodal/n100_os0.6_r10_bimodal_02.alb,100,10,10,bimodal,2210203302,0.6,0.6006,417,2956
n100_os0.6_r10_bimodal_03,n100_os0.6_r10_bimodal,instances/n100_os0.6_r10_bimodal/n100_os0.6_r10_bimodal_03.alb,100,10,10,bimodal,4105844272,0.6,0.6018,434,2993
n100_os0.6_r10_bimodal_04,n100_os0.6_r10_bimodal,instances/n100_os0.6_r10_bimodal/n100_os0.6_r10_bimodal_04.alb,100,10,10,bimodal,1792975763,0.6,0.6109,430,3222
n100_os0.6_r10_bimodal_05,n100_os0.6_r10_bimodal,instances/n100_os0.6_r10_bimodal/n100_os0.6_r10_bimodal_05.alb,100,10,10,bimodal,500798213,0.6,0.6012,389,2632
n100_os0.6_r10_bimodal_06,n100_os0.6_r10_bimodal,instances/n100_os0.6_r10_bimodal/n100_os0.6_r10_bimodal_06.alb,100,10,10,bimodal,2228273855,0.6,0.6012,393,2870
n100_os0.6_r10_bimodal_07,n100_os0.6_r10_bimodal,instances/n100_os0.6_r10_bimodal/n100_os0.6_r10_bimodal_07.alb,100,10,10,bimodal,4091015721,0.6,0.6026,405,3206
n100_os0.6_r10_bimodal_08,n100_os0.6_r10_bimodal,instances/n100_os0.6_r10_bimodal/n100_os0.6_r10_bimodal_08.alb,100,10,10,bimodal,1667821496,0.6,0.6002,388,3003
n100_os0.6_r10_bimodal_09,n100_os0.6_r10_bimodal,instances/n100_os0.6_r10_bimodal/n100_os0.6_r10_bimodal_09.alb,100,10,10,bimodal,342875950,0.6,0.6008,449,2930
n100_os0.6_r10_bimodal_10,n100_os0.6_r10_bimodal,instances/n100_os0.6_r10_bimodal/n100_os0.6_r10_bimodal_10.alb,100,10,10,bimodal,3770693433,0.6,0.6004,443,2889
n100_os0.6_r10_bimodal_11,n100_os0.6_r10_bimodal,instances/n100_os0.6_r10_bimodal/n100_os0.6_r10_bimodal_11.alb,100,10,10,bimodal,2546403247,0.6,0.6026,389,3172
n100_os0.6_r10_bimodal_12,n100_os0.6_r10_bimodal,instances/n100_os0.6_r10_bimodal/n100_os0.6_r10_bimodal_12.alb,100,10,10,bimodal,248403477,0.6,0.6,383,3115
n100_os0.6_r10_bimodal_13,n100_os0.6_r10_bimodal,instances/n100_os0.6_r10_bimodal/n100_os0.6_r10_bimodal_13.alb,100,10,10,bimodal,2043242115,0.6,0.6018,430,2276
n100_os0.6_r10_bimodal_14,n100_os0.6_r10_bimodal,instances/n100_os0.6_r10_bimodal/n100_os0.6_r10_bimodal_14.alb,100,10,10,bimodal,3886936864,0.6,0.6014,415,3526
n100_os0.6_r10_bimodal_15,n100_os0.6_r10_bimodal,instances/n100_os0.6_r10_bimodal/n100_os0.6_r10_bimodal_15.alb,100,10,10,bimodal,2427110326,0.6,0.6,410,2909
n100_os0.6_r10_bimodal_16,n100_os0.6_r10_bimodal,instances/n100_os0.6_r10_bimodal/n100_os0.6_r10_bimodal_16.alb,100,10,10,bimodal,161714700,0.6,0.601,444,3184
n100_os0.6_r10_bimodal_17,n100_os0.6_r10_bimodal,instances/n100_os0.6_r10_bimodal/n100_os0.6_r10_bimodal_17.alb,100,10,10,bimodal,2124718746,0.6,0.6002,401,2754
n100_os0.6_r10_bimodal_18,n100_os0.6_r10_bimodal,instances/n100_os0.6_r10_bimodal/n100_os0.6_r10_bimodal_18.alb,100,10,10,bimodal,3994795787,0.6,0.6067,449,3436
n100_os0.6_r10_bimodal_19,n100_os0.6_r10_bimodal,instances/n100_os0.6_r10_bimodal/n100_os0.6_r10_bimodal_19.alb,100,10,10,bimodal,2568785821,0.6,0.6034,417,3066
n100_os0.6_r10_bimodal_20,n100_os0.6_r10_bimodal,instances/n100_os0.6_r10_bimodal/n100_os0.6_r10_bimodal_20.alb,100,10,10,bimodal,3421332730,0.6,0.601,411,2611
n100_os0.6_r10_bimodal_21,n100_os0.6_r10_bimodal,instances/n100_os0.6_r10_bimodal/n100_os0.6_r10_bimodal_21.alb,100,10,10,bimodal,3169473644,0.6,0.6022,422,3565
n100_os0.6_r10_bimodal_22,n100_os0.6_r10_bimodal,instances/n100_os0.6_r10_bimodal/n100_os0.6_r10_bimodal_22.alb,100,10,10,bimodal,635635158,0.6,0.6018,390,2801
n100_os0.6_r10_bimodal_23,n100_os0.6_r10_bimodal,instances/n100_os0.6_r10_bimodal/n100_os0.6_r10_bimodal_23.alb,100,10,10,bimodal,1390687552,0.6,0.6002,428,2777
n100_os0.6_r10_bimodal_24,n100_os0.6_r10_bimodal,instances/n100_os0.6_r10_bimodal/n100_os0.6_r10_bimodal_24.alb,100,10,10,bimodal,3430981859,0.6,0.6006,394,2458
n100_os0.9_r3_uniform_00,n100_os0.9_r3_uniform,instances/n100_os0.9_r3_uniform/n100_os0.9_r3_uniform_00.alb,100,33,3,uniform,747258037,0.9,0.9002,609,5231
n100_os0.9_r3_uniform_01,n100_os0.9_r3_uniform,instances/n100_os0.9_r3_uniform/n100_os0.9_r3_uniform_01.alb,100,33,3,uniform,1535995939,0.9,0.9018,622,5333
n100_os0.9_r3_uniform_02,n100_os0.9_r3_uniform,instances/n100_os0.9_r3_uniform/n100_os0.9_r3_uniform_02.alb,100,33,3,uniform,3263439257,0.9,0.9008,633,5123
n100_os0.9_r3_uniform_03,n100_os0.9_r3_uniform,instances/n100_os0.9_r3_uniform/n100_os0.9_r3_uniform_03.alb,100,33,3,uniform,3045265679,0.9,0.901,601,5353
n100_os0.9_r3_uniform_04,n100_os0.9_r3_uniform,instances/n100_os0.9_r3_uniform/n100_os0.9_r3_uniform_04.alb,100,33,3,uniform,736593068,0.9,0.9004,612,5346
n100_os0.9_r3_uniform_05,n100_os0.9_r3_uniform,instances/n100_os0.9_r3_uniform/n100_os0.9_r3_uniform_05.alb,100,33,3,uniform,1558230074,0.9,0.9002,592,4787
n100_os0.9_r3_uniform_06,n100_os0.9_r3_uniform,instances/n100_os0.9_r3_uniform/n100_os0.9_r3_uniform_06.alb,100,33,3,uniform,3320440192,0.9,0.9014,626,5215
n100_os0.9_r3_uniform_07,n100_os0.9_r3_uniform,instances/n100_os0.9_r3_uniform/n100_os0.9_r3_uniform_07.alb,100,33,3,uniform,3001996566,0.9,0.9006,619,5225
n100_os0.9_r3_uniform_08,n100_os0.9_r3_uniform,instances/n100_os0.9_r3_uniform/n100_os0.9_r3_uniform_08.alb,100,33,3,uniform,575785095,0.9,0.901,609,5447
n100_os0.9_r3_uniform_09,n100_os0.9_r3_uniform,instances/n100_os0.9_r3_uniform/n100_os0.9_r3_uniform_09.alb,100,33,3,uniform,1431762961,0.9,0.9002,649,4819
n100_os0.9_r3_uniform_10,n100_os0.9_r3_uniform,instances/n100_os0.9_r3_uniform/n100_os0.9_r3_uniform_10.alb,100,33,3,uniform,1457988387,0.9,0.9002,655,4911
n100_os0.9_r3_uniform_11,n100_os0.9_r3_uniform,instances/n100_os0.9_r3_uniform/n100_os0.9_r3_uniform_11.alb,100,33,3,uniform,568333237,0.9,0.9044,607,5610
n100_os0.9_r3_uniform_12,n100_os0.9_r3_uniform,instances/n100_os0.9_r3_uniform/n100_os0.9_r3_uniform_12.alb,100,33,3,uniform,3102294543,0.9,0.9004,640,4763
n100_os0.9_r3_uniform_13,n100_os0.9_r3_uniform,instances/n100_os0.9_r3_uniform/n100_os0.9_r3_uniform_13.alb,100,33,3,uniform,3488510617,0.9,0.9012,665,4859
n100_os0.9_r3_uniform_14,n100_os0.9_r3_uniform,instances/n100_os0.9_r3_uniform/n100_os0.9_r3_uniform_14.alb,100,33,3,uniform,1368057658,0.9,0.9002,631,4835
n100_os0.9_r3_uniform_15,n100_os0.9_r3_uniform,instances/n100_os0.9_r3_uniform/n100_os0.9_r3_uniform_15.alb,100,33,3,uniform,646829996,0.9,0.9004,623,4585
n100_os0.9_r3_uniform_16,n100_os0.9_r3_uniform,instances/n100_os0.9_r3_uniform/n100_os0.9_r3_uniform_16.alb,100,33,3,uniform,3213133334,0.9,0.9,615,5325
n100_os0.9_r3_uniform_17,n100_os0.9_r3_uniform,instances/n100_os0.9_r3_uniform/n100_os0.9_r3_uniform_17.alb,100,33,3,uniform,3364075136,0.9,0.9,654,4827
n100_os0.9_r3_uniform_18,n100_os0.9_r3_uniform,instances/n100_os0.9_r3_uniform/n100_os0.9_r3_uniform_18.alb,100,33,3,uniform,1480370961,0.9,0.9014,621,5334
n100_os0.9_r3_uniform_19,n100_os0.9_r3_uniform,instances/n100_os0.9_r3_uniform/n100_os0.9_r3_uniform_19.alb,100,33,3,uniform,792435591,0.9,0.9,672,5040
n100_os0.9_r3_uniform_20,n100_os0.9_r3_uniform,instances/n100_os0.9_r3_uniform/n100_os0.9_r3_uniform_20.alb,100,33,3,uniform,2110419168,0.9,0.902,615,4760
n100_os0.9_r3_uniform_21,n100_os0.9_r3_uniform,instances/n100_os0.9_r3_uniform/n100_os0.9_r3_uniform_21.alb,100,33,3,uniform,181223542,0.9,0.9004,577,4856
n100_os0.9_r3_uniform_22,n100_os0.9_r3_uniform,instances/n100_os0.9_r3_uniform/n100_os0.9_r3_uniform_22.alb,100,33,3,uniform,2479100364,0.9,0.9002,613,4816
n100_os0.9_r3_uniform_23,n100_os0.9_r3_uniform,instances/n100_os0.9_r3_uniform/n100_os0.9_r3_uniform_23.alb,100,33,3,uniform,3837993306,0.9,0.9032,578,5554
n100_os0.9_r3_uniform_24,n100_os0.9_r3_uniform,instances/n100_os0.9_r3_uniform/n100_os0.9_r3_uniform_24.alb,100,33,3,uniform,2057811193,0.9,0.9,600,4654
n100_os0.9_r3_bimodal_00,n100_os0.9_r3_bimodal,instances/n100_os0.9_r3_bimodal/n100_os0.9_r3_bimodal_00.alb,100,33,3,bimodal,152088728,0.9,0.9014,639,3020
n100_os0.9_r3_bimodal_01,n100_os0.9_r3_bimodal,instances/n100_os0.9_r3_bimodal/n100_os0.9_r3_bimodal_01.alb,100,33,3,bimodal,2115469326,0.9,0.901,636,3218
n100_os0.9_r3_bimodal_02,n100_os0.9_r3_bimodal,instances/n100_os0.9_r3_bimodal/n100_os0.9_r3_bimodal_02.alb,100,33,3,bimodal,3877556660,0.9,0.901,617,3035
n100_os0.9_r3_bimodal_03,n100_os0.9_r3_bimodal,instances/n100_os0.9_r3_bimodal/n100_os0.9_r3_bimodal_03.alb,100,33,3,bimodal,2417615138,0.9,0.9004,616,2889
n100_os0.9_r3_bimodal_04,n100_os0.9_r3_bimodal,instances/n100_os0.9_r3_bimodal/n100_os0.9_r3_bimodal_04.alb,100,33,3,bimodal,243102849,0.9,0.9004,662,3131
n100_os0.9_r3_bimodal_05,n100_os0.9_r3_bimodal,instances/n100_os0.9_r3_bimodal/n100_os0.9_r3_bimodal_05.alb,100,33,3,bimodal,2038055959,0.9,0.9016,635,2929
n100_os0.9_r3_bimodal_06,n100_os0.9_r3_bimodal,instances/n100_os0.9_r3_bimodal/n100_os0.9_r3_bimodal_06.alb,100,33,3,bimodal,3765638573,0.9,0.9004,619,2760
n100_os0.9_r3_bimodal_07,n100_os0.9_r3_bimodal,instances/n100_os0.9_r3_bimodal/n100_os0.9_r3_bimodal_07.alb,100,33,3,bimodal,2540971323,0.9,0.9004,624,2764
n100_os0.9_r3_bimodal_08,n100_os0.9_r3_bimodal,instances/n100_os0.9_r3_bimodal/n100_os0.9_r3_bimodal_08.alb,100,33,3,bimodal,130758826,0.9,0.9006,610,3091
n100_os0.9_r3_bimodal_09,n100_os0.9_r3_bimodal,instances/n100_os0.9_r3_bimodal/n100_os0.9_r3_bimodal_09.alb,100,33,3,bimodal,1892419644,0.9,0.9008,686,3579
n100_os0.9_r3_bimodal_10,n100_os0.9_r3_bimodal,instances/n100_os0.9_r3_bimodal/n100_os0.9_r3_bimodal_10.alb,100,33,3,bimodal,320726438,0.9,0.9006,645,2808
n100_os0.9_r3_bimodal_11,n100_os0.9_r3_bimodal,instances/n100_os0.9_r3_bimodal/n100_os0.9_r3_bimodal_11.alb,100,33,3,bimodal,1679480112,0.9,0.9,622,3123
n100_os0.9_r3_bimodal_12,n100_os0.9_r3_bimodal,instances/n100_os0.9_r3_bimodal/n100_os0.9_r3_bimodal_12.alb,100,33,3,bimodal,4245914762,0.9,0.9,635,2834
n100_os0.9_r3_bimodal_13,n100_os0.9_r3_bimodal,instances/n100_os0.9_r3_bimodal/n100_os0.9_r3_bimodal_13.alb,100,33,3,bimodal,2316612636,0.9,0.9004,621,2874
n100_os0.9_r3_bimodal_14,n100_os0.9_r3_bimodal,instances/n100_os0.9_r3_bimodal/n100_os0.9_r3_bimodal_14.alb,100,33,3,bimodal,342892991,0.9,0.9,640,3168
n100_os0.9_r3_bimodal_15,n100_os0.9_r3_bimodal,instances/n100_os0.9_r3_bimodal/n100_os0.9_r3_bimodal_15.alb,100,33,3,bimodal,1668747561,0.9,0.9,578,2944
n100_os0.9_r3_bimodal_16,n100_os0.9_r3_bimodal,instances/n100_os0.9_r3_bimodal/n100_os0.9_r3_bimodal_16.alb,100,33,3,bimodal,4202578067,0.9,0.901,596,3322
n100_os0.9_r3_bimodal_17,n100_os0.9_r3_bimodal,instances/n100_os0.9_r3_bimodal/n100_os0.9_r3_bimodal_17.alb,100,33,3,bimodal,2373545989,0.9,0.9002,617,3060
n100_os0.9_r3_bimodal_18,n100_os0.9_r3_bimodal,instances/n100_os0.9_r3_bimodal/n100_os0.9_r3_bimodal_18.alb,100,33,3,bimodal,499543444,0.9,0.9008,647,2843
n100_os0.9_r3_bimodal_19,n100_os0.9_r3_bimodal,instances/n100_os0.9_r3_bimodal/n100_os0.9_r3_bimodal_19.alb,100,33,3,bimodal,1791057154,0.9,0.9,663,2938
n100_os0.9_r3_bimodal_20,n100_os0.9_r3_bimodal,instances/n100_os0.9_r3_bimodal/n100_os0.9_r3_bimodal_20.alb,100,33,3,bimodal,942716517,0.9,0.901,632,2946
n100_os0.9_r3_bimodal_21,n100_os0.9_r3_bimodal,instances/n100_os0.9_r3_bimodal/n100_os0.9_r3_bimodal_21.alb,100,33,3,bimodal,1329039091,0.9,0.902,529,3407
n100_os0.9_r3_bimodal_22,n100_os0.9_r3_bimodal,instances/n100_os0.9_r3_bimodal/n100_os0.9_r3_bimodal_22.alb,100,33,3,bimodal,3594442569,0.9,0.9,639,3020
n100_os0.9_r3_bimodal_23,n100_os0.9_r3_bimodal,instances/n100_os0.9_r3_bimodal/n100_os0.9_r3_bimodal_23.alb,100,33,3,bimodal,2704926687,0.9,0.9002,620,2831
n100_os0.9_r3_bimodal_24,n100_os0.9_r3_bimodal,instances/n100_os0.9_r3_bimodal/n100_os0.9_r3_bimodal_24.alb,100,33,3,bimodal,1063088764,0.9,0.9002,620,2971
n100_os0.9_r6_uniform_00,n100_os0.9_r6_uniform,instances/n100_os0.9_r6_uniform/n100_os0.9_r6_uniform_00.alb,100,17,6,uniform,1574825207,0.9,0.9016,595,4670
n100_os0.9_r6_uniform_01,n100_os0.9_r6_uniform,instances/n100_os0.9_r6_uniform/n100_os0.9_r6_uniform_01.alb,100,17,6,uniform,718986337,0.9,0.9008,590,4513
n100_os0.9_r6_uniform_02,n100_os0.9_r6_uniform,instances/n100_os0.9_r6_uniform/n100_os0.9_r6_uniform_02.alb,100,17,6,uniform,3016986075,0.9,0.903,638,4716
n100_os0.9_r6_uniform_03,n100_os0.9_r6_uniform,instances/n100_os0.9_r6_uniform/n100_os0.9_r6_uniform_03.alb,100,17,6,uniform,3302276429,0.9,0.9008,600,5298
n100_os0.9_r6_uniform_04,n100_os0.9_r6_uniform,instances/n100_os0.9_r6_uniform/n100_os0.9_r6_uniform_04.alb,100,17,6,uniform,1521494254,0.9,0.9024,642,5557
n100_os0.9_r6_uniform_05,n100_os0.9_r6_uniform,instances/n100_os0.9_r6_uniform/n100_os0.9_r6_uniform_05.alb,100,17,6,uniform,766974072,0.9,0.9002,645,5004
n100_os0.9_r6_uniform_06,n100_os0.9_r6_uniform,instances/n100_os0.9_r6_uniform/n100_os0.9_r6_uniform_06.alb,100,17,6,uniform,3032369602,0.9,0.9004,627,5248
n100_os0.9_r6_uniform_07,n100_os0.9_r6_uniform,instances/n100_os0.9_r6_uniform/n100_os0.9_r6_uniform_07.alb,100,17,6,uniform,3283712340,0.9,0.901,609,4796
n100_os0.9_r6_uniform_08,n100_os0.9_r6_uniform,instances/n100_os0.9_r6_uniform/n100_os0.9_r6_uniform_08.alb,100,17,6,uniform,1392927941,0.9,0.9004,607,4832
n100_os0.9_r6_uniform_09,n100_os0.9_r6_uniform,instances/n100_os0.9_r6_uniform/n100_os0.9_r6_uniform_09.alb,100,17,6,uniform,604066899,0.9,0.9012,693,5309
n100_os0.9_r6_uniform_10,n100_os0.9_r6_uniform,instances/n100_os0.9_r6_uniform/n100_os0.9_r6_uniform_10.alb,100,17,6,uniform,3460584499,0.9,0.9002,578,5456
n100_os0.9_r6_uniform_11,n100_os0.9_r6_uniform,instances/n100_os0.9_r6_uniform/n100_os0.9_r6_uniform_11.alb,100,17,6,uniform,3108201637,0.9,0.9002,622,5456
n100_os0.9_r6_uniform_12,n100_os0.9_r6_uniform,instances/n100_os0.9_r6_uniform/n100_os0.9_r6_uniform_12.alb,100,17,6,uniform,541734175,0.9,0.9006,620,5312
n100_os0.9_r6_uniform_13,n100_os0.9_r6_uniform,instances/n100_os0.9_r6_uniform/n100_os0.9_r6_uniform_13.alb,100,17,6,uniform,1464665481,0.9,0.9002,639,5058
n100_os0.9_r6_uniform_14,n100_os0.9_r6_uniform,instances/n100_os0.9_r6_uniform/n100_os0.9_r6_uniform_14.alb,100,17,6,uniform,3374944298,0.9,0.9004,669,4730
n100_os0.9_r6_uniform_15,n100_os0.9_r6_uniform,instances/n100_os0.9_r6_uniform/n100_os0.9_r6_uniform_15.alb,100,17,6,uniform,3190726844,0.9,0.9,618,4743
n100_os0.9_r6_uniform_16,n100_os0.9_r6_uniform,instances/n100_os0.9_r6_uniform/n100_os0.9_r6_uniform_16.alb,100,17,6,uniform,656929030,0.9,0.9004,642,5196
n100_os0.9_r6_uniform_17,n100_os0.9_r6_uniform,instances/n100_os0.9_r6_uniform/n100_os0.9_r6_uniform_17.alb,100,17,6,uniform,1344323984,0.9,0.9008,646,5092
n100_os0.9_r6_uniform_18,n100_os0.9_r6_uniform,instances/n100_os0.9_r6_uniform/n100_os0.9_r6_uniform_18.alb,100,17,6,uniform,3231702017,0.9,0.9002,626,5208
n100_os0.9_r6_uniform_19,n100_os0.9_r6_uniform,instances/n100_os0.9_r6_uniform/n100_os0.9_r6_uniform_19.alb,100,17,6,uniform,3080252567,0.9,0.9014,614,5035
n100_os0.9_r6_uniform_20,n100_os0.9_r6_uniform,instances/n100_os0.9_r6_uniform/n100_os0.9_r6_uniform_20.alb,100,17,6,uniform,3848865776,0.9,0.9014,587,5007
n100_os0.9_r6_uniform_21,n100_os0.9_r6_uniform,instances/n100_os0.9_r6_uniform/n100_os0.9_r6_uniform_21.alb,100,17,6,uniform,2456696678,0.9,0.9002,640,4921
n100_os0.9_r6_uniform_22,n100_os0.9_r6_uniform,instances/n100_os0.9_r6_uniform/n100_os0.9_r6_uniform_22.alb,100,17,6,uniform,191325916,0.9,0.9004,629,5007
n100_os0.9_r6_uniform_23,n100_os0.9_r6_uniform,instances/n100_os0.9_r6_uniform/n100_os0.9_r6_uniform_23.alb,100,17,6,uniform,2086688330,0.9,0.9006,635,5191
n100_os0.9_r6_uniform_24,n100_os0.9_r6_uniform,instances/n100_os0.9_r6_uniform/n100_os0.9_r6_uniform_24.alb,100,17,6,uniform,3791963113,0.9,0.9,565,5212
n100_os0.9_r6_bimodal_00,n100_os0.9_r6_bimodal,instances/n100_os0.9_r6_bimodal/n100_os0.9_r6_bimodal_00.alb,100,17,6,bimodal,2017926362,0.9,0.9016,642,2955
n100_os0.9_r6_bimodal_01,n100_os0.9_r6_bimodal,instances/n100_os0.9_r6_bimodal/n100_os0.9_r6_bimodal_01.alb,100,17,6,bimodal,255863884,0.9,0.9016,649,2714
n100_os0.9_r6_bimodal_02,n100_os0.9_r6_bimodal,instances/n100_os0.9_r6_bimodal/n100_os0.9_r6_bimodal_02.alb,100,17,6,bimodal,2521398774,0.9,0.901,634,2533
n100_os0.9_r6_bimodal_03,n100_os0.9_r6_bimodal,instances/n100_os0.9_r6_bimodal/n100_os0.9_r6_bimodal_03.alb,100,17,6,bimodal,3780005216,0.9,0.9006,582,2863
n100_os0.9_r6_bimodal_04,n100_os0.9_r6_bimodal,instances/n100_os0.9_r6_bimodal/n100_os0.9_r6_bimodal_04.alb,100,17,6,bimodal,2133514435,0.9,0.9002,666,3445
n100_os0.9_r6_bimodal_05,n100_os0.9_r6_bimodal,instances/n100_os0.9_r6_bimodal/n100_os0.9_r6_bimodal_05.alb,100,17,6,bimodal,137226325,0.9,0.9012,601,3046
n100_os0.9_r6_bimodal_06,n100_os0.9_r6_bimodal,instances/n100_os0.9_r6_bimodal/n100_os0.9_r6_bimodal_06.alb,100,17,6,bimodal,2435103215,0.9,0.9006,604,2744
n100_os0.9_r6_bimodal_07,n100_os0.9_r6_bimodal,instances/n100_os0.9_r6_bimodal/n100_os0.9_r6_bimodal_07.alb,100,17,6,bimodal,3861088633,0.9,0.9028,640,3196
n100_os0.9_r6_bimodal_08,n100_os0.9_r6_bimodal,instances/n100_os0.9_r6_bimodal/n100_os0.9_r6_bimodal_08.alb,100,17,6,bimodal,1989973224,0.9,0.9004,655,3241
n100_os0.9_r6_bimodal_09,n100_os0.9_r6_bimodal,instances/n100_os0.9_r6_bimodal/n100_os0.9_r6_bimodal_09.alb,100,17,6,bimodal,26977406,0.9,0.9012,680,3222
n100_os0.9_r6_bimodal_10,n100_os0.9_r6_bimodal,instances/n100_os0.9_r6_bimodal/n100_os0.9_r6_bimodal_10.alb,100,17,6,bimodal,2344522422,0.9,0.9055,609,2963
n100_os0.9_r6_bimodal_11,n100_os0.9_r6_bimodal,instances/n100_os0.9_r6_bimodal/n100_os0.9_r6_bimodal_11.alb,100,17,6,bimodal,4240024096,0.9,0.9,638,2901
n100_os0.9_r6_bimodal_12,n100_os0.9_r6_bimodal,instances/n100_os0.9_r6_bimodal/n100_os0.9_r6_bimodal_12.alb,100,17,6,bimodal,1706095514,0.9,0.9024,617,3324
n100_os0.9_r6_bimodal_13,n100_os0.9_r6_bimodal,instances/n100_os0.9_r6_bimodal/n100_os0.9_r6_bimodal_13.alb,100,17,6,bimodal,314032908,0.9,0.9004,638,3032
n100_os0.9_r6_bimodal_14,n100_os0.9_r6_bimodal,instances/n100_os0.9_r6_bimodal/n100_os0.9_r6_bimodal_14.alb,100,17,6,bimodal,2362660527,0.9,0.901,681,2738
n100_os0.9_r6_bimodal_15,n100_os0.9_r6_bimodal,instances/n100_os0.9_r6_bimodal/n100_os0.9_r6_bimodal_15.alb,100,17,6,bimodal,4225001017,0.9,0.9002,637,2882
n100_os0.9_r6_bimodal_16,n100_os0.9_r6_bimodal,instances/n100_os0.9_r6_bimodal/n100_os0.9_r6_bimodal_16.alb,100,17,6,bimodal,1658664835,0.9,0.9,643,3119
n100_os0.9_r6_bimodal_17,n100_os0.9_r6_bimodal,instances/n100_os0.9_r6_bimodal/n100_os0.9_r6_bimodal_17.alb,100,17,6,bimodal,366610197,0.9,0.901,632,3432
n100_os0.9_r6_bimodal_18,n100_os0.9_r6_bimodal,instances/n100_os0.9_r6_bimodal/n100_os0.9_r6_bimodal_18.alb,100,17,6,bimodal,2237995652,0.9,0.9004,677,3380
n100_os0.9_r6_bimodal_19,n100_os0.9_r6_bimodal,instances/n100_os0.9_r6_bimodal/n100_os0.9_r6_bimodal_19.alb,100,17,6,bimodal,4066519570,0.9,0.9002,648,2634
n100_os0.9_r6_bimodal_20,n100_os0.9_r6_bimodal,instances/n100_os0.9_r6_bimodal/n100_os0.9_r6_bimodal_20.alb,100,17,6,bimodal,2694037877,0.9,0.9002,650,2751
n100_os0.9_r6_bimodal_21,n100_os0.9_r6_bimodal,instances/n100_os0.9_r6_bimodal/n100_os0.9_r6_bimodal_21.alb,100,17,6,bimodal,3616862691,0.9,0.9002,601,2946
n100_os0.9_r6_bimodal_22,n100_os0.9_r6_bimodal,instances/n100_os0.9_r6_bimodal/n100_os0.9_r6_bimodal_22.alb,100,17,6,bimodal,1318953049,0.9,0.9006,638,2665
n100_os0.9_r6_bimodal_23,n100_os0.9_r6_bimodal,instances/n100_os0.9_r6_bimodal/n100_os0.9_r6_bimodal_23.alb,100,17,6,bimodal,966430927,0.9,0.9004,668,3264
n100_os0.9_r6_bimodal_24,n100_os0.9_r6_bimodal,instances/n100_os0.9_r6_bimodal/n100_os0.9_r6_bimodal_24.alb,100,17,6,bimodal,2818442604,0.9,0.9,620,2955
n100_os0.9_r10_uniform_00,n100_os0.9_r10_uniform,instances/n100_os0.9_r10_uniform/n100_os0.9_r10_uniform_00.alb,100,10,10,uniform,480334906,0.9,0.9,636,4776
n100_os0.9_r10_uniform_01,n100_os0.9_r10_uniform,instances/n100_os0.9_r10_uniform/n100_os0.9_r10_uniform_01.alb,100,10,10,uniform,1806066860,0.9,0.901,640,4933
n100_os0.9_r10_uniform_02,n100_os0.9_r10_uniform,instances/n100_os0.9_r10_uniform/n100_os0.9_r10_uniform_02.alb,100,10,10,uniform,4071568662,0.9,0.9002,587,5119
n100_os0.9_r10_uniform_03,n100_os0.9_r10_uniform,instances/n100_os0.9_r10_uniform/n100_os0.9_r10_uniform_03.alb,100,10,10,uniform,2242381184,0.9,0.9,574,5016
n100_os0.9_r10_uniform_04,n100_os0.9_r10_uniform,instances/n100_os0.9_r10_uniform/n100_os0.9_r10_uniform_04.alb,100,10,10,uniform,466391075,0.9,0.9002,580,4962
n100_os0.9_r10_uniform_05,n100_os0.9_r10_uniform,instances/n100_os0.9_r10_uniform/n100_os0.9_r10_uniform_05.alb,100,10,10,uniform,1825284277,0.9,0.9004,635,5200
n100_os0.9_r10_uniform_06,n100_os0.9_r10_uniform,instances/n100_os0.9_r10_uniform/n100_os0.9_r10_uniform_06.alb,100,10,10,uniform,4123193615,0.9,0.901,578,4922
n100_os0.9_r10_uniform_07,n100_os0.9_r10_uniform,instances/n100_os0.9_r10_uniform/n100_os0.9_r10_uniform_07.alb,100,10,10,uniform,2193998233,0.9,0.9,673,5204
n100_os0.9_r10_uniform_08,n100_os0.9_r10_uniform,instances/n100_os0.9_r10_uniform/n100_os0.9_r10_uniform_08.alb,100,10,10,uniform,310041608,0.9,0.9002,638,4724
n100_os0.9_r10_uniform_09,n100_os0.9_r10_uniform,instances/n100_os0.9_r10_uniform/n100_os0.9_r10_uniform_09.alb,100,10,10,uniform,1702751390,0.9,0.9002,634,4966
n100_os0.9_r10_uniform_10,n100_os0.9_r10_uniform,instances/n100_os0.9_r10_uniform/n100_os0.9_r10_uniform_10.alb,100,10,10,uniform,735090310,0.9,0.9002,669,4831
n100_os0.9_r10_uniform_11,n100_os0.9_r10_uniform,instances/n100_os0.9_r10_uniform/n100_os0.9_r10_uniform_11.alb,100,10,10,uniform,1557636624,0.9,0.9,640,6010
n100_os0.9_r10_uniform_12,n100_os0.9_r10_uniform,instances/n100_os0.9_r10_uniform/n100_os0.9_r10_uniform_12.alb,100,10,10,uniform,3319723946,0.9,0.9,619,5072
n100_os0.9_r10_uniform_13,n100_os0.9_r10_uniform,instances/n100_os0.9_r10_uniform/n100_os0.9_r10_uniform_13.alb,100,10,10,uniform,3000616764,0.9,0.904,664,4946
n100_os0.9_r10_uniform_14,n100_os0.9_r10_uniform,instances/n100_os0.9_r10_uniform/n100_os0.9_r10_uniform_14.alb,100,10,10,uniform,750604959,0.9,0.9006,665,4998
n100_os0.9_r10_uniform_15,n100_os0.9_r10_uniform,instances/n100_os0.9_r10_uniform/n100_os0.9_r10_uniform_15.alb,100,10,10,uniform,1538941449,0.9,0.9002,642,4552
n100_os0.9_r10_uniform_16,n100_os0.9_r10_uniform,instances/n100_os0.9_r10_uniform/n100_os0.9_r10_uniform_16.alb,100,10,10,uniform,3266524083,0.9,0.9004,595,4603
n100_os0.9_r10_uniform_17,n100_os0.9_r10_uniform,instances/n100_os0.9_r10_uniform/n100_os0.9_r10_uniform_17.alb,100,10,10,uniform,3048473381,0.9,0.9004,699,5226
n100_os0.9_r10_uniform_18,n100_os0.9_r10_uniform,instances/n100_os0.9_r10_uniform/n100_os0.9_r10_uniform_18.alb,100,10,10,uniform,621485748,0.9,0.9014,611,5242
n100_os0.9_r10_uniform_19,n100_os0.9_r10_uniform,instances/n100_os0.9_r10_uniform/n100_os0.9_r10_uniform_19.alb,100,10,10,uniform,1376529954,0.9,0.9002,584,5245
n100_os0.9_r10_uniform_20,n100_os0.9_r10_uniform,instances/n100_os0.9_r10_uniform/n100_os0.9_r10_uniform_20.alb,100,10,10,uniform,16631109,0.9,0.9016,581,5139
n100_os0.9_r10_uniform_21,n100_os0.9_r10_uniform,instances/n100_os0.9_r10_uniform/n100_os0.9_r10_uniform_21.alb,100,10,10,uniform,2012935635,0.9,0.9002,583,5239
n100_os0.9_r10_uniform_22,n100_os0.9_r10_uniform,instances/n100_os0.9_r10_uniform/n100_os0.9_r10_uniform_22.alb,100,10,10,uniform,4008944745,0.9,0.9014,610,5069
n100_os0.9_r10_uniform_23,n100_os0.9_r10_uniform,instances/n100_os0.9_r10_uniform/n100_os0.9_r10_uniform_23.alb,100,10,10,uniform,2582942975,0.9,0.9,615,5478
n100_os0.9_r10_uniform_24,n100_os0.9_r10_uniform,instances/n100_os0.9_r10_uniform/n100_os0.9_r10_uniform_24.alb,100,10,10,uniform,126878044,0.9,0.9,642,5581
n100_os0.9_r10_bimodal_00,n100_os0.9_r10_bimodal,instances/n100_os0.9_r10_bimodal/n100_os0.9_r10_bimodal_00.alb,100,10,10,bimodal,960209943,0.9,0.9016,595,3189
n100_os0.9_r10_bimodal_01,n100_os0.9_r10_bimodal,instances/n100_os0.9_r10_bimodal/n100_os0.9_r10_bimodal_01.alb,100,10,10,bimodal,1312593025,0.9,0.9012,603,2937
n100_os0.9_r10_bimodal_02,n100_os0.9_r10_bimodal,instances/n100_os0.9_r10_bimodal/n100_os0.9_r10_bimodal_02.alb,100,10,10,bimodal,3610625339,0.9,0.9006,611,3250
n100_os0.9_r10_bimodal_03,n100_os0.9_r10_bimodal,instances/n100_os0.9_r10_bimodal/n100_os0.9_r10_bimodal_03.alb,100,10,10,bimodal,2687694253,0.9,0.9006,643,3149
n100_os0.9_r10_bimodal_04,n100_os0.9_r10_bimodal,instances/n100_os0.9_r10_bimodal/n100_os0.9_r10_bimodal_04.alb,100,10,10,bimodal,1045848078,0.9,0.9002,623,2764
n100_os0.9_r10_bimodal_05,n100_os0.9_r10_bimodal,instances/n100_os0.9_r10_bimodal/n100_os0.9_r10_bimodal_05.alb,100,10,10,bimodal,1230065816,0.9,0.9006,587,3352
n100_os0.9_r10_bimodal_06,n100_os0.9_r10_bimodal,instances/n100_os0.9_r10_bimodal/n100_os0.9_r10_bimodal_06.alb,100,10,10,bimodal,3495428386,0.9,0.9002,625,2917
n100_os0.9_r10_bimodal_07,n100_os0.9_r10_bimodal,instances/n100_os0.9_r10_bimodal/n100_os0.9_r10_bimodal_07.alb,100,10,10,bimodal,2808033716,0.9,0.9002,597,2836
n100_os0.9_r10_bimodal_08,n100_os0.9_r10_bimodal,instances/n100_os0.9_r10_bimodal/n100_os0.9_r10_bimodal_08.alb,100,10,10,bimodal,937438245,0.9,0.9006,628,3526
n100_os0.9_r10_bimodal_09,n100_os0.9_r10_bimodal,instances/n100_os0.9_r10_bimodal/n100_os0.9_r10_bimodal_09.alb,100,10,10,bimodal,1088887987,0.9,0.902,632,3063
n100_os0.9_r10_bimodal_10,n100_os0.9_r10_bimodal,instances/n100_os0.9_r10_bimodal/n100_os0.9_r10_bimodal_10.alb,100,10,10,bimodal,1848266755,0.9,0.9,642,3250
n100_os0.9_r10_bimodal_11,n100_os0.9_r10_bimodal,instances/n100_os0.9_r10_bimodal/n100_os0.9_r10_bimodal_11.alb,100,10,10,bimodal,422404245,0.9,0.9008,672,3228
n100_os0.9_r10_bimodal_12,n100_os0.9_r10_bimodal,instances/n100_os0.9_r10_bimodal/n100_os0.9_r10_bimodal_12.alb,100,10,10,bimodal,2149855535,0.9,0.9002,656,2998
n100_os0.9_r10_bimodal_13,n100_os0.9_r10_bimodal,instances/n100_os0.9_r10_bimodal/n100_os0.9_r10_bimodal_13.alb,100,10,10,bimodal,4146266553,0.9,0.9006,579,2833
n100_os0.9_r10_bimodal_14,n100_os0.9_r10_bimodal,instances/n100_os0.9_r10_bimodal/n100_os0.9_r10_bimodal_14.alb,100,10,10,bimodal,1766298650,0.9,0.9008,634,2950
n100_os0.9_r10_bimodal_15,n100_os0.9_r10_bimodal,instances/n100_os0.9_r10_bimodal/n100_os0.9_r10_bimodal_15.alb,100,10,10,bimodal,507552908,0.9,0.9006,658,3562
n100_os0.9_r10_bimodal_16,n100_os0.9_r10_bimodal,instances/n100_os0.9_r10_bimodal/n100_os0.9_r10_bimodal_16.alb,100,10,10,bimodal,2269771062,0.9,0.9002,638,3032
n100_os0.9_r10_bimodal_17,n100_os0.9_r10_bimodal,instances/n100_os0.9_r10_bimodal/n100_os0.9_r10_bimodal_17.alb,100,10,10,bimodal,4031694240,0.9,0.9008,607,3605
n100_os0.9_r10_bimodal_18,n100_os0.9_r10_bimodal,instances/n100_os0.9_r10_bimodal/n100_os0.9_r10_bimodal_18.alb,100,10,10,bimodal,1626462257,0.9,0.902,610,3068
n100_os0.9_r10_bimodal_19,n100_os0.9_r10_bimodal,instances/n100_os0.9_r10_bimodal/n100_os0.9_r10_bimodal_19.alb,100,10,10,bimodal,402057383,0.9,0.9,648,2731
n100_os0.9_r10_bimodal_20,n100_os0.9_r10_bimodal,instances/n100_os0.9_r10_bimodal/n100_os0.9_r10_bimodal_20.alb,100,10,10,bimodal,1158087616,0.9,0.9,616,2732
n100_os0.9_r10_bimodal_21,n100_os0.9_r10_bimodal,instances/n100_os0.9_r10_bimodal/n100_os0.9_r10_bimodal_21.alb,100,10,10,bimodal,838873942,0.9,0.9002,627,3128
n100_os0.9_r10_bimodal_22,n100_os0.9_r10_bimodal,instances/n100_os0.9_r10_bimodal/n100_os0.9_r10_bimodal_22.alb,100,10,10,bimodal,2869519084,0.9,0.9002,647,2813
n100_os0.9_r10_bimodal_23,n100_os0.9_r10_bimodal,instances/n100_os0.9_r10_bimodal/n100_os0.9_r10_bimodal_23.alb,100,10,10,bimodal,3691926138,0.9,0.9002,602,2788
n100_os0.9_r10_bimodal_24,n100_os0.9_r10_bimodal,instances/n100_os0.9_r10_bimodal/n100_os0.9_r10_bimodal_24.alb,100,10,10,bimodal,1114294233,0.9,0.9,608,2613
n200_os0.2_r3_uniform_00,n200_os0.2_r3_uniform,instances/n200_os0.2_r3_uniform/n200_os0.2_r3_uniform_00.alb,200,67,3,uniform,1523242520,0.2,0.2079,548,10643
n200_os0.2_r3_uniform_01,n200_os0.2_r3_uniform,instances/n200_os0.2_r3_uniform/n200_os0.2_r3_uniform_01.alb,200,67,3,uniform,768468622,0.2,0.2003,497,9591
n200_os0.2_r3_uniform_02,n200_os0.2_r3_uniform,instances/n200_os0.2_r3_uniform/n200_os0.2_r3_uniform_02.alb,200,67,3,uniform,3032790836,0.2,0.2014,548,10058
n200_os0.2_r3_uniform_03,n200_os0.2_r3_uniform,instances/n200_os0.2_r3_uniform/n200_os0.2_r3_uniform_03.alb,200,67,3,uniform,3284371362,0.2,0.2003,515,10135
n200_os0.2_r3_uniform_04,n200_os0.2_r3_uniform,instances/n200_os0.2_r3_uniform/n200_os0.2_r3_uniform_04.alb,200,67,3,uniform,1571230209,0.2,0.2017,590,9663
n200_os0.2_r3_uniform_05,n200_os0.2_r3_uniform,instances/n200_os0.2_r3_uniform/n200_os0.2_r3_uniform_05.alb,200,67,3,uniform,715137687,0.2,0.2002,568,10936
n200_os0.2_r3_uniform_06,n200_os0.2_r3_uniform,instances/n200_os0.2_r3_uniform/n200_os0.2_r3_uniform_06.alb,200,67,3,uniform,3014226733,0.2,0.2013,563,10483
n200_os0.2_r3_uniform_07,n200_os0.2_r3_uniform,instances/n200_os0.2_r3_uniform/n200_os0.2_r3_uniform_07.alb,200,67,3,uniform,3299754939,0.2,0.2047,542,10025
n200_os0.2_r3_uniform_08,n200_os0.2_r3_uniform,instances/n200_os0.2_r3_uniform/n200_os0.2_r3_uniform_08.alb,200,67,3,uniform,1410424362,0.2,0.2003,585,10311
n200_os0.2_r3_uniform_09,n200_os0.2_r3_uniform,instances/n200_os0.2_r3_uniform/n200_os0.2_r3_uniform_09.alb,200,67,3,uniform,588672700,0.2,0.2008,504,10522
n200_os0.2_r3_uniform_10,n200_os0.2_r3_uniform,instances/n200_os0.2_r3_uniform/n200_os0.2_r3_uniform_10.alb,200,67,3,uniform,4277583072,0.2,0.2003,519,9956
n200_os0.2_r3_uniform_11,n200_os0.2_r3_uniform,instances/n200_os0.2_r3_uniform/n200_os0.2_r3_uniform_11.alb,200,67,3,uniform,2314308726,0.2,0.2008,534,9442
n200_os0.2_r3_uniform_12,n200_os0.2_r3_uniform,instances/n200_os0.2_r3_uniform/n200_os0.2_r3_uniform_12.alb,200,67,3,uniform,284745164,0.2,0.2011,571,10386
n200_os0.2_r3_uniform_13,n200_os0.2_r3_uniform,instances/n200_os0.2_r3_uniform/n200_os0.2_r3_uniform_13.alb,200,67,3,uniform,1744825690,0.2,0.2008,513,10021
n200_os0.2_r3_uniform_14,n200_os0.2_r3_uniform,instances/n200_os0.2_r3_uniform/n200_os0.2_r3_uniform_14.alb,200,67,3,uniform,4187715833,0.2,0.2006,549,10750
n200_os0.2_r3_uniform_15,n200_os0.2_r3_uniform,instances/n200_os0.2_r3_uniform/n200_os0.2_r3_uniform_15.alb,200,67,3,uniform,2392606831,0.2,0.2005,522,10651
n200_os0.2_r3_uniform_16,n200_os0.2_r3_uniform,instances/n200_os0.2_r3_uniform/n200_os0.2_r3_uniform_16.alb,200,67,3,uniform,395647445,0.2,0.2004,557,10152
n200_os0.2_r3_uniform_17,n200_os0.2_r3_uniform,instances/n200_os0.2_r3_uniform/n200_os0.2_r3_uniform_17.alb,200,67,3,uniform,1620191555,0.2,0.2022,527,9761
n200_os0.2_r3_uniform_18,n200_os0.2_r3_uniform,instances/n200_os0.2_r3_uniform/n200_os0.2_r3_uniform_18.alb,200,67,3,uniform,4029494482,0.2,0.2002,526,10503
n200_os0.2_r3_uniform_19,n200_os0.2_r3_uniform,instances/n200_os0.2_r3_uniform/n200_os0.2_r3_uniform_19.alb,200,67,3,uniform,2267677764,0.2,0.201,574,10426
n200_os0.2_r3_uniform_20,n200_os0.2_r3_uniform,instances/n200_os0.2_r3_uniform/n200_os0.2_r3_uniform_20.alb,200,67,3,uniform,3587960611,0.2,0.2003,545,9703
n200_os0.2_r3_uniform_21,n200_os0.2_r3_uniform,instances/n200_os0.2_r3_uniform/n200_os0.2_r3_uniform_21.alb,200,67,3,uniform,2732384181,0.2,0.202,500,9989
n200_os0.2_r3_uniform_22,n200_os0.2_r3_uniform,instances/n200_os0.2_r3_uniform/n200_os0.2_r3_uniform_22.alb,200,67,3,uniform,1003851279,0.2,0.2058,560,10431
n200_os0.2_r3_uniform_23,n200_os0.2_r3_uniform,instances/n200_os0.2_r3_uniform/n200_os0.2_r3_uniform_23.alb,200,67,3,uniform,1288879769,0.2,0.2003,569,10462
n200_os0.2_r3_uniform_24,n200_os0.2_r3_uniform,instances/n200_os0.2_r3_uniform/n200_os0.2_r3_uniform_24.alb,200,67,3,uniform,3535153978,0.2,0.2002,561,10053
n200_os0.2_r3_bimodal_00,n200_os0.2_r3_bimodal,instances/n200_os0.2_r3_bimodal/n200_os0.2_r3_bimodal_00.alb,200,67,3,bimodal,2135959093,0.2,0.2005,582,5894
n200_os0.2_r3_bimodal_01,n200_os0.2_r3_bimodal,instances/n200_os0.2_r3_bimodal/n200_os0.2_r3_bimodal_01.alb,200,67,3,bimodal,139925155,0.2,0.2006,518,5954
n200_os0.2_r3_bimodal_02,n200_os0.2_r3_bimodal,instances/n200_os0.2_r3_bimodal/n200_os0.2_r3_bimodal_02.alb,200,67,3,bimodal,2438874905,0.2,0.2004,534,6831
n200_os0.2_r3_bimodal_03,n200_os0.2_r3_bimodal,instances/n200_os0.2_r3_bimodal/n200_os0.2_r3_bimodal_03.alb,200,67,3,bimodal,3864622991,0.2,0.2029,545,6220
n200_os0.2_r3_bimodal_04,n200_os0.2_r3_bimodal,instances/n200_os0.2_r3_bimodal/n200_os0.2_r3_bimodal_04.alb,200,67,3,bimodal,2017321516,0.2,0.2032,522,5688
n200_os0.2_r3_bimodal_05,n200_os0.2_r3_bimodal,instances/n200_os0.2_r3_bimodal/n200_os0.2_r3_bimodal_05.alb,200,67,3,bimodal,255513274,0.2,0.2016,564,5673
n200_os0.2_r3_bimodal_06,n200_os0.2_r3_bimodal,instances/n200_os0.2_r3_bimodal/n200_os0.2_r3_bimodal_06.alb,200,67,3,bimodal,2519958272,0.2,0.2014,547,5705
n200_os0.2_r3_bimodal_07,n200_os0.2_r3_bimodal,instances/n200_os0.2_r3_bimodal/n200_os0.2_r3_bimodal_07.alb,200,67,3,bimodal,3778327446,0.2,0.2001,548,6418
n200_os0.2_r3_bimodal_08,n200_os0.2_r3_bimodal,instances/n200_os0.2_r3_bimodal/n200_os0.2_r3_bimodal_08.alb,200,67,3,bimodal,1904979463,0.2,0.2031,498,5551
n200_os0.2_r3_bimodal_09,n200_os0.2_r3_bimodal,instances/n200_os0.2_r3_bimodal/n200_os0.2_r3_bimodal_09.alb,200,67,3,bimodal,109878929,0.2,0.2003,574,6588
n200_os0.2_r3_bimodal_10,n200_os0.2_r3_bimodal,instances/n200_os0.2_r3_bimodal/n200_os0.2_r3_bimodal_10.alb,200,67,3,bimodal,3138157157,0.2,0.2001,528,6745
n200_os0.2_r3_bimodal_11,n200_os0.2_r3_bimodal,instances/n200_os0.2_r3_bimodal/n200_os0.2_r3_bimodal_11.alb,200,67,3,bimodal,3423292147,0.2,0.2002,545,5511
n200_os0.2_r3_bimodal_12,n200_os0.2_r3_bimodal,instances/n200_os0.2_r3_bimodal/n200_os0.2_r3_bimodal_12.alb,200,67,3,bimodal,1426201417,0.2,0.2011,530,5816
n200_os0.2_r3_bimodal_13,n200_os0.2_r3_bimodal,instances/n200_os0.2_r3_bimodal/n200_os0.2_r3_bimodal_13.alb,200,67,3,bimodal,570764255,0.2,0.2001,485,6237
n200_os0.2_r3_bimodal_14,n200_os0.2_r3_bimodal,instances/n200_os0.2_r3_bimodal/n200_os0.2_r3_bimodal_14.alb,200,67,3,bimodal,3160522364,0.2,0.2005,556,6871
n200_os0.2_r3_bimodal_15,n200_os0.2_r3_bimodal,instances/n200_os0.2_r3_bimodal/n200_os0.2_r3_bimodal_15.alb,200,67,3,bimodal,3412496106,0.2,0.2008,540,6133
n200_os0.2_r3_bimodal_16,n200_os0.2_r3_bimodal,instances/n200_os0.2_r3_bimodal/n200_os0.2_r3_bimodal_16.alb,200,67,3,bimodal,1383063376,0.2,0.202,562,6505
n200_os0.2_r3_bimodal_17,n200_os0.2_r3_bimodal,instances/n200_os0.2_r3_bimodal/n200_os0.2_r3_bimodal_17.alb,200,67,3,bimodal,627634118,0.2,0.2084,551,6282
n200_os0.2_r3_bimodal_18,n200_os0.2_r3_bimodal,instances/n200_os0.2_r3_bimodal/n200_os0.2_r3_bimodal_18.alb,200,67,3,bimodal,3050828375,0.2,0.2005,528,6968
n200_os0.2_r3_bimodal_19,n200_os0.2_r3_bimodal,instances/n200_os0.2_r3_bimodal/n200_os0.2_r3_bimodal_19.alb,200,67,3,bimodal,3268461249,0.2,0.2009,536,6336
n200_os0.2_r3_bimodal_20,n200_os0.2_r3_bimodal,instances/n200_os0.2_r3_bimodal/n200_os0.2_r3_bimodal_20.alb,200,67,3,bimodal,2418092454,0.2,0.2011,531,6142
n200_os0.2_r3_bimodal_21,n200_os0.2_r3_bimodal,instances/n200_os0.2_r3_bimodal/n200_os0.2_r3_bimodal_21.alb,200,67,3,bimodal,3878033712,0.2,0.2002,561,5692
n200_os0.2_r3_bimodal_22,n200_os0.2_r3_bimodal,instances/n200_os0.2_r3_bimodal/n200_os0.2_r3_bimodal_22.alb,200,67,3,bimodal,2117027978,0.2,0.201,552,6325
n200_os0.2_r3_bimodal_23,n200_os0.2_r3_bimodal,instances/n200_os0.2_r3_bimodal/n200_os0.2_r3_bimodal_23.alb,200,67,3,bimodal,153647132,0.2,0.2001,549,5301
n200_os0.2_r3_bimodal_24,n200_os0.2_r3_bimodal,instances/n200_os0.2_r3_bimodal/n200_os0.2_r3_bimodal_24.alb,200,67,3,bimodal,2538401215,0.2,0.2034,552,6301
n200_os0.2_r6_uniform_00,n200_os0.2_r6_uniform,instances/n200_os0.2_r6_uniform/n200_os0.2_r6_uniform_00.alb,200,33,6,uniform,731740762,0.2,0.2001,545,10558
n200_os0.2_r6_uniform_01,n200_os0.2_r6_uniform,instances/n200_os0.2_r6_uniform/n200_os0.2_r6_uniform_01.alb,200,33,6,uniform,1553615564,0.2,0.2005,517,9458
n200_os0.2_r6_uniform_02,n200_os0.2_r6_uniform,instances/n200_os0.2_r6_uniform/n200_os0.2_r6_uniform_02.alb,200,33,6,uniform,3314752374,0.2,0.2005,550,9615
n200_os0.2_r6_uniform_03,n200_os0.2_r6_uniform,instances/n200_os0.2_r6_uniform/n200_os0.2_r6_uniform_03.alb,200,33,6,uniform,2996055008,0.2,0.2024,564,9996
n200_os0.2_r6_uniform_04,n200_os0.2_r6_uniform,instances/n200_os0.2_r6_uniform/n200_os0.2_r6_uniform_04.alb,200,33,6,uniform,753974851,0.2,0.2,553,10009
n200_os0.2_r6_uniform_05,n200_os0.2_r6_uniform,instances/n200_os0.2_r6_uniform/n200_os0.2_r6_uniform_05.alb,200,33,6,uniform,1542950613,0.2,0.2008,528,10202
n200_os0.2_r6_uniform_06,n200_os0.2_r6_uniform,instances/n200_os0.2_r6_uniform/n200_os0.2_r6_uniform_06.alb,200,33,6,uniform,3271483247,0.2,0.202,546,9905
n200_os0.2_r6_uniform_07,n200_os0.2_r6_uniform,instances/n200_os0.2_r6_uniform/n200_os0.2_r6_uniform_07.alb,200,33,6,uniform,3053055993,0.2,0.2004,513,10262
n200_os0.2_r6_uniform_08,n200_os0.2_r6_uniform,instances/n200_os0.2_r6_uniform/n200_os0.2_r6_uniform_08.alb,200,33,6,uniform,625406568,0.2,0.2001,559,11148
n200_os0.2_r6_uniform_09,n200_os0.2_r6_uniform,instances/n200_os0.2_r6_uniform/n200_os0.2_r6_uniform_09.alb,200,33,6,uniform,1380041470,0.2,0.2002,516,10634
n200_os0.2_r6_uniform_10,n200_os0.2_r6_uniform,instances/n200_os0.2_r6_uniform/n200_os0.2_r6_uniform_10.alb,200,33,6,uniform,1716898800,0.2,0.2002,557,10550
n200_os0.2_r6_uniform_11,n200_os0.2_r6_uniform,instances/n200_os0.2_r6_uniform/n200_os0.2_r6_uniform_11.alb,200,33,6,uniform,290650982,0.2,0.2027,544,10483
n200_os0.2_r6_uniform_12,n200_os0.2_r6_uniform,instances/n200_os0.2_r6_uniform/n200_os0.2_r6_uniform_12.alb,200,33,6,uniform,2287708892,0.2,0.2001,550,10260
n200_os0.2_r6_uniform_13,n200_os0.2_r6_uniform,instances/n200_os0.2_r6_uniform/n200_os0.2_r6_uniform_13.alb,200,33,6,uniform,4284258890,0.2,0.2014,592,10207
n200_os0.2_r6_uniform_14,n200_os0.2_r6_uniform,instances/n200_os0.2_r6_uniform/n200_os0.2_r6_uniform_14.alb,200,33,6,uniform,1631064041,0.2,0.201,533,10200
n200_os0.2_r6_uniform_15,n200_os0.2_r6_uniform,instances/n200_os0.2_r6_uniform/n200_os0.2_r6_uniform_15.alb,200,33,6,uniform,373243775,0.2,0.202,556,10226
n200_os0.2_r6_uniform_16,n200_os0.2_r6_uniform,instances/n200_os0.2_r6_uniform/n200_os0.2_r6_uniform_16.alb,200,33,6,uniform,2402709189,0.2,0.2011,538,10023
n200_os0.2_r6_uniform_17,n200_os0.2_r6_uniform,instances/n200_os0.2_r6_uniform/n200_os0.2_r6_uniform_17.alb,200,33,6,uniform,4163984979,0.2,0.2085,530,10430
n200_os0.2_r6_uniform_18,n200_os0.2_r6_uniform,instances/n200_os0.2_r6_uniform/n200_os0.2_r6_uniform_18.alb,200,33,6,uniform,1754153922,0.2,0.2022,520,9405
n200_os0.2_r6_uniform_19,n200_os0.2_r6_uniform,instances/n200_os0.2_r6_uniform/n200_os0.2_r6_uniform_19.alb,200,33,6,uniform,529101652,0.2,0.201,537,10072
n200_os0.2_r6_uniform_20,n200_os0.2_r6_uniform,instances/n200_os0.2_r6_uniform/n200_os0.2_r6_uniform_20.alb,200,33,6,uniform,1299748915,0.2,0.2006,558,10203
n200_os0.2_r6_uniform_21,n200_os0.2_r6_uniform,instances/n200_os0.2_r6_uniform/n200_os0.2_r6_uniform_21.alb,200,33,6,uniform,981444773,0.2,0.2014,541,10773
n200_os0.2_r6_uniform_22,n200_os0.2_r6_uniform,instances/n200_os0.2_r6_uniform/n200_os0.2_r6_uniform_22.alb,200,33,6,uniform,2742483231,0.2,0.2018,517,10102
n200_os0.2_r6_uniform_23,n200_os0.2_r6_uniform,instances/n200_os0.2_r6_uniform/n200_os0.2_r6_uniform_23.alb,200,33,6,uniform,3564226953,0.2,0.2007,535,9981
n200_os0.2_r6_uniform_24,n200_os0.2_r6_uniform,instances/n200_os0.2_r6_uniform/n200_os0.2_r6_uniform_24.alb,200,33,6,uniform,1242913834,0.2,0.2007,539,9434
n200_os0.2_r6_bimodal_00,n200_os0.2_r6_bimodal,instances/n200_os0.2_r6_bimodal/n200_os0.2_r6_bimodal_00.alb,200,33,6,bimodal,235375223,0.2,0.2008,553,6240
n200_os0.2_r6_bimodal_01,n200_os0.2_r6_bimodal,instances/n200_os0.2_r6_bimodal/n200_os0.2_r6_bimodal_01.alb,200,33,6,bimodal,2030090977,0.2,0.2007,541,6081
n200_os0.2_r6_bimodal_02,n200_os0.2_r6_bimodal,instances/n200_os0.2_r6_bimodal/n200_os0.2_r6_bimodal_02.alb,200,33,6,bimodal,3758746459,0.2,0.2019,533,5967
n200_os0.2_r6_bimodal_03,n200_os0.2_r6_bimodal,instances/n200_os0.2_r6_bimodal/n200_os0.2_r6_bimodal_03.alb,200,33,6,bimodal,2534333389,0.2,0.2012,546,6984
n200_os0.2_r6_bimodal_04,n200_os0.2_r6_bimodal,instances/n200_os0.2_r6_bimodal/n200_os0.2_r6_bimodal_04.alb,200,33,6,bimodal,157961838,0.2,0.2005,566,6559
n200_os0.2_r6_bimodal_05,n200_os0.2_r6_bimodal,instances/n200_os0.2_r6_bimodal/n200_os0.2_r6_bimodal_05.alb,200,33,6,bimodal,2121105144,0.2,0.2001,561,6116
n200_os0.2_r6_bimodal_06,n200_os0.2_r6_bimodal,instances/n200_os0.2_r6_bimodal/n200_os0.2_r6_bimodal_06.alb,200,33,6,bimodal,3882102594,0.2,0.2044,559,6449
n200_os0.2_r6_bimodal_07,n200_os0.2_r6_bimodal,instances/n200_os0.2_r6_bimodal/n200_os0.2_r6_bimodal_07.alb,200,33,6,bimodal,2422415316,0.2,0.2002,522,6441
n200_os0.2_r6_bimodal_08,n200_os0.2_r6_bimodal,instances/n200_os0.2_r6_bimodal/n200_os0.2_r6_bimodal_08.alb,200,33,6,bimodal,14418501,0.2,0.2075,542,5454
n200_os0.2_r6_bimodal_09,n200_os0.2_r6_bimodal,instances/n200_os0.2_r6_bimodal/n200_os0.2_r6_bimodal_09.alb,200,33,6,bimodal,2010854099,0.2,0.2003,593,6434
n200_os0.2_r6_bimodal_10,n200_os0.2_r6_bimodal,instances/n200_os0.2_r6_bimodal/n200_os0.2_r6_bimodal_10.alb,200,33,6,bimodal,598674805,0.2,0.201,563,6101
n200_os0.2_r6_bimodal_11,n200_os0.2_r6_bimodal,instances/n200_os0.2_r6_bimodal/n200_os0.2_r6_bimodal_11.alb,200,33,6,bimodal,1420312035,0.2,0.2076,527,6560
n200_os0.2_r6_bimodal_12,n200_os0.2_r6_bimodal,instances/n200_os0.2_r6_bimodal/n200_os0.2_r6_bimodal_12.alb,200,33,6,bimodal,3449908313,0.2,0.2,577,5816
n200_os0.2_r6_bimodal_13,n200_os0.2_r6_bimodal,instances/n200_os0.2_r6_bimodal/n200_os0.2_r6_bimodal_13.alb,200,33,6,bimodal,3131464911,0.2,0.2,560,6590
n200_os0.2_r6_bimodal_14,n200_os0.2_r6_bimodal,instances/n200_os0.2_r6_bimodal/n200_os0.2_r6_bimodal_14.alb,200,33,6,bimodal,616745324,0.2,0.2002,518,5976
n200_os0.2_r6_bimodal_15,n200_os0.2_r6_bimodal,instances/n200_os0.2_r6_bimodal/n200_os0.2_r6_bimodal_15.alb,200,33,6,bimodal,1405483514,0.2,0.205,540,5847
n200_os0.2_r6_bimodal_16,n200_os0.2_r6_bimodal,instances/n200_os0.2_r6_bimodal/n200_os0.2_r6_bimodal_16.alb,200,33,6,bimodal,3402410048,0.2,0.2004,569,5864
n200_os0.2_r6_bimodal_17,n200_os0.2_r6_bimodal,instances/n200_os0.2_r6_bimodal/n200_os0.2_r6_bimodal_17.alb,200,33,6,bimodal,3184236758,0.2,0.201,510,5649
n200_os0.2_r6_bimodal_18,n200_os0.2_r6_bimodal,instances/n200_os0.2_r6_bimodal/n200_os0.2_r6_bimodal_18.alb,200,33,6,bimodal,762611015,0.2,0.2001,544,6228
n200_os0.2_r6_bimodal_19,n200_os0.2_r6_bimodal,instances/n200_os0.2_r6_bimodal/n200_os0.2_r6_bimodal_19.alb,200,33,6,bimodal,1517532625,0.2,0.2009,555,5843
n200_os0.2_r6_bimodal_20,n200_os0.2_r6_bimodal,instances/n200_os0.2_r6_bimodal/n200_os0.2_r6_bimodal_20.alb,200,33,6,bimodal,142761654,0.2,0.2001,521,5912
n200_os0.2_r6_bimodal_21,n200_os0.2_r6_bimodal,instances/n200_os0.2_r6_bimodal/n200_os0.2_r6_bimodal_21.alb,200,33,6,bimodal,2139450912,0.2,0.2002,506,5259
n200_os0.2_r6_bimodal_22,n200_os0.2_r6_bimodal,instances/n200_os0.2_r6_bimodal/n200_os0.2_r6_bimodal_22.alb,200,33,6,bimodal,3867951002,0.2,0.201,556,6332
n200_os0.2_r6_bimodal_23,n200_os0.2_r6_bimodal,instances/n200_os0.2_r6_bimodal/n200_os0.2_r6_bimodal_23.alb,200,33,6,bimodal,2441809676,0.2,0.2008,576,6124
n200_os0.2_r6_bimodal_24,n200_os0.2_r6_bimodal,instances/n200_os0.2_r6_bimodal/n200_os0.2_r6_bimodal_24.alb,200,33,6,bimodal,267360943,0.2,0.2038,511,6416
n200_os0.2_r10_uniform_00,n200_os0.2_r10_uniform,instances/n200_os0.2_r10_uniform/n200_os0.2_r10_uniform_00.alb,200,20,10,uniform,3031485433,0.2,0.2015,551,9798
n200_os0.2_r10_uniform_01,n200_os0.2_r10_uniform,instances/n200_os0.2_r10_uniform/n200_os0.2_r10_uniform_01.alb,200,20,10,uniform,3283614575,0.2,0.2021,527,10190
n200_os0.2_r10_uniform_02,n200_os0.2_r10_uniform,instances/n200_os0.2_r10_uniform/n200_os0.2_r10_uniform_02.alb,200,20,10,uniform,1522445013,0.2,0.2001,507,9955
n200_os0.2_r10_uniform_03,n200_os0.2_r10_uniform,instances/n200_os0.2_r10_uniform/n200_os0.2_r10_uniform_03.alb,200,20,10,uniform,767138371,0.2,0.2002,546,9475
n200_os0.2_r10_uniform_04,n200_os0.2_r10_uniform,instances/n200_os0.2_r10_uniform/n200_os0.2_r10_uniform_04.alb,200,20,10,uniform,3017609184,0.2,0.2013,572,10048
n200_os0.2_r10_uniform_05,n200_os0.2_r10_uniform,instances/n200_os0.2_r10_uniform/n200_os0.2_r10_uniform_05.alb,200,20,10,uniform,3302637430,0.2,0.2032,481,10204
n200_os0.2_r10_uniform_06,n200_os0.2_r10_uniform,instances/n200_os0.2_r10_uniform/n200_os0.2_r10_uniform_06.alb,200,20,10,uniform,1574137548,0.2,0.2015,526,10109
n200_os0.2_r10_uniform_07,n200_os0.2_r10_uniform,instances/n200_os0.2_r10_uniform/n200_os0.2_r10_uniform_07.alb,200,20,10,uniform,718560858,0.2,0.2084,582,9547
n200_os0.2_r10_uniform_08,n200_os0.2_r10_uniform,instances/n200_os0.2_r10_uniform/n200_os0.2_r10_uniform_08.alb,200,20,10,uniform,3127591883,0.2,0.2002,501,9767
n200_os0.2_r10_uniform_09,n200_os0.2_r10_uniform,instances/n200_os0.2_r10_uniform/n200_os0.2_r10_uniform_09.alb,200,20,10,uniform,3446436701,0.2,0.2004,539,9974
n200_os0.2_r10_uniform_10,n200_os0.2_r10_uniform,instances/n200_os0.2_r10_uniform/n200_os0.2_r10_uniform_10.alb,200,20,10,uniform,689247251,0.2,0.2004,563,10039
n200_os0.2_r10_uniform_11,n200_os0.2_r10_uniform,instances/n200_os0.2_r10_uniform/n200_os0.2_r10_uniform_11.alb,200,20,10,uniform,1578247301,0.2,0.2007,524,11031
n200_os0.2_r10_uniform_12,n200_os0.2_r10_uniform,instances/n200_os0.2_r10_uniform/n200_os0.2_r10_uniform_12.alb,200,20,10,uniform,3340465471,0.2,0.2005,440,10225
n200_os0.2_r10_uniform_13,n200_os0.2_r10_uniform,instances/n200_os0.2_r10_uniform/n200_os0.2_r10_uniform_13.alb,200,20,10,uniform,2954642857,0.2,0.2012,521,10187
n200_os0.2_r10_uniform_14,n200_os0.2_r10_uniform,instances/n200_os0.2_r10_uniform/n200_os0.2_r10_uniform_14.alb,200,20,10,uniform,779669514,0.2,0.2002,534,10225
n200_os0.2_r10_uniform_15,n200_os0.2_r10_uniform,instances/n200_os0.2_r10_uniform/n200_os0.2_r10_uniform_15.alb,200,20,10,uniform,1501552796,0.2,0.2019,602,9918
n200_os0.2_r10_uniform_16,n200_os0.2_r10_uniform,instances/n200_os0.2_r10_uniform/n200_os0.2_r10_uniform_16.alb,200,20,10,uniform,3229004070,0.2,0.2003,561,10478
n200_os0.2_r10_uniform_17,n200_os0.2_r10_uniform,instances/n200_os0.2_r10_uniform/n200_os0.2_r10_uniform_17.alb,200,20,10,uniform,3077669296,0.2,0.2008,515,10343
n200_os0.2_r10_uniform_18,n200_os0.2_r10_uniform,instances/n200_os0.2_r10_uniform/n200_os0.2_r10_uniform_18.alb,200,20,10,uniform,667851809,0.2,0.2002,527,9940
n200_os0.2_r10_uniform_19,n200_os0.2_r10_uniform,instances/n200_os0.2_r10_uniform/n200_os0.2_r10_uniform_19.alb,200,20,10,uniform,1355394231,0.2,0.2001,600,9769
n200_os0.2_r10_uniform_20,n200_os0.2_r10_uniform,instances/n200_os0.2_r10_uniform/n200_os0.2_r10_uniform_20.alb,200,20,10,uniform,37242832,0.2,0.2035,540,9930
n200_os0.2_r10_uniform_21,n200_os0.2_r10_uniform,instances/n200_os0.2_r10_uniform/n200_os0.2_r10_uniform_21.alb,200,20,10,uniform,1967093574,0.2,0.202,600,10271
n200_os0.2_r10_uniform_22,n200_os0.2_r10_uniform,instances/n200_os0.2_r10_uniform/n200_os0.2_r10_uniform_22.alb,200,20,10,uniform,3962971900,0.2,0.2003,532,10171
n200_os0.2_r10_uniform_23,n200_os0.2_r10_uniform,instances/n200_os0.2_r10_uniform/n200_os0.2_r10_uniform_23.alb,200,20,10,uniform,2603685482,0.2,0.2002,513,9958
n200_os0.2_r10_uniform_24,n200_os0.2_r10_uniform,instances/n200_os0.2_r10_uniform/n200_os0.2_r10_uniform_24.alb,200,20,10,uniform,89490377,0.2,0.2001,582,10042
n200_os0.2_r10_bimodal_00,n200_os0.2_r10_bimodal,instances/n200_os0.2_r10_bimodal/n200_os0.2_r10_bimodal_00.alb,200,20,10,bimodal,2435464148,0.2,0.2031,529,5852
n200_os0.2_r10_bimodal_01,n200_os0.2_r10_bimodal,instances/n200_os0.2_r10_bimodal/n200_os0.2_r10_bimodal_01.alb,200,20,10,bimodal,3861711682,0.2,0.2,546,6558
n200_os0.2_r10_bimodal_02,n200_os0.2_r10_bimodal,instances/n200_os0.2_r10_bimodal/n200_os0.2_r10_bimodal_02.alb,200,20,10,bimodal,2133089016,0.2,0.2003,522,6079
n200_os0.2_r10_bimodal_03,n200_os0.2_r10_bimodal,instances/n200_os0.2_r10_bimodal/n200_os0.2_r10_bimodal_03.alb,200,20,10,bimodal,136538734,0.2,0.2023,496,6104
n200_os0.2_r10_bimodal_04,n200_os0.2_r10_bimodal,instances/n200_os0.2_r10_bimodal/n200_os0.2_r10_bimodal_04.alb,200,20,10,bimodal,2521300941,0.2,0.2,537,5215
n200_os0.2_r10_bimodal_05,n200_os0.2_r10_bimodal,instances/n200_os0.2_r10_bimodal/n200_os0.2_r10_bimodal_05.alb,200,20,10,bimodal,3779120987,0.2,0.2001,564,5821
n200_os0.2_r10_bimodal_06,n200_os0.2_r10_bimodal,instances/n200_os0.2_r10_bimodal/n200_os0.2_r10_bimodal_06.alb,200,20,10,bimodal,2018090721,0.2,0.2001,493,5562
n200_os0.2_r10_bimodal_07,n200_os0.2_r10_bimodal,instances/n200_os0.2_r10_bimodal/n200_os0.2_r10_bimodal_07.alb,200,20,10,bimodal,256814711,0.2,0.2034,580,6101
n200_os0.2_r10_bimodal_08,n200_os0.2_r10_bimodal,instances/n200_os0.2_r10_bimodal/n200_os0.2_r10_bimodal_08.alb,200,20,10,bimodal,2683417574,0.2,0.2021,526,5407
n200_os0.2_r10_bimodal_09,n200_os0.2_r10_bimodal,instances/n200_os0.2_r10_bimodal/n200_os0.2_r10_bimodal_09.alb,200,20,10,bimodal,3908469616,0.2,0.2009,530,6535
n200_os0.2_r10_bimodal_10,n200_os0.2_r10_bimodal,instances/n200_os0.2_r10_bimodal/n200_os0.2_r10_bimodal_10.alb,200,20,10,bimodal,1827656342,0.2,0.2005,521,6369
n200_os0.2_r10_bimodal_11,n200_os0.2_r10_bimodal,instances/n200_os0.2_r10_bimodal/n200_os0.2_r10_bimodal_11.alb,200,20,10,bimodal,468247040,0.2,0.2001,547,6181
n200_os0.2_r10_bimodal_12,n200_os0.2_r10_bimodal,instances/n200_os0.2_r10_bimodal/n200_os0.2_r10_bimodal_12.alb,200,20,10,bimodal,2195829690,0.2,0.2001,565,6242
n200_os0.2_r10_bimodal_13,n200_os0.2_r10_bimodal,instances/n200_os0.2_r10_bimodal/n200_os0.2_r10_bimodal_13.alb,200,20,10,bimodal,4125524780,0.2,0.2001,565,6429
n200_os0.2_r10_bimodal_14,n200_os0.2_r10_bimodal,instances/n200_os0.2_r10_bimodal/n200_os0.2_r10_bimodal_14.alb,200,20,10,bimodal,1803687567,0.2,0.2035,586,6138
n200_os0.2_r10_bimodal_15,n200_os0.2_r10_bimodal,instances/n200_os0.2_r10_bimodal/n200_os0.2_r10_bimodal_15.alb,200,20,10,bimodal,478488089,0.2,0.2002,582,6749
n200_os0.2_r10_bimodal_16,n200_os0.2_r10_bimodal,instances/n200_os0.2_r10_bimodal/n200_os0.2_r10_bimodal_16.alb,200,20,10,bimodal,2240575395,0.2,0.2005,531,5574
n200_os0.2_r10_bimodal_17,n200_os0.2_r10_bimodal,instances/n200_os0.2_r10_bimodal/n200_os0.2_r10_bimodal_17.alb,200,20,10,bimodal,4069214005,0.2,0.2046,557,6085
n200_os0.2_r10_bimodal_18,n200_os0.2_r10_bimodal,instances/n200_os0.2_r10_bimodal/n200_os0.2_r10_bimodal_18.alb,200,20,10,bimodal,1647598244,0.2,0.2003,531,6030
n200_os0.2_r10_bimodal_19,n200_os0.2_r10_bimodal,instances/n200_os0.2_r10_bimodal/n200_os0.2_r10_bimodal_19.alb,200,20,10,bimodal,355691058,0.2,0.2,554,7010
n200_os0.2_r10_bimodal_20,n200_os0.2_r10_bimodal,instances/n200_os0.2_r10_bimodal/n200_os0.2_r10_bimodal_20.alb,200,20,10,bimodal,1203929429,0.2,0.2052,576,5401
n200_os0.2_r10_bimodal_21,n200_os0.2_r10_bimodal,instances/n200_os0.2_r10_bimodal/n200_os0.2_r10_bimodal_21.alb,200,20,10,bimodal,818262467,0.2,0.2049,569,6107
n200_os0.2_r10_bimodal_22,n200_os0.2_r10_bimodal,instances/n200_os0.2_r10_bimodal/n200_os0.2_r10_bimodal_22.alb,200,20,10,bimodal,2848776313,0.2,0.204,533,6021
n200_os0.2_r10_bimodal_23,n200_os0.2_r10_bimodal,instances/n200_os0.2_r10_bimodal/n200_os0.2_r10_bimodal_23.alb,200,20,10,bimodal,3737899247,0.2,0.2007,533,5664
n200_os0.2_r10_bimodal_24,n200_os0.2_r10_bimodal,instances/n200_os0.2_r10_bimodal/n200_os0.2_r10_bimodal_24.alb,200,20,10,bimodal,1085228364,0.2,0.2006,548,6052
n200_os0.6_r3_uniform_00,n200_os0.6_r3_uniform,instances/n200_os0.6_r3_uniform/n200_os0.6_r3_uniform_00.alb,200,67,3,uniform,1130780931,0.6,0.6001,995,10546
n200_os0.6_r3_uniform_01,n200_os0.6_r3_uniform,instances/n200_os0.6_r3_uniform/n200_os0.6_r3_uniform_01.alb,200,67,3,uniform,878799253,0.6,0.601,957,9805
n200_os0.6_r3_uniform_02,n200_os0.6_r3_uniform,instances/n200_os0.6_r3_uniform/n200_os0.6_r3_uniform_02.alb,200,67,3,uniform,2909288495,0.6,0.6001,1017,9741
n200_os0.6_r3_uniform_03,n200_os0.6_r3_uniform,instances/n200_os0.6_r3_uniform/n200_os0.6_r3_uniform_03.alb,200,67,3,uniform,3664709817,0.6,0.6007,947,11043
n200_os0.6_r3_uniform_04,n200_os0.6_r3_uniform,instances/n200_os0.6_r3_uniform/n200_os0.6_r3_uniform_04.alb,200,67,3,uniform,1141611802,0.6,0.6003,993,10000
n200_os0.6_r3_uniform_05,n200_os0.6_r3_uniform,instances/n200_os0.6_r3_uniform/n200_os0.6_r3_uniform_05.alb,200,67,3,uniform,856468876,0.6,0.6026,998,10603
n200_os0.6_r3_uniform_06,n200_os0.6_r3_uniform,instances/n200_os0.6_r3_uniform/n200_os0.6_r3_uniform_06.alb,200,67,3,uniform,2852518966,0.6,0.6006,902,9526
n200_os0.6_r3_uniform_07,n200_os0.6_r3_uniform,instances/n200_os0.6_r3_uniform/n200_os0.6_r3_uniform_07.alb,200,67,3,uniform,3707948192,0.6,0.6015,1027,9987
n200_os0.6_r3_uniform_08,n200_os0.6_r3_uniform,instances/n200_os0.6_r3_uniform/n200_os0.6_r3_uniform_08.alb,200,67,3,uniform,1304285489,0.6,0.6001,1038,10521
n200_os0.6_r3_uniform_09,n200_os0.6_r3_uniform,instances/n200_os0.6_r3_uniform/n200_os0.6_r3_uniform_09.alb,200,67,3,uniform,985325991,0.6,0.6008,989,9598
n200_os0.6_r3_uniform_10,n200_os0.6_r3_uniform,instances/n200_os0.6_r3_uniform/n200_os0.6_r3_uniform_10.alb,200,67,3,uniform,1955256707,0.6,0.6043,920,10611
n200_os0.6_r3_uniform_11,n200_os0.6_r3_uniform,instances/n200_os0.6_r3_uniform/n200_os0.6_r3_uniform_11.alb,200,67,3,uniform,59631893,0.6,0.6016,1008,10638
n200_os0.6_r3_uniform_12,n200_os0.6_r3_uniform,instances/n200_os0.6_r3_uniform/n200_os0.6_r3_uniform_12.alb,200,67,3,uniform,2592389295,0.6,0.6,979,10317
n200_os0.6_r3_uniform_13,n200_os0.6_r3_uniform,instances/n200_os0.6_r3_uniform/n200_os0.6_r3_uniform_13.alb,200,67,3,uniform,3984820281,0.6,0.6019,988,10198
n200_os0.6_r3_uniform_14,n200_os0.6_r3_uniform,instances/n200_os0.6_r3_uniform/n200_os0.6_r3_uniform_14.alb,200,67,3,uniform,1944526234,0.6,0.6012,1006,9886
n200_os0.6_r3_uniform_15,n200_os0.6_r3_uniform,instances/n200_os0.6_r3_uniform/n200_os0.6_r3_uniform_15.alb,200,67,3,uniform,81800460,0.6,0.6031,965,9839
n200_os0.6_r3_uniform_16,n200_os0.6_r3_uniform,instances/n200_os0.6_r3_uniform/n200_os0.6_r3_uniform_16.alb,200,67,3,uniform,2649324726,0.6,0.6008,1001,10647
n200_os0.6_r3_uniform_17,n200_os0.6_r3_uniform,instances/n200_os0.6_r3_uniform/n200_os0.6_r3_uniform_17.alb,200,67,3,uniform,3941485600,0.6,0.602,995,9791
n200_os0.6_r3_uniform_18,n200_os0.6_r3_uniform,instances/n200_os0.6_r3_uniform/n200_os0.6_r3_uniform_18.alb,200,67,3,uniform,2052149681,0.6,0.6,1006,10548
n200_os0.6_r3_uniform_19,n200_os0.6_r3_uniform,instances/n200_os0.6_r3_uniform/n200_os0.6_r3_uniform_19.alb,200,67,3,uniform,223764775,0.6,0.6021,1005,10311
n200_os0.6_r3_uniform_20,n200_os0.6_r3_uniform,instances/n200_os0.6_r3_uniform/n200_os0.6_r3_uniform_20.alb,200,67,3,uniform,1604815424,0.6,0.6004,1002,10087
n200_os0.6_r3_uniform_21,n200_os0.6_r3_uniform,instances/n200_os0.6_r3_uniform/n200_os0.6_r3_uniform_21.alb,200,67,3,uniform,681622230,0.6,0.6019,948,9571
n200_os0.6_r3_uniform_22,n200_os0.6_r3_uniform,instances/n200_os0.6_r3_uniform/n200_os0.6_r3_uniform_22.alb,200,67,3,uniform,2980703084,0.6,0.6004,978,10154
n200_os0.6_r3_uniform_23,n200_os0.6_r3_uniform,instances/n200_os0.6_r3_uniform/n200_os0.6_r3_uniform_23.alb,200,67,3,uniform,3333348346,0.6,0.6009,953,9974
n200_os0.6_r3_uniform_24,n200_os0.6_r3_uniform,instances/n200_os0.6_r3_uniform/n200_os0.6_r3_uniform_24.alb,200,67,3,uniform,1489653337,0.6,0.6006,990,10223
n200_os0.6_r3_bimodal_00,n200_os0.6_r3_bimodal,instances/n200_os0.6_r3_bimodal/n200_os0.6_r3_bimodal_00.alb,200,67,3,bimodal,1727834414,0.6,0.6007,946,5523
n200_os0.6_r3_bimodal_01,n200_os0.6_r3_bimodal,instances/n200_os0.6_r3_bimodal/n200_os0.6_r3_bimodal_01.alb,200,67,3,bimodal,301701560,0.6,0.6004,923,5904
n200_os0.6_r3_bimodal_02,n200_os0.6_r3_bimodal,instances/n200_os0.6_r3_bimodal/n200_os0.6_r3_bimodal_02.alb,200,67,3,bimodal,2297612290,0.6,0.6007,937,5815
n200_os0.6_r3_bimodal_03,n200_os0.6_r3_bimodal,instances/n200_os0.6_r3_bimodal/n200_os0.6_r3_bimodal_03.alb,200,67,3,bimodal,4294310036,0.6,0.6007,992,6681
n200_os0.6_r3_bimodal_04,n200_os0.6_r3_bimodal,instances/n200_os0.6_r3_bimodal/n200_os0.6_r3_bimodal_04.alb,200,67,3,bimodal,1636920631,0.6,0.6004,985,6552
n200_os0.6_r3_bimodal_05,n200_os0.6_r3_bimodal,instances/n200_os0.6_r3_bimodal/n200_os0.6_r3_bimodal_05.alb,200,67,3,bimodal,378953121,0.6,0.6,936,5658
n200_os0.6_r3_bimodal_06,n200_os0.6_r3_bimodal,instances/n200_os0.6_r3_bimodal/n200_os0.6_r3_bimodal_06.alb,200,67,3,bimodal,2409565211,0.6,0.6009,983,5373
n200_os0.6_r3_bimodal_07,n200_os0.6_r3_bimodal,instances/n200_os0.6_r3_bimodal/n200_os0.6_r3_bimodal_07.alb,200,67,3,bimodal,4170726541,0.6,0.6,964,5997
n200_os0.6_r3_bimodal_08,n200_os0.6_r3_bimodal,instances/n200_os0.6_r3_bimodal/n200_os0.6_r3_bimodal_08.alb,200,67,3,bimodal,1747394844,0.6,0.6003,1015,6735
n200_os0.6_r3_bimodal_09,n200_os0.6_r3_bimodal,instances/n200_os0.6_r3_bimodal/n200_os0.6_r3_bimodal_09.alb,200,67,3,bimodal,522195338,0.6,0.6008,896,6076
n200_os0.6_r3_bimodal_10,n200_os0.6_r3_bimodal,instances/n200_os0.6_r3_bimodal/n200_os0.6_r3_bimodal_10.alb,200,67,3,bimodal,829431558,0.6,0.6008,882,6505
n200_os0.6_r3_bimodal_11,n200_os0.6_r3_bimodal,instances/n200_os0.6_r3_bimodal/n200_os0.6_r3_bimodal_11.alb,200,67,3,bimodal,1182216080,0.6,0.6006,981,5877
n200_os0.6_r3_bimodal_12,n200_os0.6_r3_bimodal,instances/n200_os0.6_r3_bimodal/n200_os0.6_r3_bimodal_12.alb,200,67,3,bimodal,3749609002,0.6,0.6021,1002,5543
n200_os0.6_r3_bimodal_13,n200_os0.6_r3_bimodal,instances/n200_os0.6_r3_bimodal/n200_os0.6_r3_bimodal_13.alb,200,67,3,bimodal,2826522300,0.6,0.6022,1005,6350
n200_os0.6_r3_bimodal_14,n200_os0.6_r3_bimodal,instances/n200_os0.6_r3_bimodal/n200_os0.6_r3_bimodal_14.alb,200,67,3,bimodal,907926303,0.6,0.6013,1034,6194
n200_os0.6_r3_bimodal_15,n200_os0.6_r3_bimodal,instances/n200_os0.6_r3_bimodal/n200_os0.6_r3_bimodal_15.alb,200,67,3,bimodal,1092283273,0.6,0.6007,971,5781
n200_os0.6_r3_bimodal_16,n200_os0.6_r3_bimodal,instances/n200_os0.6_r3_bimodal/n200_os0.6_r3_bimodal_16.alb,200,67,3,bimodal,3625171507,0.6,0.6,973,4892
n200_os0.6_r3_bimodal_17,n200_os0.6_r3_bimodal,instances/n200_os0.6_r3_bimodal/n200_os0.6_r3_bimodal_17.alb,200,67,3,bimodal,2937359013,0.6,0.6029,934,5824
n200_os0.6_r3_bimodal_18,n200_os0.6_r3_bimodal,instances/n200_os0.6_r3_bimodal/n200_os0.6_r3_bimodal_18.alb,200,67,3,bimodal,1068209972,0.6,0.6025,997,5634
n200_os0.6_r3_bimodal_19,n200_os0.6_r3_bimodal,instances/n200_os0.6_r3_bimodal/n200_os0.6_r3_bimodal_19.alb,200,67,3,bimodal,1219274658,0.6,0.6002,940,6064
n200_os0.6_r3_bimodal_20,n200_os0.6_r3_bimodal,instances/n200_os0.6_r3_bimodal/n200_os0.6_r3_bimodal_20.alb,200,67,3,bimodal,442322117,0.6,0.6024,1045,6152
n200_os0.6_r3_bimodal_21,n200_os0.6_r3_bimodal,instances/n200_os0.6_r3_bimodal/n200_os0.6_r3_bimodal_21.alb,200,67,3,bimodal,1834646611,0.6,0.6009,1018,5877
n200_os0.6_r3_bimodal_22,n200_os0.6_r3_bimodal,instances/n200_os0.6_r3_bimodal/n200_os0.6_r3_bimodal_22.alb,200,67,3,bimodal,4099091945,0.6,0.6037,984,5543
n200_os0.6_r3_bimodal_23,n200_os0.6_r3_bimodal,instances/n200_os0.6_r3_bimodal/n200_os0.6_r3_bimodal_23.alb,200,67,3,bimodal,2203327871,0.6,0.6037,978,6316
n200_os0.6_r3_bimodal_24,n200_os0.6_r3_bimodal,instances/n200_os0.6_r3_bimodal/n200_os0.6_r3_bimodal_24.alb,200,67,3,bimodal,489720028,0.6,0.6064,1019,5668
n200_os0.6_r6_uniform_00,n200_os0.6_r6_uniform,instances/n200_os0.6_r6_uniform/n200_os0.6_r6_uniform_00.alb,200,33,6,uniform,842134849,0.6,0.6016,923,9698
n200_os0.6_r6_uniform_01,n200_os0.6_r6_uniform,instances/n200_os0.6_r6_uniform/n200_os0.6_r6_uniform_01.alb,200,33,6,uniform,1161217495,0.6,0.601,973,9973
n200_os0.6_r6_uniform_02,n200_os0.6_r6_uniform,instances/n200_os0.6_r6_uniform/n200_os0.6_r6_uniform_02.alb,200,33,6,uniform,3695154285,0.6,0.604,1012,10414
n200_os0.6_r6_uniform_03,n200_os0.6_r6_uniform,instances/n200_os0.6_r6_uniform/n200_os0.6_r6_uniform_03.alb,200,33,6,uniform,2872616187,0.6,0.6011,975,10247
n200_os0.6_r6_uniform_04,n200_os0.6_r6_uniform,instances/n200_os0.6_r6_uniform/n200_os0.6_r6_uniform_04.alb,200,33,6,uniform,895234392,0.6,0.6025,1005,9965
n200_os0.6_r6_uniform_05,n200_os0.6_r6_uniform,instances/n200_os0.6_r6_uniform/n200_os0.6_r6_uniform_05.alb,200,33,6,uniform,1113260494,0.6,0.6005,928,10141
n200_os0.6_r6_uniform_06,n200_os0.6_r6_uniform,instances/n200_os0.6_r6_uniform/n200_os0.6_r6_uniform_06.alb,200,33,6,uniform,3679604852,0.6,0.6004,1028,9304
n200_os0.6_r6_uniform_07,n200_os0.6_r6_uniform,instances/n200_os0.6_r6_uniform/n200_os0.6_r6_uniform_07.alb,200,33,6,uniform,2891276514,0.6,0.6013,991,10345
n200_os0.6_r6_uniform_08,n200_os0.6_r6_uniform,instances/n200_os0.6_r6_uniform/n200_os0.6_r6_uniform_08.alb,200,33,6,uniform,1022000499,0.6,0.6,1046,10403
n200_os0.6_r6_uniform_09,n200_os0.6_r6_uniform,instances/n200_os0.6_r6_uniform/n200_os0.6_r6_uniform_09.alb,200,33,6,uniform,1273843173,0.6,0.6021,1030,9931
n200_os0.6_r6_uniform_10,n200_os0.6_r6_uniform,instances/n200_os0.6_r6_uniform/n200_os0.6_r6_uniform_10.alb,200,33,6,uniform,3962154643,0.6,0.6036,995,9986
n200_os0.6_r6_uniform_11,n200_os0.6_r6_uniform,instances/n200_os0.6_r6_uniform/n200_os0.6_r6_uniform_11.alb,200,33,6,uniform,2603523589,0.6,0.6,1001,10787
n200_os0.6_r6_uniform_12,n200_os0.6_r6_uniform,instances/n200_os0.6_r6_uniform/n200_os0.6_r6_uniform_12.alb,200,33,6,uniform,36163519,0.6,0.6006,967,9811
n200_os0.6_r6_uniform_13,n200_os0.6_r6_uniform,instances/n200_os0.6_r6_uniform/n200_os0.6_r6_uniform_13.alb,200,33,6,uniform,1965096745,0.6,0.6002,1017,10816
n200_os0.6_r6_uniform_14,n200_os0.6_r6_uniform,instances/n200_os0.6_r6_uniform/n200_os0.6_r6_uniform_14.alb,200,33,6,uniform,3947129482,0.6,0.6007,1059,9878
n200_os0.6_r6_uniform_15,n200_os0.6_r6_uniform,instances/n200_os0.6_r6_uniform/n200_os0.6_r6_uniform_15.alb,200,33,6,uniform,2621659676,0.6,0.6001,1001,10389
n200_os0.6_r6_uniform_16,n200_os0.6_r6_uniform,instances/n200_os0.6_r6_uniform/n200_os0.6_r6_uniform_16.alb,200,33,6,uniform,88738726,0.6,0.6017,948,10060
n200_os0.6_r6_uniform_17,n200_os0.6_r6_uniform,instances/n200_os0.6_r6_uniform/n200_os0.6_r6_uniform_17.alb,200,33,6,uniform,1917664048,0.6,0.6004,909,9835
n200_os0.6_r6_uniform_18,n200_os0.6_r6_uniform,instances/n200_os0.6_r6_uniform/n200_os0.6_r6_uniform_18.alb,200,33,6,uniform,3807520417,0.6,0.6004,953,10763
n200_os0.6_r6_uniform_19,n200_os0.6_r6_uniform,instances/n200_os0.6_r6_uniform/n200_os0.6_r6_uniform_19.alb,200,33,6,uniform,2515867191,0.6,0.6006,935,9841
n200_os0.6_r6_uniform_20,n200_os0.6_r6_uniform,instances/n200_os0.6_r6_uniform/n200_os0.6_r6_uniform_20.alb,200,33,6,uniform,3338992976,0.6,0.6045,1000,9658
n200_os0.6_r6_uniform_21,n200_os0.6_r6_uniform,instances/n200_os0.6_r6_uniform/n200_os0.6_r6_uniform_21.alb,200,33,6,uniform,2953039302,0.6,0.6001,949,10502
n200_os0.6_r6_uniform_22,n200_os0.6_r6_uniform,instances/n200_os0.6_r6_uniform/n200_os0.6_r6_uniform_22.alb,200,33,6,uniform,688561276,0.6,0.6003,978,10637
n200_os0.6_r6_uniform_23,n200_os0.6_r6_uniform,instances/n200_os0.6_r6_uniform/n200_os0.6_r6_uniform_23.alb,200,33,6,uniform,1577954538,0.6,0.6008,917,9906
n200_os0.6_r6_uniform_24,n200_os0.6_r6_uniform,instances/n200_os0.6_r6_uniform/n200_os0.6_r6_uniform_24.alb,200,33,6,uniform,3228121417,0.6,0.6004,965,9655
n200_os0.6_r6_bimodal_00,n200_os0.6_r6_bimodal,instances/n200_os0.6_r6_bimodal/n200_os0.6_r6_bimodal_00.alb,200,33,6,bimodal,397084012,0.6,0.6022,968,6216
n200_os0.6_r6_bimodal_01,n200_os0.6_r6_bimodal,instances/n200_os0.6_r6_bimodal/n200_os0.6_r6_bimodal_01.alb,200,33,6,bimodal,1621898746,0.6,0.6009,962,5952
n200_os0.6_r6_bimodal_02,n200_os0.6_r6_bimodal,instances/n200_os0.6_r6_bimodal/n200_os0.6_r6_bimodal_02.alb,200,33,6,bimodal,4188365888,0.6,0.6004,1031,6210
n200_os0.6_r6_bimodal_03,n200_os0.6_r6_bimodal,instances/n200_os0.6_r6_bimodal/n200_os0.6_r6_bimodal_03.alb,200,33,6,bimodal,2393003222,0.6,0.6013,997,5997
n200_os0.6_r6_bimodal_04,n200_os0.6_r6_bimodal,instances/n200_os0.6_r6_bimodal/n200_os0.6_r6_bimodal_04.alb,200,33,6,bimodal,281461109,0.6,0.6001,975,5502
n200_os0.6_r6_bimodal_05,n200_os0.6_r6_bimodal,instances/n200_os0.6_r6_bimodal/n200_os0.6_r6_bimodal_05.alb,200,33,6,bimodal,1740763619,0.6,0.6023,943,6073
n200_os0.6_r6_bimodal_06,n200_os0.6_r6_bimodal,instances/n200_os0.6_r6_bimodal/n200_os0.6_r6_bimodal_06.alb,200,33,6,bimodal,4274561113,0.6,0.6011,1011,6731
n200_os0.6_r6_bimodal_07,n200_os0.6_r6_bimodal,instances/n200_os0.6_r6_bimodal/n200_os0.6_r6_bimodal_07.alb,200,33,6,bimodal,2312081615,0.6,0.6004,994,6179
n200_os0.6_r6_bimodal_08,n200_os0.6_r6_bimodal,instances/n200_os0.6_r6_bimodal/n200_os0.6_r6_bimodal_08.alb,200,33,6,bimodal,426806622,0.6,0.6009,1035,6491
n200_os0.6_r6_bimodal_09,n200_os0.6_r6_bimodal,instances/n200_os0.6_r6_bimodal/n200_os0.6_r6_bimodal_09.alb,200,33,6,bimodal,1853341128,0.6,0.603,1019,6523
n200_os0.6_r6_bimodal_10,n200_os0.6_r6_bimodal,instances/n200_os0.6_r6_bimodal/n200_os0.6_r6_bimodal_10.alb,200,33,6,bimodal,2849204246,0.6,0.6011,1034,6278
n200_os0.6_r6_bimodal_11,n200_os0.6_r6_bimodal,instances/n200_os0.6_r6_bimodal/n200_os0.6_r6_bimodal_11.alb,200,33,6,bimodal,3738458240,0.6,0.6008,885,6115
n200_os0.6_r6_bimodal_12,n200_os0.6_r6_bimodal,instances/n200_os0.6_r6_bimodal/n200_os0.6_r6_bimodal_12.alb,200,33,6,bimodal,1205668154,0.6,0.6019,993,6074
n200_os0.6_r6_bimodal_13,n200_os0.6_r6_bimodal,instances/n200_os0.6_r6_bimodal/n200_os0.6_r6_bimodal_13.alb,200,33,6,bimodal,819607980,0.6,0.6013,1053,5534
n200_os0.6_r6_bimodal_14,n200_os0.6_r6_bimodal,instances/n200_os0.6_r6_bimodal/n200_os0.6_r6_bimodal_14.alb,200,33,6,bimodal,2931731471,0.6,0.6006,1036,5208
n200_os0.6_r6_bimodal_15,n200_os0.6_r6_bimodal,instances/n200_os0.6_r6_bimodal/n200_os0.6_r6_bimodal_15.alb,200,33,6,bimodal,3652820121,0.6,0.6007,991,6140
n200_os0.6_r6_bimodal_16,n200_os0.6_r6_bimodal,instances/n200_os0.6_r6_bimodal/n200_os0.6_r6_bimodal_16.alb,200,33,6,bimodal,1085328675,0.6,0.6,978,6216
n200_os0.6_r6_bimodal_17,n200_os0.6_r6_bimodal,instances/n200_os0.6_r6_bimodal/n200_os0.6_r6_bimodal_17.alb,200,33,6,bimodal,934804917,0.6,0.6002,997,5936
n200_os0.6_r6_bimodal_18,n200_os0.6_r6_bimodal,instances/n200_os0.6_r6_bimodal/n200_os0.6_r6_bimodal_18.alb,200,33,6,bimodal,2802376740,0.6,0.6012,907,5993
n200_os0.6_r6_bimodal_19,n200_os0.6_r6_bimodal,instances/n200_os0.6_r6_bimodal/n200_os0.6_r6_bimodal_19.alb,200,33,6,bimodal,3490697394,0.6,0.6001,1020,6086
n200_os0.6_r6_bimodal_20,n200_os0.6_r6_bimodal,instances/n200_os0.6_r6_bimodal/n200_os0.6_r6_bimodal_20.alb,200,33,6,bimodal,2197699541,0.6,0.6008,1000,6302
n200_os0.6_r6_bimodal_21,n200_os0.6_r6_bimodal,instances/n200_os0.6_r6_bimodal/n200_os0.6_r6_bimodal_21.alb,200,33,6,bimodal,4126739267,0.6,0.6015,975,5724
n200_os0.6_r6_bimodal_22,n200_os0.6_r6_bimodal,instances/n200_os0.6_r6_bimodal/n200_os0.6_r6_bimodal_22.alb,200,33,6,bimodal,1827691257,0.6,0.6054,1028,6084
n200_os0.6_r6_bimodal_23,n200_os0.6_r6_bimodal,instances/n200_os0.6_r6_bimodal/n200_os0.6_r6_bimodal_23.alb,200,33,6,bimodal,469199471,0.6,0.6011,1042,6601
n200_os0.6_r6_bimodal_24,n200_os0.6_r6_bimodal,instances/n200_os0.6_r6_bimodal/n200_os0.6_r6_bimodal_24.alb,200,33,6,bimodal,2241069004,0.6,0.6011,988,6124
n200_os0.6_r10_uniform_00,n200_os0.6_r10_uniform,instances/n200_os0.6_r10_uniform/n200_os0.6_r10_uniform_00.alb,200,20,10,uniform,1053601434,0.6,0.6021,1026,9147
n200_os0.6_r10_uniform_01,n200_os0.6_r10_uniform,instances/n200_os0.6_r10_uniform/n200_os0.6_r10_uniform_01.alb,200,20,10,uniform,1238081036,0.6,0.6011,1009,10574
n200_os0.6_r10_uniform_02,n200_os0.6_r10_uniform,instances/n200_os0.6_r10_uniform/n200_os0.6_r10_uniform_02.alb,200,20,10,uniform,3502428086,0.6,0.6,974,10423
n200_os0.6_r10_uniform_03,n200_os0.6_r10_uniform,instances/n200_os0.6_r10_uniform/n200_os0.6_r10_uniform_03.alb,200,20,10,uniform,2814770976,0.6,0.6031,1064,10007
n200_os0.6_r10_uniform_04,n200_os0.6_r10_uniform,instances/n200_os0.6_r10_uniform/n200_os0.6_r10_uniform_04.alb,200,20,10,uniform,966879875,0.6,0.6,1011,10417
n200_os0.6_r10_uniform_05,n200_os0.6_r10_uniform,instances/n200_os0.6_r10_uniform/n200_os0.6_r10_uniform_05.alb,200,20,10,uniform,1319524885,0.6,0.6007,995,10657
n200_os0.6_r10_uniform_06,n200_os0.6_r10_uniform,instances/n200_os0.6_r10_uniform/n200_os0.6_r10_uniform_06.alb,200,20,10,uniform,3618573231,0.6,0.6029,1034,10230
n200_os0.6_r10_uniform_07,n200_os0.6_r10_uniform,instances/n200_os0.6_r10_uniform/n200_os0.6_r10_uniform_07.alb,200,20,10,uniform,2695379769,0.6,0.6003,1002,10228
n200_os0.6_r10_uniform_08,n200_os0.6_r10_uniform,instances/n200_os0.6_r10_uniform/n200_os0.6_r10_uniform_08.alb,200,20,10,uniform,806823592,0.6,0.6,930,9528
n200_os0.6_r10_uniform_09,n200_os0.6_r10_uniform,instances/n200_os0.6_r10_uniform/n200_os0.6_r10_uniform_09.alb,200,20,10,uniform,1192236606,0.6,0.6002,932,10057
n200_os0.6_r10_uniform_10,n200_os0.6_r10_uniform,instances/n200_os0.6_r10_uniform/n200_os0.6_r10_uniform_10.alb,200,20,10,uniform,4247017620,0.6,0.6011,925,10038
n200_os0.6_r10_uniform_11,n200_os0.6_r10_uniform,instances/n200_os0.6_r10_uniform/n200_os0.6_r10_uniform_11.alb,200,20,10,uniform,2317576194,0.6,0.6019,978,10201
n200_os0.6_r10_uniform_12,n200_os0.6_r10_uniform,instances/n200_os0.6_r10_uniform/n200_os0.6_r10_uniform_12.alb,200,20,10,uniform,321534392,0.6,0.6005,889,10396
n200_os0.6_r10_uniform_13,n200_os0.6_r10_uniform,instances/n200_os0.6_r10_uniform/n200_os0.6_r10_uniform_13.alb,200,20,10,uniform,1680673070,0.6,0.6027,962,9182
n200_os0.6_r10_uniform_14,n200_os0.6_r10_uniform,instances/n200_os0.6_r10_uniform/n200_os0.6_r10_uniform_14.alb,200,20,10,uniform,4199128205,0.6,0.6011,896,10133
n200_os0.6_r10_uniform_15,n200_os0.6_r10_uniform,instances/n200_os0.6_r10_uniform/n200_os0.6_r10_uniform_15.alb,200,20,10,uniform,2370743323,0.6,0.6002,979,10995
n200_os0.6_r10_uniform_16,n200_os0.6_r10_uniform,instances/n200_os0.6_r10_uniform/n200_os0.6_r10_uniform_16.alb,200,20,10,uniform,340262305,0.6,0.6001,949,10270
n200_os0.6_r10_uniform_17,n200_os0.6_r10_uniform,instances/n200_os0.6_r10_uniform/n200_os0.6_r10_uniform_17.alb,200,20,10,uniform,1665191223,0.6,0.6005,992,9411
n200_os0.6_r10_uniform_18,n200_os0.6_r10_uniform,instances/n200_os0.6_r10_uniform/n200_os0.6_r10_uniform_18.alb,200,20,10,uniform,4093628582,0.6,0.6029,1031,10303
n200_os0.6_r10_uniform_19,n200_os0.6_r10_uniform,instances/n200_os0.6_r10_uniform/n200_os0.6_r10_uniform_19.alb,200,20,10,uniform,2230902832,0.6,0.6007,981,10279
n200_os0.6_r10_uniform_20,n200_os0.6_r10_uniform,instances/n200_os0.6_r10_uniform/n200_os0.6_r10_uniform_20.alb,200,20,10,uniform,3590916951,0.6,0.6007,1038,10932
n200_os0.6_r10_uniform_21,n200_os0.6_r10_uniform,instances/n200_os0.6_r10_uniform/n200_os0.6_r10_uniform_21.alb,200,20,10,uniform,2702064577,0.6,0.6004,1021,10962
n200_os0.6_r10_uniform_22,n200_os0.6_r10_uniform,instances/n200_os0.6_r10_uniform/n200_os0.6_r10_uniform_22.alb,200,20,10,uniform,940010107,0.6,0.6014,877,10376
n200_os0.6_r10_uniform_23,n200_os0.6_r10_uniform,instances/n200_os0.6_r10_uniform/n200_os0.6_r10_uniform_23.alb,200,20,10,uniform,1325423341,0.6,0.6,981,10418
n200_os0.6_r10_uniform_24,n200_os0.6_r10_uniform,instances/n200_os0.6_r10_uniform/n200_os0.6_r10_uniform_24.alb,200,20,10,uniform,3513044814,0.6,0.6041,987,9627
n200_os0.6_r10_bimodal_00,n200_os0.6_r10_bimodal,instances/n200_os0.6_r10_bimodal/n200_os0.6_r10_bimodal_00.alb,200,20,10,bimodal,458645175,0.6,0.601,956,5915
n200_os0.6_r10_bimodal_01,n200_os0.6_r10_bimodal,instances/n200_os0.6_r10_bimodal/n200_os0.6_r10_bimodal_01.alb,200,20,10,bimodal,1817275937,0.6,0.6008,958,6668
n200_os0.6_r10_bimodal_02,n200_os0.6_r10_bimodal,instances/n200_os0.6_r10_bimodal/n200_os0.6_r10_bimodal_02.alb,200,20,10,bimodal,4116201371,0.6,0.6013,1043,5639
n200_os0.6_r10_bimodal_03,n200_os0.6_r10_bimodal,instances/n200_os0.6_r10_bimodal/n200_os0.6_r10_bimodal_03.alb,200,20,10,bimodal,2187267853,0.6,0.6001,1021,5381
n200_os0.6_r10_bimodal_04,n200_os0.6_r10_bimodal,instances/n200_os0.6_r10_bimodal/n200_os0.6_r10_bimodal_04.alb,200,20,10,bimodal,473668270,0.6,0.6,994,5797
n200_os0.6_r10_bimodal_05,n200_os0.6_r10_bimodal,instances/n200_os0.6_r10_bimodal/n200_os0.6_r10_bimodal_05.alb,200,20,10,bimodal,1799137848,0.6,0.6003,994,5915
n200_os0.6_r10_bimodal_06,n200_os0.6_r10_bimodal,instances/n200_os0.6_r10_bimodal/n200_os0.6_r10_bimodal_06.alb,200,20,10,bimodal,4063624066,0.6,0.6028,944,6199
n200_os0.6_r10_bimodal_07,n200_os0.6_r10_bimodal,instances/n200_os0.6_r10_bimodal/n200_os0.6_r10_bimodal_07.alb,200,20,10,bimodal,2234698516,0.6,0.6013,945,6093
n200_os0.6_r10_bimodal_08,n200_os0.6_r10_bimodal,instances/n200_os0.6_r10_bimodal/n200_os0.6_r10_bimodal_08.alb,200,20,10,bimodal,361617029,0.6,0.6003,970,6493
n200_os0.6_r10_bimodal_09,n200_os0.6_r10_bimodal,instances/n200_os0.6_r10_bimodal/n200_os0.6_r10_bimodal_09.alb,200,20,10,bimodal,1653270035,0.6,0.6006,992,5485
n200_os0.6_r10_bimodal_10,n200_os0.6_r10_bimodal,instances/n200_os0.6_r10_bimodal/n200_os0.6_r10_bimodal_10.alb,200,20,10,bimodal,3101597201,0.6,0.6,1029,6760
n200_os0.6_r10_bimodal_11,n200_os0.6_r10_bimodal,instances/n200_os0.6_r10_bimodal/n200_os0.6_r10_bimodal_11.alb,200,20,10,bimodal,3487149703,0.6,0.6037,978,5944
n200_os0.6_r10_bimodal_12,n200_os0.6_r10_bimodal,instances/n200_os0.6_r10_bimodal/n200_os0.6_r10_bimodal_12.alb,200,20,10,bimodal,1456537405,0.6,0.6011,1009,5928
n200_os0.6_r10_bimodal_13,n200_os0.6_r10_bimodal,instances/n200_os0.6_r10_bimodal/n200_os0.6_r10_bimodal_13.alb,200,20,10,bimodal,567791531,0.6,0.6002,997,6143
n200_os0.6_r10_bimodal_14,n200_os0.6_r10_bimodal,instances/n200_os0.6_r10_bimodal/n200_os0.6_r10_bimodal_14.alb,200,20,10,bimodal,3216202248,0.6,0.6007,1041,6197
n200_os0.6_r10_bimodal_15,n200_os0.6_r10_bimodal,instances/n200_os0.6_r10_bimodal/n200_os0.6_r10_bimodal_15.alb,200,20,10,bimodal,3367266974,0.6,0.6024,1015,5411
n200_os0.6_r10_bimodal_16,n200_os0.6_r10_bimodal,instances/n200_os0.6_r10_bimodal/n200_os0.6_r10_bimodal_16.alb,200,20,10,bimodal,1371355940,0.6,0.6,921,6198
n200_os0.6_r10_bimodal_17,n200_os0.6_r10_bimodal,instances/n200_os0.6_r10_bimodal/n200_os0.6_r10_bimodal_17.alb,200,20,10,bimodal,649726898,0.6,0.601,970,6030
n200_os0.6_r10_bimodal_18,n200_os0.6_r10_bimodal,instances/n200_os0.6_r10_bimodal/n200_os0.6_r10_bimodal_18.alb,200,20,10,bimodal,3053786659,0.6,0.6006,952,5993
n200_os0.6_r10_bimodal_19,n200_os0.6_r10_bimodal,instances/n200_os0.6_r10_bimodal/n200_os0.6_r10_bimodal_19.alb,200,20,10,bimodal,3238143669,0.6,0.6025,1063,5205
n200_os0.6_r10_bimodal_20,n200_os0.6_r10_bimodal,instances/n200_os0.6_r10_bimodal/n200_os0.6_r10_bimodal_20.alb,200,20,10,bimodal,2482228690,0.6,0.6001,969,5361
n200_os0.6_r10_bimodal_21,n200_os0.6_r10_bimodal,instances/n200_os0.6_r10_bimodal/n200_os0.6_r10_bimodal_21.alb,200,20,10,bimodal,3841260868,0.6,0.6006,999,6242
n200_os0.6_r10_bimodal_22,n200_os0.6_r10_bimodal,instances/n200_os0.6_r10_bimodal/n200_os0.6_r10_bimodal_22.alb,200,20,10,bimodal,2113776894,0.6,0.6012,971,6114
n200_os0.6_r10_bimodal_23,n200_os0.6_r10_bimodal,instances/n200_os0.6_r10_bimodal/n200_os0.6_r10_bimodal_23.alb,200,20,10,bimodal,184196200,0.6,0.6004,996,4805
n200_os0.6_r10_bimodal_24,n200_os0.6_r10_bimodal,instances/n200_os0.6_r10_bimodal/n200_os0.6_r10_bimodal_24.alb,200,20,10,bimodal,2493385163,0.6,0.6008,1014,6720
n200_os0.9_r3_uniform_00,n200_os0.9_r3_uniform,instances/n200_os0.9_r3_uniform/n200_os0.9_r3_uniform_00.alb,200,67,3,uniform,368242165,0.9,0.9,1603,10962
n200_os0.9_r3_uniform_01,n200_os0.9_r3_uniform,instances/n200_os0.9_r3_uniform/n200_os0.9_r3_uniform_01.alb,200,67,3,uniform,1660280163,0.9,0.9006,1432,10051
n200_os0.9_r3_uniform_02,n200_os0.9_r3_uniform,instances/n200_os0.9_r3_uniform/n200_os0.9_r3_uniform_02.alb,200,67,3,uniform,4227632345,0.9,0.9005,1543,9916
n200_os0.9_r3_uniform_03,n200_os0.9_r3_uniform,instances/n200_os0.9_r3_uniform/n200_os0.9_r3_uniform_03.alb,200,67,3,uniform,2365307983,0.9,0.9001,1599,10232
n200_os0.9_r3_uniform_04,n200_os0.9_r3_uniform,instances/n200_os0.9_r3_uniform/n200_os0.9_r3_uniform_04.alb,200,67,3,uniform,312420844,0.9,0.9007,1439,10313
n200_os0.9_r3_uniform_05,n200_os0.9_r3_uniform,instances/n200_os0.9_r3_uniform/n200_os0.9_r3_uniform_05.alb,200,67,3,uniform,1704466810,0.9,0.9014,1540,9871
n200_os0.9_r3_uniform_06,n200_os0.9_r3_uniform,instances/n200_os0.9_r3_uniform/n200_os0.9_r3_uniform_06.alb,200,67,3,uniform,4237379776,0.9,0.9002,1592,10195
n200_os0.9_r3_uniform_07,n200_os0.9_r3_uniform,instances/n200_os0.9_r3_uniform/n200_os0.9_r3_uniform_07.alb,200,67,3,uniform,2341894230,0.9,0.9001,1506,9390
n200_os0.9_r3_uniform_08,n200_os0.9_r3_uniform,instances/n200_os0.9_r3_uniform/n200_os0.9_r3_uniform_08.alb,200,67,3,uniform,455697863,0.9,0.9001,1493,9886
n200_os0.9_r3_uniform_09,n200_os0.9_r3_uniform,instances/n200_os0.9_r3_uniform/n200_os0.9_r3_uniform_09.alb,200,67,3,uniform,1814975825,0.9,0.9002,1562,10123
n200_os0.9_r3_uniform_10,n200_os0.9_r3_uniform,instances/n200_os0.9_r3_uniform/n200_os0.9_r3_uniform_10.alb,200,67,3,uniform,537008670,0.9,0.9006,1597,10113
n200_os0.9_r3_uniform_11,n200_os0.9_r3_uniform,instances/n200_os0.9_r3_uniform/n200_os0.9_r3_uniform_11.alb,200,67,3,uniform,1459956360,0.9,0.9,1500,9802
n200_os0.9_r3_uniform_12,n200_os0.9_r3_uniform,instances/n200_os0.9_r3_uniform/n200_os0.9_r3_uniform_12.alb,200,67,3,uniform,3456924466,0.9,0.9003,1602,10407
n200_os0.9_r3_uniform_13,n200_os0.9_r3_uniform,instances/n200_os0.9_r3_uniform/n200_os0.9_r3_uniform_13.alb,200,67,3,uniform,3104525220,0.9,0.9,1553,9712
n200_os0.9_r3_uniform_14,n200_os0.9_r3_uniform,instances/n200_os0.9_r3_uniform/n200_os0.9_r3_uniform_14.alb,200,67,3,uniform,661642759,0.9,0.9002,1523,9725
n200_os0.9_r3_uniform_15,n200_os0.9_r3_uniform,instances/n200_os0.9_r3_uniform/n200_os0.9_r3_uniform_15.alb,200,67,3,uniform,1349054097,0.9,0.9006,1537,10496
n200_os0.9_r3_uniform_16,n200_os0.9_r3_uniform,instances/n200_os0.9_r3_uniform/n200_os0.9_r3_uniform_16.alb,200,67,3,uniform,3378626347,0.9,0.9005,1547,9851
n200_os0.9_r3_uniform_17,n200_os0.9_r3_uniform,instances/n200_os0.9_r3_uniform/n200_os0.9_r3_uniform_17.alb,200,67,3,uniform,3194392509,0.9,0.9,1558,10627
n200_os0.9_r3_uniform_18,n200_os0.9_r3_uniform,instances/n200_os0.9_r3_uniform/n200_os0.9_r3_uniform_18.alb,200,67,3,uniform,786010668,0.9,0.9002,1516,9817
n200_os0.9_r3_uniform_19,n200_os0.9_r3_uniform,instances/n200_os0.9_r3_uniform/n200_os0.9_r3_uniform_19.alb,200,67,3,uniform,1507762874,0.9,0.9005,1530,10176
n200_os0.9_r3_uniform_20,n200_os0.9_r3_uniform,instances/n200_os0.9_r3_uniform/n200_os0.9_r3_uniform_20.alb,200,67,3,uniform,187648477,0.9,0.9004,1418,10266
n200_os0.9_r3_uniform_21,n200_os0.9_r3_uniform,instances/n200_os0.9_r3_uniform/n200_os0.9_r3_uniform_21.alb,200,67,3,uniform,2083027275,0.9,0.9002,1472,9762
n200_os0.9_r3_uniform_22,n200_os0.9_r3_uniform,instances/n200_os0.9_r3_uniform/n200_os0.9_r3_uniform_22.alb,200,67,3,uniform,3844155633,0.9,0.9,1624,9926
n200_os0.9_r3_uniform_23,n200_os0.9_r3_uniform,instances/n200_os0.9_r3_uniform/n200_os0.9_r3_uniform_23.alb,200,67,3,uniform,2451970151,0.9,0.9002,1605,9236
n200_os0.9_r3_uniform_24,n200_os0.9_r3_uniform,instances/n200_os0.9_r3_uniform/n200_os0.9_r3_uniform_24.alb,200,67,3,uniform,205688260,0.9,0.9001,1492,10678
n200_os0.9_r3_bimodal_00,n200_os0.9_r3_bimodal,instances/n200_os0.9_r3_bimodal/n200_os0.9_r3_bimodal_00.alb,200,67,3,bimodal,812129752,0.9,0.9011,1593,6812
n200_os0.9_r3_bimodal_01,n200_os0.9_r3_bimodal,instances/n200_os0.9_r3_bimodal/n200_os0.9_r3_bimodal_01.alb,200,67,3,bimodal,1198468430,0.9,0.9003,1630,6176
n200_os0.9_r3_bimodal_02,n200_os0.9_r3_bimodal,instances/n200_os0.9_r3_bimodal/n200_os0.9_r3_bimodal_02.alb,200,67,3,bimodal,3731258612,0.9,0.9001,1490,5887
n200_os0.9_r3_bimodal_03,n200_os0.9_r3_bimodal,instances/n200_os0.9_r3_bimodal/n200_os0.9_r3_bimodal_03.alb,200,67,3,bimodal,2841726050,0.9,0.9003,1609,6105
n200_os0.9_r3_bimodal_04,n200_os0.9_r3_bimodal,instances/n200_os0.9_r3_bimodal/n200_os0.9_r3_bimodal_04.alb,200,67,3,bimodal,923130305,0.9,0.9005,1525,5136
n200_os0.9_r3_bimodal_05,n200_os0.9_r3_bimodal,instances/n200_os0.9_r3_bimodal/n200_os0.9_r3_bimodal_05.alb,200,67,3,bimodal,1073932631,0.9,0.9003,1586,6281
n200_os0.9_r3_bimodal_06,n200_os0.9_r3_bimodal,instances/n200_os0.9_r3_bimodal/n200_os0.9_r3_bimodal_06.alb,200,67,3,bimodal,3641424109,0.9,0.9007,1525,6448
n200_os0.9_r3_bimodal_07,n200_os0.9_r3_bimodal,instances/n200_os0.9_r3_bimodal/n200_os0.9_r3_bimodal_07.alb,200,67,3,bimodal,2920056955,0.9,0.9,1644,5780
n200_os0.9_r3_bimodal_08,n200_os0.9_r3_bimodal,instances/n200_os0.9_r3_bimodal/n200_os0.9_r3_bimodal_08.alb,200,67,3,bimodal,1051956714,0.9,0.9001,1604,6057
n200_os0.9_r3_bimodal_09,n200_os0.9_r3_bimodal,instances/n200_os0.9_r3_bimodal/n200_os0.9_r3_bimodal_09.alb,200,67,3,bimodal,1236575612,0.9,0.9002,1474,6555
n200_os0.9_r3_bimodal_10,n200_os0.9_r3_bimodal,instances/n200_os0.9_r3_bimodal/n200_os0.9_r3_bimodal_10.alb,200,67,3,bimodal,1710808219,0.9,0.9005,1606,5914
n200_os0.9_r3_bimodal_11,n200_os0.9_r3_bimodal,instances/n200_os0.9_r3_bimodal/n200_os0.9_r3_bimodal_11.alb,200,67,3,bimodal,318761997,0.9,0.9005,1494,6218
n200_os0.9_r3_bimodal_12,n200_os0.9_r3_bimodal,instances/n200_os0.9_r3_bimodal/n200_os0.9_r3_bimodal_12.alb,200,67,3,bimodal,2348203447,0.9,0.9001,1518,4772
n200_os0.9_r3_bimodal_13,n200_os0.9_r3_bimodal,instances/n200_os0.9_r3_bimodal/n200_os0.9_r3_bimodal_13.alb,200,67,3,bimodal,4243688737,0.9,0.9,1549,6226
n200_os0.9_r3_bimodal_14,n200_os0.9_r3_bimodal,instances/n200_os0.9_r3_bimodal/n200_os0.9_r3_bimodal_14.alb,200,67,3,bimodal,1653938306,0.9,0.9005,1524,5951
n200_os0.9_r3_bimodal_15,n200_os0.9_r3_bimodal,instances/n200_os0.9_r3_bimodal/n200_os0.9_r3_bimodal_15.alb,200,67,3,bimodal,361900052,0.9,0.9002,1445,6447
n200_os0.9_r3_bimodal_16,n200_os0.9_r3_bimodal,instances/n200_os0.9_r3_bimodal/n200_os0.9_r3_bimodal_16.alb,200,67,3,bimodal,2358999470,0.9,0.903,1563,6024
n200_os0.9_r3_bimodal_17,n200_os0.9_r3_bimodal,instances/n200_os0.9_r3_bimodal/n200_os0.9_r3_bimodal_17.alb,200,67,3,bimodal,4221323576,0.9,0.9,1435,5960
n200_os0.9_r3_bimodal_18,n200_os0.9_r3_bimodal,instances/n200_os0.9_r3_bimodal/n200_os0.9_r3_bimodal_18.alb,200,67,3,bimodal,1797477545,0.9,0.9002,1402,6145
n200_os0.9_r3_bimodal_19,n200_os0.9_r3_bimodal,instances/n200_os0.9_r3_bimodal/n200_os0.9_r3_bimodal_19.alb,200,67,3,bimodal,472147007,0.9,0.9002,1529,5685
n200_os0.9_r3_bimodal_20,n200_os0.9_r3_bimodal,instances/n200_os0.9_r3_bimodal/n200_os0.9_r3_bimodal_20.alb,200,67,3,bimodal,1322618712,0.9,0.9013,1654,6089
n200_os0.9_r3_bimodal_21,n200_os0.9_r3_bimodal,instances/n200_os0.9_r3_bimodal/n200_os0.9_r3_bimodal_21.alb,200,67,3,bimodal,970112974,0.9,0.9,1475,5996
n200_os0.9_r3_bimodal_22,n200_os0.9_r3_bimodal,instances/n200_os0.9_r3_bimodal/n200_os0.9_r3_bimodal_22.alb,200,67,3,bimodal,2698767988,0.9,0.9001,1506,5792
n200_os0.9_r3_bimodal_23,n200_os0.9_r3_bimodal,instances/n200_os0.9_r3_bimodal/n200_os0.9_r3_bimodal_23.alb,200,67,3,bimodal,3621576418,0.9,0.9008,1543,6596
n200_os0.9_r3_bimodal_24,n200_os0.9_r3_bimodal,instances/n200_os0.9_r3_bimodal/n200_os0.9_r3_bimodal_24.alb,200,67,3,bimodal,1236814657,0.9,0.9007,1465,6042
n200_os0.9_r6_uniform_00,n200_os0.9_r6_uniform,instances/n200_os0.9_r6_uniform/n200_os0.9_r6_uniform_00.alb,200,33,6,uniform,1688551863,0.9,0.9001,1435,10555
n200_os0.9_r6_uniform_01,n200_os0.9_r6_uniform,instances/n200_os0.9_r6_uniform/n200_os0.9_r6_uniform_01.alb,200,33,6,uniform,329412897,0.9,0.9011,1512,10853
n200_os0.9_r6_uniform_02,n200_os0.9_r6_uniform,instances/n200_os0.9_r6_uniform/n200_os0.9_r6_uniform_02.alb,200,33,6,uniform,2326470811,0.9,0.9,1496,9869
n200_os0.9_r6_uniform_03,n200_os0.9_r6_uniform,instances/n200_os0.9_r6_uniform/n200_os0.9_r6_uniform_03.alb,200,33,6,uniform,4255911949,0.9,0.9008,1409,10124
n200_os0.9_r6_uniform_04,n200_os0.9_r6_uniform,instances/n200_os0.9_r6_uniform/n200_os0.9_r6_uniform_04.alb,200,33,6,uniform,1674085806,0.9,0.9026,1609,10819
n200_os0.9_r6_uniform_05,n200_os0.9_r6_uniform,instances/n200_os0.9_r6_uniform/n200_os0.9_r6_uniform_05.alb,200,33,6,uniform,349156664,0.9,0.9005,1516,10098
n200_os0.9_r6_uniform_06,n200_os0.9_r6_uniform,instances/n200_os0.9_r6_uniform/n200_os0.9_r6_uniform_06.alb,200,33,6,uniform,2378622082,0.9,0.9004,1569,9866
n200_os0.9_r6_uniform_07,n200_os0.9_r6_uniform,instances/n200_os0.9_r6_uniform/n200_os0.9_r6_uniform_07.alb,200,33,6,uniform,4207006740,0.9,0.9002,1603,9966
n200_os0.9_r6_uniform_08,n200_os0.9_r6_uniform,instances/n200_os0.9_r6_uniform/n200_os0.9_r6_uniform_08.alb,200,33,6,uniform,1786694021,0.9,0.9004,1568,9470
n200_os0.9_r6_uniform_09,n200_os0.9_r6_uniform,instances/n200_os0.9_r6_uniform/n200_os0.9_r6_uniform_09.alb,200,33,6,uniform,494532883,0.9,0.9001,1510,9898
n200_os0.9_r6_uniform_10,n200_os0.9_r6_uniform,instances/n200_os0.9_r6_uniform/n200_os0.9_r6_uniform_10.alb,200,33,6,uniform,3097586958,0.9,0.9001,1518,10230
n200_os0.9_r6_uniform_11,n200_os0.9_r6_uniform,instances/n200_os0.9_r6_uniform/n200_os0.9_r6_uniform_11.alb,200,33,6,uniform,3483786648,0.9,0.901,1513,10149
n200_os0.9_r6_uniform_12,n200_os0.9_r6_uniform,instances/n200_os0.9_r6_uniform/n200_os0.9_r6_uniform_12.alb,200,33,6,uniform,1454312482,0.9,0.9001,1577,9390
n200_os0.9_r6_uniform_13,n200_os0.9_r6_uniform,instances/n200_os0.9_r6_uniform/n200_os0.9_r6_uniform_13.alb,200,33,6,uniform,564673716,0.9,0.9001,1640,10276
n200_os0.9_r6_uniform_14,n200_os0.9_r6_uniform,instances/n200_os0.9_r6_uniform/n200_os0.9_r6_uniform_14.alb,200,33,6,uniform,3217860887,0.9,0.9008,1520,9779
n200_os0.9_r6_uniform_15,n200_os0.9_r6_uniform,instances/n200_os0.9_r6_uniform/n200_os0.9_r6_uniform_15.alb,200,33,6,uniform,3368786305,0.9,0.9008,1532,10518
n200_os0.9_r6_uniform_16,n200_os0.9_r6_uniform,instances/n200_os0.9_r6_uniform/n200_os0.9_r6_uniform_16.alb,200,33,6,uniform,1371719739,0.9,0.901,1527,10208
n200_os0.9_r6_uniform_17,n200_os0.9_r6_uniform,instances/n200_os0.9_r6_uniform/n200_os0.9_r6_uniform_17.alb,200,33,6,uniform,650508461,0.9,0.901,1491,10142
n200_os0.9_r6_uniform_18,n200_os0.9_r6_uniform,instances/n200_os0.9_r6_uniform/n200_os0.9_r6_uniform_18.alb,200,33,6,uniform,3061507388,0.9,0.9003,1640,10003
n200_os0.9_r6_uniform_19,n200_os0.9_r6_uniform,instances/n200_os0.9_r6_uniform/n200_os0.9_r6_uniform_19.alb,200,33,6,uniform,3246249386,0.9,0.9006,1507,10055
n200_os0.9_r6_uniform_20,n200_os0.9_r6_uniform,instances/n200_os0.9_r6_uniform/n200_os0.9_r6_uniform_20.alb,200,33,6,uniform,2475441869,0.9,0.9001,1585,10120
n200_os0.9_r6_uniform_21,n200_os0.9_r6_uniform,instances/n200_os0.9_r6_uniform/n200_os0.9_r6_uniform_21.alb,200,33,6,uniform,3834318427,0.9,0.9004,1503,10105
n200_os0.9_r6_uniform_22,n200_os0.9_r6_uniform,instances/n200_os0.9_r6_uniform/n200_os0.9_r6_uniform_22.alb,200,33,6,uniform,2105696225,0.9,0.9004,1443,9725
n200_os0.9_r6_uniform_23,n200_os0.9_r6_uniform,instances/n200_os0.9_r6_uniform/n200_os0.9_r6_uniform_23.alb,200,33,6,uniform,176516983,0.9,0.9,1508,10166
n200_os0.9_r6_uniform_24,n200_os0.9_r6_uniform,instances/n200_os0.9_r6_uniform/n200_os0.9_r6_uniform_24.alb,200,33,6,uniform,2497837780,0.9,0.9002,1504,10510
n200_os0.9_r6_bimodal_00,n200_os0.9_r6_bimodal,instances/n200_os0.9_r6_bimodal/n200_os0.9_r6_bimodal_00.alb,200,33,6,bimodal,1094693274,0.9,0.9002,1551,6748
n200_os0.9_r6_bimodal_01,n200_os0.9_r6_bimodal,instances/n200_os0.9_r6_bimodal/n200_os0.9_r6_bimodal_01.alb,200,33,6,bimodal,909672716,0.9,0.9001,1486,6812
n200_os0.9_r6_bimodal_02,n200_os0.9_r6_bimodal,instances/n200_os0.9_r6_bimodal/n200_os0.9_r6_bimodal_02.alb,200,33,6,bimodal,2939277494,0.9,0.9001,1537,6467
n200_os0.9_r6_bimodal_03,n200_os0.9_r6_bimodal,instances/n200_os0.9_r6_bimodal/n200_os0.9_r6_bimodal_03.alb,200,33,6,bimodal,3627474976,0.9,0.9005,1523,5682
n200_os0.9_r6_bimodal_04,n200_os0.9_r6_bimodal,instances/n200_os0.9_r6_bimodal/n200_os0.9_r6_bimodal_04.alb,200,33,6,bimodal,1179809155,0.9,0.9002,1655,7065
n200_os0.9_r6_bimodal_05,n200_os0.9_r6_bimodal,instances/n200_os0.9_r6_bimodal/n200_os0.9_r6_bimodal_05.alb,200,33,6,bimodal,827671829,0.9,0.9021,1557,5985
n200_os0.9_r6_bimodal_06,n200_os0.9_r6_bimodal,instances/n200_os0.9_r6_bimodal/n200_os0.9_r6_bimodal_06.alb,200,33,6,bimodal,2824606895,0.9,0.9005,1532,6221
n200_os0.9_r6_bimodal_07,n200_os0.9_r6_bimodal,instances/n200_os0.9_r6_bimodal/n200_os0.9_r6_bimodal_07.alb,200,33,6,bimodal,3747292217,0.9,0.9005,1551,5841
n200_os0.9_r6_bimodal_08,n200_os0.9_r6_bimodal,instances/n200_os0.9_r6_bimodal/n200_os0.9_r6_bimodal_08.alb,200,33,6,bimodal,1340357032,0.9,0.9009,1535,5976
n200_os0.9_r6_bimodal_09,n200_os0.9_r6_bimodal,instances/n200_os0.9_r6_bimodal/n200_os0.9_r6_bimodal_09.alb,200,33,6,bimodal,954403134,0.9,0.9009,1531,5941
n200_os0.9_r6_bimodal_10,n200_os0.9_r6_bimodal,instances/n200_os0.9_r6_bimodal/n200_os0.9_r6_bimodal_10.alb,200,33,6,bimodal,4250643339,0.9,0.9006,1505,6124
n200_os0.9_r6_bimodal_11,n200_os0.9_r6_bimodal,instances/n200_os0.9_r6_bimodal/n200_os0.9_r6_bimodal_11.alb,200,33,6,bimodal,2321324829,0.9,0.9002,1643,5336
n200_os0.9_r6_bimodal_12,n200_os0.9_r6_bimodal,instances/n200_os0.9_r6_bimodal/n200_os0.9_r6_bimodal_12.alb,200,33,6,bimodal,324389543,0.9,0.9,1539,6824
n200_os0.9_r6_bimodal_13,n200_os0.9_r6_bimodal,instances/n200_os0.9_r6_bimodal/n200_os0.9_r6_bimodal_13.alb,200,33,6,bimodal,1683159601,0.9,0.9007,1490,5668
n200_os0.9_r6_bimodal_14,n200_os0.9_r6_bimodal,instances/n200_os0.9_r6_bimodal/n200_os0.9_r6_bimodal_14.alb,200,33,6,bimodal,4197871506,0.9,0.9004,1541,6393
n200_os0.9_r6_bimodal_15,n200_os0.9_r6_bimodal,instances/n200_os0.9_r6_bimodal/n200_os0.9_r6_bimodal_15.alb,200,33,6,bimodal,2368823044,0.9,0.9003,1464,6304
n200_os0.9_r6_bimodal_16,n200_os0.9_r6_bimodal,instances/n200_os0.9_r6_bimodal/n200_os0.9_r6_bimodal_16.alb,200,33,6,bimodal,339218110,0.9,0.9003,1565,6341
n200_os0.9_r6_bimodal_17,n200_os0.9_r6_bimodal,instances/n200_os0.9_r6_bimodal/n200_os0.9_r6_bimodal_17.alb,200,33,6,bimodal,1665089064,0.9,0.9001,1692,5310
n200_os0.9_r6_bimodal_18,n200_os0.9_r6_bimodal,instances/n200_os0.9_r6_bimodal/n200_os0.9_r6_bimodal_18.alb,200,33,6,bimodal,4085261241,0.9,0.9006,1550,5403
n200_os0.9_r6_bimodal_19,n200_os0.9_r6_bimodal,instances/n200_os0.9_r6_bimodal/n200_os0.9_r6_bimodal_19.alb,200,33,6,bimodal,2223444783,0.9,0.9006,1596,6152
n200_os0.9_r6_bimodal_20,n200_os0.9_r6_bimodal,instances/n200_os0.9_r6_bimodal/n200_os0.9_r6_bimodal_20.alb,200,33,6,bimodal,3598121032,0.9,0.9001,1580,5749
n200_os0.9_r6_bimodal_21,n200_os0.9_r6_bimodal,instances/n200_os0.9_r6_bimodal/n200_os0.9_r6_bimodal_21.alb,200,33,6,bimodal,2708588766,0.9,0.9004,1522,6076
n200_os0.9_r6_bimodal_22,n200_os0.9_r6_bimodal,instances/n200_os0.9_r6_bimodal/n200_os0.9_r6_bimodal_22.alb,200,33,6,bimodal,947427684,0.9,0.9006,1648,6097
n200_os0.9_r6_bimodal_23,n200_os0.9_r6_bimodal,instances/n200_os0.9_r6_bimodal/n200_os0.9_r6_bimodal_23.alb,200,33,6,bimodal,1333766642,0.9,0.9001,1507,6424
n200_os0.9_r6_bimodal_24,n200_os0.9_r6_bimodal,instances/n200_os0.9_r6_bimodal/n200_os0.9_r6_bimodal_24.alb,200,33,6,bimodal,3508223057,0.9,0.9005,1575,6507
n200_os0.9_r10_uniform_00,n200_os0.9_r10_uniform,instances/n200_os0.9_r10_uniform/n200_os0.9_r10_uniform_00.alb,200,20,10,uniform,1782869255,0.9,0.9009,1536,9584
n200_os0.9_r10_uniform_01,n200_os0.9_r10_uniform,instances/n200_os0.9_r10_uniform/n200_os0.9_r10_uniform_01.alb,200,20,10,uniform,490954129,0.9,0.9004,1668,9992
n200_os0.9_r10_uniform_02,n200_os0.9_r10_uniform,instances/n200_os0.9_r10_uniform/n200_os0.9_r10_uniform_02.alb,200,20,10,uniform,2219445291,0.9,0.9003,1468,10206
n200_os0.9_r10_uniform_03,n200_os0.9_r10_uniform,instances/n200_os0.9_r10_uniform/n200_os0.9_r10_uniform_03.alb,200,20,10,uniform,4081925309,0.9,0.9002,1533,9618
n200_os0.9_r10_uniform_04,n200_os0.9_r10_uniform,instances/n200_os0.9_r10_uniform/n200_os0.9_r10_uniform_04.alb,200,20,10,uniform,1831446814,0.9,0.9009,1528,9838
n200_os0.9_r10_uniform_05,n200_os0.9_r10_uniform,instances/n200_os0.9_r10_uniform/n200_os0.9_r10_uniform_05.alb,200,20,10,uniform,439261576,0.9,0.9003,1533,10786
n200_os0.9_r10_uniform_06,n200_os0.9_r10_uniform,instances/n200_os0.9_r10_uniform/n200_os0.9_r10_uniform_06.alb,200,20,10,uniform,2200422450,0.9,0.9006,1402,10472
n200_os0.9_r10_uniform_07,n200_os0.9_r10_uniform,instances/n200_os0.9_r10_uniform/n200_os0.9_r10_uniform_07.alb,200,20,10,uniform,4095801508,0.9,0.9003,1533,9023
n200_os0.9_r10_uniform_08,n200_os0.9_r10_uniform,instances/n200_os0.9_r10_uniform/n200_os0.9_r10_uniform_08.alb,200,20,10,uniform,1688200501,0.9,0.9,1550,9781
n200_os0.9_r10_uniform_09,n200_os0.9_r10_uniform,instances/n200_os0.9_r10_uniform/n200_os0.9_r10_uniform_09.alb,200,20,10,uniform,328783267,0.9,0.9006,1439,9549
n200_os0.9_r10_uniform_10,n200_os0.9_r10_uniform,instances/n200_os0.9_r10_uniform/n200_os0.9_r10_uniform_10.alb,200,20,10,uniform,1942896558,0.9,0.9,1539,9667
n200_os0.9_r10_uniform_11,n200_os0.9_r10_uniform,instances/n200_os0.9_r10_uniform/n200_os0.9_r10_uniform_11.alb,200,20,10,uniform,80285496,0.9,0.9003,1621,9008
n200_os0.9_r10_uniform_12,n200_os0.9_r10_uniform,instances/n200_os0.9_r10_uniform/n200_os0.9_r10_uniform_12.alb,200,20,10,uniform,2646630018,0.9,0.9006,1563,9864
n200_os0.9_r10_uniform_13,n200_os0.9_r10_uniform,instances/n200_os0.9_r10_uniform/n200_os0.9_r10_uniform_13.alb,200,20,10,uniform,3938938388,0.9,0.9005,1508,9709
n200_os0.9_r10_uniform_14,n200_os0.9_r10_uniform,instances/n200_os0.9_r10_uniform/n200_os0.9_r10_uniform_14.alb,200,20,10,uniform,1956903863,0.9,0.9001,1602,9882
n200_os0.9_r10_uniform_15,n200_os0.9_r10_uniform,instances/n200_os0.9_r10_uniform/n200_os0.9_r10_uniform_15.alb,200,20,10,uniform,61131553,0.9,0.9002,1635,10510
n200_os0.9_r10_uniform_16,n200_os0.9_r10_uniform,instances/n200_os0.9_r10_uniform/n200_os0.9_r10_uniform_16.alb,200,20,10,uniform,2595068571,0.9,0.9002,1493,9555
n200_os0.9_r10_uniform_17,n200_os0.9_r10_uniform,instances/n200_os0.9_r10_uniform/n200_os0.9_r10_uniform_17.alb,200,20,10,uniform,3987384845,0.9,0.9004,1445,10021
n200_os0.9_r10_uniform_18,n200_os0.9_r10_uniform,instances/n200_os0.9_r10_uniform/n200_os0.9_r10_uniform_18.alb,200,20,10,uniform,2098575260,0.9,0.9001,1484,10411
n200_os0.9_r10_uniform_19,n200_os0.9_r10_uniform,instances/n200_os0.9_r10_uniform/n200_os0.9_r10_uniform_19.alb,200,20,10,uniform,168986378,0.9,0.9001,1530,9756
n200_os0.9_r10_uniform_20,n200_os0.9_r10_uniform,instances/n200_os0.9_r10_uniform/n200_os0.9_r10_uniform_20.alb,200,20,10,uniform,1491299437,0.9,0.9001,1644,9694
n200_os0.9_r10_uniform_21,n200_os0.9_r10_uniform,instances/n200_os0.9_r10_uniform/n200_os0.9_r10_uniform_21.alb,200,20,10,uniform,803495163,0.9,0.9001,1546,10518
n200_os0.9_r10_uniform_22,n200_os0.9_r10_uniform,instances/n200_os0.9_r10_uniform/n200_os0.9_r10_uniform_22.alb,200,20,10,uniform,3068988737,0.9,0.9003,1611,10228
n200_os0.9_r10_uniform_23,n200_os0.9_r10_uniform,instances/n200_os0.9_r10_uniform/n200_os0.9_r10_uniform_23.alb,200,20,10,uniform,3253353943,0.9,0.9,1517,10484
n200_os0.9_r10_uniform_24,n200_os0.9_r10_uniform,instances/n200_os0.9_r10_uniform/n200_os0.9_r10_uniform_24.alb,200,20,10,uniform,1603184756,0.9,0.9003,1613,10662
n200_os0.9_r10_bimodal_00,n200_os0.9_r10_bimodal,instances/n200_os0.9_r10_bimodal/n200_os0.9_r10_bimodal_00.alb,200,20,10,bimodal,1339989290,0.9,0.9001,1559,5606
n200_os0.9_r10_bimodal_01,n200_os0.9_r10_bimodal,instances/n200_os0.9_r10_bimodal/n200_os0.9_r10_bimodal_01.alb,200,20,10,bimodal,953789884,0.9,0.9,1515,5570
n200_os0.9_r10_bimodal_02,n200_os0.9_r10_bimodal,instances/n200_os0.9_r10_bimodal/n200_os0.9_r10_bimodal_02.alb,200,20,10,bimodal,2714827782,0.9,0.9003,1468,6402
n200_os0.9_r10_bimodal_03,n200_os0.9_r10_bimodal,instances/n200_os0.9_r10_bimodal/n200_os0.9_r10_bimodal_03.alb,200,20,10,bimodal,3604466832,0.9,0.9001,1579,6330
n200_os0.9_r10_bimodal_04,n200_os0.9_r10_bimodal,instances/n200_os0.9_r10_bimodal/n200_os0.9_r10_bimodal_04.alb,200,20,10,bimodal,1219713331,0.9,0.9001,1583,6735
n200_os0.9_r10_bimodal_05,n200_os0.9_r10_bimodal,instances/n200_os0.9_r10_bimodal/n200_os0.9_r10_bimodal_05.alb,200,20,10,bimodal,1068788133,0.9,0.9007,1642,6488
n200_os0.9_r10_bimodal_06,n200_os0.9_r10_bimodal,instances/n200_os0.9_r10_bimodal/n200_os0.9_r10_bimodal_06.alb,200,20,10,bimodal,2797418527,0.9,0.9003,1617,6600
n200_os0.9_r10_bimodal_07,n200_os0.9_r10_bimodal,instances/n200_os0.9_r10_bimodal/n200_os0.9_r10_bimodal_07.alb,200,20,10,bimodal,3518630025,0.9,0.9001,1497,5457
n200_os0.9_r10_bimodal_08,n200_os0.9_r10_bimodal,instances/n200_os0.9_r10_bimodal/n200_os0.9_r10_bimodal_08.alb,200,20,10,bimodal,1090852120,0.9,0.9011,1530,6221
n200_os0.9_r10_bimodal_09,n200_os0.9_r10_bimodal,instances/n200_os0.9_r10_bimodal/n200_os0.9_r10_bimodal_09.alb,200,20,10,bimodal,906110350,0.9,0.9,1541,6393
n200_os0.9_r10_bimodal_10,n200_os0.9_r10_bimodal,instances/n200_os0.9_r10_bimodal/n200_os0.9_r10_bimodal_10.alb,200,20,10,bimodal,909441323,0.9,0.9003,1555,5743
n200_os0.9_r10_bimodal_11,n200_os0.9_r10_bimodal,instances/n200_os0.9_r10_bimodal/n200_os0.9_r10_bimodal_11.alb,200,20,10,bimodal,1093913021,0.9,0.9004,1528,5521
n200_os0.9_r10_bimodal_12,n200_os0.9_r10_bimodal,instances/n200_os0.9_r10_bimodal/n200_os0.9_r10_bimodal_12.alb,200,20,10,bimodal,3627718663,0.9,0.9012,1619,5391
n200_os0.9_r10_bimodal_13,n200_os0.9_r10_bimodal,instances/n200_os0.9_r10_bimodal/n200_os0.9_r10_bimodal_13.alb,200,20,10,bimodal,2940053649,0.9,0.9004,1530,6499
n200_os0.9_r10_bimodal_14,n200_os0.9_r10_bimodal,instances/n200_os0.9_r10_bimodal/n200_os0.9_r10_bimodal_14.alb,200,20,10,bimodal,827931954,0.9,0.9002,1573,6912
n200_os0.9_r10_bimodal_15,n200_os0.9_r10_bimodal,instances/n200_os0.9_r10_bimodal/n200_os0.9_r10_bimodal_15.alb,200,20,10,bimodal,1180568996,0.9,0.9,1519,6625
n200_os0.9_r10_bimodal_16,n200_os0.9_r10_bimodal,instances/n200_os0.9_r10_bimodal/n200_os0.9_r10_bimodal_16.alb,200,20,10,bimodal,3747044382,0.9,0.9001,1549,6099
n200_os0.9_r10_bimodal_17,n200_os0.9_r10_bimodal,instances/n200_os0.9_r10_bimodal/n200_os0.9_r10_bimodal_17.alb,200,20,10,bimodal,2823842952,0.9,0.9,1552,6039
n200_os0.9_r10_bimodal_18,n200_os0.9_r10_bimodal,instances/n200_os0.9_r10_bimodal/n200_os0.9_r10_bimodal_18.alb,200,20,10,bimodal,955216153,0.9,0.9004,1545,6564
n200_os0.9_r10_bimodal_19,n200_os0.9_r10_bimodal,instances/n200_os0.9_r10_bimodal/n200_os0.9_r10_bimodal_19.alb,200,20,10,bimodal,1340621199,0.9,0.9003,1566,6632
n200_os0.9_r10_bimodal_20,n200_os0.9_r10_bimodal,instances/n200_os0.9_r10_bimodal/n200_os0.9_r10_bimodal_20.alb,200,20,10,bimodal,488221416,0.9,0.9003,1444,5473
n200_os0.9_r10_bimodal_21,n200_os0.9_r10_bimodal,instances/n200_os0.9_r10_bimodal/n200_os0.9_r10_bimodal_21.alb,200,20,10,bimodal,1780390526,0.9,0.9003,1519,5823
n200_os0.9_r10_bimodal_22,n200_os0.9_r10_bimodal,instances/n200_os0.9_r10_bimodal/n200_os0.9_r10_bimodal_22.alb,200,20,10,bimodal,4078422980,0.9,0.9007,1508,5548
n200_os0.9_r10_bimodal_23,n200_os0.9_r10_bimodal,instances/n200_os0.9_r10_bimodal/n200_os0.9_r10_bimodal_23.alb,200,20,10,bimodal,2215705426,0.9,0.9001,1542,6120
n200_os0.9_r10_bimodal_24,n200_os0.9_r10_bimodal,instances/n200_os0.9_r10_bimodal/n200_os0.9_r10_bimodal_24.alb,200,20,10,bimodal,443838193,0.9,0.9001,1511,6033
