instance,group,n,m,os,tasks_per_station,time_dist,method,kind,status,objective,lower_bound,gap,time_s,build_s,n_vars,n_constraints,extra,error
n50_os0.2_r3_uniform_00,n50_os0.2_r3_uniform,50,17,0.2041,3,uniform,patterson_albracht,pli,feasible,151,149,0.013423,180.121,0.04,754.0,141.0,"{""c_min"": 149, ""c_max"": 213}",
n50_os0.2_r3_uniform_00,n50_os0.2_r3_uniform,50,17,0.2041,3,uniform,ritt_costa,pli,feasible,151,149,0.013423,180.13,0.074,819.0,1043.0,"{""c_min"": 149, ""c_max"": 213}",
n50_os0.2_r3_uniform_01,n50_os0.2_r3_uniform,50,17,0.2024,3,uniform,patterson_albracht,pli,feasible,147,146,0.006849,180.057,0.04,768.0,148.0,"{""c_min"": 146, ""c_max"": 229}",
n50_os0.2_r3_uniform_01,n50_os0.2_r3_uniform,50,17,0.2024,3,uniform,ritt_costa,pli,feasible,147,146,0.006849,180.196,0.083,852.0,1162.0,"{""c_min"": 146, ""c_max"": 229}",
n50_os0.2_r3_uniform_02,n50_os0.2_r3_uniform,50,17,0.2008,3,uniform,patterson_albracht,pli,feasible,150,148,0.013514,180.155,0.04,776.0,133.0,"{""c_min"": 148, ""c_max"": 230}",
n50_os0.2_r3_uniform_02,n50_os0.2_r3_uniform,50,17,0.2008,3,uniform,ritt_costa,pli,feasible,150,148,0.013514,180.223,0.132,859.0,1004.0,"{""c_min"": 148, ""c_max"": 230}",
n50_os0.2_r3_uniform_03,n50_os0.2_r3_uniform,50,17,0.2065,3,uniform,patterson_albracht,pli,feasible,152,150,0.013333,180.071,0.042,767.0,148.0,"{""c_min"": 150, ""c_max"": 247}",
n50_os0.2_r3_uniform_03,n50_os0.2_r3_uniform,50,17,0.2065,3,uniform,ritt_costa,pli,feasible,152,150,0.013333,180.341,0.134,865.0,1203.0,"{""c_min"": 150, ""c_max"": 247}",
n50_os0.2_r3_uniform_04,n50_os0.2_r3_uniform,50,17,0.2057,3,uniform,patterson_albracht,pli,feasible,166,165,0.006061,180.233,0.059,727.0,145.0,"{""c_min"": 165, ""c_max"": 201}",
n50_os0.2_r3_uniform_04,n50_os0.2_r3_uniform,50,17,0.2057,3,uniform,ritt_costa,pli,feasible,166,165,0.006061,180.225,0.072,764.0,1009.0,"{""c_min"": 165, ""c_max"": 201}",
n50_os0.2_r3_uniform_05,n50_os0.2_r3_uniform,50,17,0.2139,3,uniform,patterson_albracht,pli,feasible,152,150,0.013333,180.068,0.043,758.0,131.0,"{""c_min"": 150, ""c_max"": 237}",
n50_os0.2_r3_uniform_05,n50_os0.2_r3_uniform,50,17,0.2139,3,uniform,ritt_costa,pli,feasible,151,150,0.006667,180.186,0.105,846.0,961.0,"{""c_min"": 150, ""c_max"": 237}",
n50_os0.2_r3_uniform_06,n50_os0.2_r3_uniform,50,17,0.2,3,uniform,patterson_albracht,pli,feasible,169,168,0.005952,180.084,0.058,750.0,148.0,"{""c_min"": 168, ""c_max"": 237}",
n50_os0.2_r3_uniform_06,n50_os0.2_r3_uniform,50,17,0.2,3,uniform,ritt_costa,pli,optimal,168,168,0.0,39.134,0.113,820.0,1127.0,"{""c_min"": 168, ""c_max"": 237}",
n50_os0.2_r3_uniform_07,n50_os0.2_r3_uniform,50,17,0.218,3,uniform,patterson_albracht,pli,feasible,150,147,0.020408,180.068,0.05,776.0,137.0,"{""c_min"": 147, ""c_max"": 235}",
n50_os0.2_r3_uniform_07,n50_os0.2_r3_uniform,50,17,0.218,3,uniform,ritt_costa,pli,feasible,149,147,0.013605,180.148,0.078,865.0,1060.0,"{""c_min"": 147, ""c_max"": 235}",
n50_os0.2_r3_uniform_08,n50_os0.2_r3_uniform,50,17,0.2033,3,uniform,patterson_albracht,pli,optimal,159,159,0.0,21.051,0.037,752.0,140.0,"{""c_min"": 159, ""c_max"": 222}",
n50_os0.2_r3_uniform_08,n50_os0.2_r3_uniform,50,17,0.2033,3,uniform,ritt_costa,pli,optimal,159,159,0.0,42.979,0.076,816.0,1015.0,"{""c_min"": 159, ""c_max"": 222}",
n50_os0.2_r3_uniform_09,n50_os0.2_r3_uniform,50,17,0.2098,3,uniform,patterson_albracht,pli,feasible,132,131,0.007634,180.071,0.04,763.0,147.0,"{""c_min"": 131, ""c_max"": 208}",
n50_os0.2_r3_uniform_09,n50_os0.2_r3_uniform,50,17,0.2098,3,uniform,ritt_costa,pli,feasible,132,131,0.007634,180.15,0.079,841.0,1151.0,"{""c_min"": 131, ""c_max"": 208}",
n50_os0.2_r3_uniform_10,n50_os0.2_r3_uniform,50,17,0.2098,3,uniform,patterson_albracht,pli,feasible,162,160,0.0125,180.051,0.034,741.0,131.0,"{""c_min"": 160, ""c_max"": 234}",
n50_os0.2_r3_uniform_10,n50_os0.2_r3_uniform,50,17,0.2098,3,uniform,ritt_costa,pli,feasible,161,160,0.00625,180.137,0.071,816.0,892.0,"{""c_min"": 160, ""c_max"": 234}",
n50_os0.2_r3_uniform_11,n50_os0.2_r3_uniform,50,17,0.2016,3,uniform,patterson_albracht,pli,optimal,149,149,0.0,26.098,0.041,765.0,144.0,"{""c_min"": 149, ""c_max"": 234}",
n50_os0.2_r3_uniform_11,n50_os0.2_r3_uniform,50,17,0.2016,3,uniform,ritt_costa,pli,feasible,150,149,0.006711,180.267,0.125,851.0,1128.0,"{""c_min"": 149, ""c_max"": 234}",
n50_os0.2_r3_uniform_12,n50_os0.2_r3_uniform,50,17,0.2008,3,uniform,patterson_albracht,pli,feasible,155,154,0.006494,180.173,0.074,752.0,155.0,"{""c_min"": 154, ""c_max"": 212}",
n50_os0.2_r3_uniform_12,n50_os0.2_r3_uniform,50,17,0.2008,3,uniform,ritt_costa,pli,optimal,154,154,0.0,114.583,0.127,811.0,1173.0,"{""c_min"": 154, ""c_max"": 212}",
n50_os0.2_r3_uniform_13,n50_os0.2_r3_uniform,50,17,0.2008,3,uniform,patterson_albracht,pli,feasible,149,147,0.013605,180.2,0.073,770.0,144.0,"{""c_min"": 147, ""c_max"": 219}",
n50_os0.2_r3_uniform_13,n50_os0.2_r3_uniform,50,17,0.2008,3,uniform,ritt_costa,pli,feasible,149,147,0.013605,180.317,0.135,843.0,1121.0,"{""c_min"": 147, ""c_max"": 219}",
n50_os0.2_r3_uniform_14,n50_os0.2_r3_uniform,50,17,0.2,3,uniform,patterson_albracht,pli,optimal,163,163,0.0,17.362,0.071,760.0,143.0,"{""c_min"": 163, ""c_max"": 240}",
n50_os0.2_r3_uniform_14,n50_os0.2_r3_uniform,50,17,0.2,3,uniform,ritt_costa,pli,feasible,165,163,0.01227,180.275,0.129,838.0,1101.0,"{""c_min"": 163, ""c_max"": 240}",
n50_os0.2_r3_uniform_15,n50_os0.2_r3_uniform,50,17,0.2,3,uniform,patterson_albracht,pli,feasible,162,160,0.0125,180.113,0.072,756.0,138.0,"{""c_min"": 160, ""c_max"": 244}",
n50_os0.2_r3_uniform_15,n50_os0.2_r3_uniform,50,17,0.2,3,uniform,ritt_costa,pli,feasible,163,160,0.01875,180.283,0.132,841.0,1016.0,"{""c_min"": 160, ""c_max"": 244}",
n50_os0.2_r3_uniform_16,n50_os0.2_r3_uniform,50,17,0.2033,3,uniform,patterson_albracht,pli,feasible,143,142,0.007042,180.102,0.073,765.0,138.0,"{""c_min"": 142, ""c_max"": 230}",
n50_os0.2_r3_uniform_16,n50_os0.2_r3_uniform,50,17,0.2033,3,uniform,ritt_costa,pli,feasible,143,142,0.007042,180.253,0.134,854.0,1077.0,"{""c_min"": 142, ""c_max"": 230}",
n50_os0.2_r3_uniform_17,n50_os0.2_r3_uniform,50,17,0.2,3,uniform,patterson_albracht,pli,feasible,139,138,0.007246,180.151,0.057,763.0,143.0,"{""c_min"": 138, ""c_max"": 215}",
n50_os0.2_r3_uniform_17,n50_os0.2_r3_uniform,50,17,0.2,3,uniform,ritt_costa,pli,optimal,138,138,0.0,110.331,0.113,841.0,1114.0,"{""c_min"": 138, ""c_max"": 215}",
n50_os0.2_r3_uniform_18,n50_os0.2_r3_uniform,50,17,0.2008,3,uniform,patterson_albracht,pli,feasible,161,159,0.012579,180.118,0.063,771.0,151.0,"{""c_min"": 159, ""c_max"": 246}",
n50_os0.2_r3_uniform_18,n50_os0.2_r3_uniform,50,17,0.2008,3,uniform,ritt_costa,pli,feasible,161,159,0.012579,180.237,0.122,859.0,1241.0,"{""c_min"": 159, ""c_max"": 246}",
n50_os0.2_r3_uniform_19,n50_os0.2_r3_uniform,50,17,0.2,3,uniform,patterson_albracht,pli,feasible,154,153,0.006536,180.149,0.065,754.0,142.0,"{""c_min"": 153, ""c_max"": 242}",
n50_os0.2_r3_uniform_19,n50_os0.2_r3_uniform,50,17,0.2,3,uniform,ritt_costa,pli,feasible,154,153,0.006536,180.291,0.117,844.0,1079.0,"{""c_min"": 153, ""c_max"": 242}",
n50_os0.2_r3_uniform_20,n50_os0.2_r3_uniform,50,17,0.2033,3,uniform,patterson_albracht,pli,feasible,156,155,0.006452,180.098,0.05,761.0,146.0,"{""c_min"": 155, ""c_max"": 242}",
n50_os0.2_r3_uniform_20,n50_os0.2_r3_uniform,50,17,0.2033,3,uniform,ritt_costa,pli,feasible,156,155,0.006452,180.192,0.103,849.0,1135.0,"{""c_min"": 155, ""c_max"": 242}",
n50_os0.2_r3_uniform_21,n50_os0.2_r3_uniform,50,17,0.2,3,uniform,patterson_albracht,pli,feasible,145,144,0.006944,180.067,0.046,773.0,136.0,"{""c_min"": 144, ""c_max"": 219}",
n50_os0.2_r3_uniform_21,n50_os0.2_r3_uniform,50,17,0.2,3,uniform,ritt_costa,pli,feasible,146,144,0.013889,180.195,0.1,849.0,1055.0,"{""c_min"": 144, ""c_max"": 219}",
n50_os0.2_r3_uniform_22,n50_os0.2_r3_uniform,50,17,0.2057,3,uniform,patterson_albracht,pli,feasible,157,156,0.00641,180.067,0.045,757.0,136.0,"{""c_min"": 156, ""c_max"": 232}",
n50_os0.2_r3_uniform_22,n50_os0.2_r3_uniform,50,17,0.2057,3,uniform,ritt_costa,pli,feasible,157,156,0.00641,180.188,0.095,834.0,1008.0,"{""c_min"": 156, ""c_max"": 232}",
n50_os0.2_r3_uniform_23,n50_os0.2_r3_uniform,50,17,0.2114,3,uniform,patterson_albracht,pli,feasible,168,167,0.005988,180.09,0.058,767.0,161.0,"{""c_min"": 167, ""c_max"": 260}",
n50_os0.2_r3_uniform_23,n50_os0.2_r3_uniform,50,17,0.2114,3,uniform,ritt_costa,pli,feasible,168,167,0.005988,180.222,0.122,861.0,1344.0,"{""c_min"": 167, ""c_max"": 260}",
n50_os0.2_r3_uniform_24,n50_os0.2_r3_uniform,50,17,0.2,3,uniform,patterson_albracht,pli,feasible,170,169,0.005917,180.071,0.046,749.0,138.0,"{""c_min"": 169, ""c_max"": 243}",
n50_os0.2_r3_uniform_24,n50_os0.2_r3_uniform,50,17,0.2,3,uniform,ritt_costa,pli,feasible,170,169,0.005917,180.248,0.075,824.0,984.0,"{""c_min"": 169, ""c_max"": 243}",
n50_os0.2_r6_uniform_00,n50_os0.2_r6_uniform,50,8,0.2008,6,uniform,patterson_albracht,pli,optimal,364,364,0.0,1.395,0.026,358.0,133.0,"{""c_min"": 364, ""c_max"": 437}",
n50_os0.2_r6_uniform_00,n50_os0.2_r6_uniform,50,8,0.2008,6,uniform,ritt_costa,pli,optimal,364,364,0.0,3.864,0.028,432.0,479.0,"{""c_min"": 364, ""c_max"": 437}",
n50_os0.2_r6_uniform_01,n50_os0.2_r6_uniform,50,8,0.2073,6,uniform,patterson_albracht,pli,optimal,288,288,0.0,0.221,0.018,361.0,124.0,"{""c_min"": 288, ""c_max"": 364}",
n50_os0.2_r6_uniform_01,n50_os0.2_r6_uniform,50,8,0.2073,6,uniform,ritt_costa,pli,optimal,288,288,0.0,0.779,0.032,438.0,437.0,"{""c_min"": 288, ""c_max"": 364}",
n50_os0.2_r6_uniform_02,n50_os0.2_r6_uniform,50,8,0.2049,6,uniform,patterson_albracht,pli,optimal,324,324,0.0,1.105,0.025,353.0,119.0,"{""c_min"": 324, ""c_max"": 364}",
n50_os0.2_r6_uniform_02,n50_os0.2_r6_uniform,50,8,0.2049,6,uniform,ritt_costa,pli,optimal,324,324,0.0,1.601,0.031,394.0,379.0,"{""c_min"": 324, ""c_max"": 364}",
n50_os0.2_r6_uniform_03,n50_os0.2_r6_uniform,50,8,0.2016,6,uniform,patterson_albracht,pli,optimal,363,363,0.0,1.042,0.022,364.0,137.0,"{""c_min"": 363, ""c_max"": 440}",
n50_os0.2_r6_uniform_03,n50_os0.2_r6_uniform,50,8,0.2016,6,uniform,ritt_costa,pli,optimal,363,363,0.0,1.144,0.051,442.0,521.0,"{""c_min"": 363, ""c_max"": 440}",
n50_os0.2_r6_uniform_04,n50_os0.2_r6_uniform,50,8,0.2016,6,uniform,patterson_albracht,pli,optimal,293,293,0.0,1.673,0.02,373.0,129.0,"{""c_min"": 293, ""c_max"": 376}",
n50_os0.2_r6_uniform_04,n50_os0.2_r6_uniform,50,8,0.2016,6,uniform,ritt_costa,pli,optimal,293,293,0.0,2.817,0.029,457.0,495.0,"{""c_min"": 293, ""c_max"": 376}",
n50_os0.2_r6_uniform_05,n50_os0.2_r6_uniform,50,8,0.2,6,uniform,patterson_albracht,pli,optimal,305,305,0.0,1.024,0.021,358.0,131.0,"{""c_min"": 305, ""c_max"": 366}",
n50_os0.2_r6_uniform_05,n50_os0.2_r6_uniform,50,8,0.2,6,uniform,ritt_costa,pli,optimal,305,305,0.0,1.837,0.025,420.0,458.0,"{""c_min"": 305, ""c_max"": 366}",
n50_os0.2_r6_uniform_06,n50_os0.2_r6_uniform,50,8,0.2,6,uniform,patterson_albracht,pli,optimal,326,326,0.0,0.371,0.021,357.0,133.0,"{""c_min"": 326, ""c_max"": 410}",
n50_os0.2_r6_uniform_06,n50_os0.2_r6_uniform,50,8,0.2,6,uniform,ritt_costa,pli,optimal,326,326,0.0,0.661,0.028,442.0,465.0,"{""c_min"": 326, ""c_max"": 410}",
n50_os0.2_r6_uniform_07,n50_os0.2_r6_uniform,50,8,0.2082,6,uniform,patterson_albracht,pli,optimal,316,316,0.0,1.71,0.024,366.0,139.0,"{""c_min"": 316, ""c_max"": 406}",
n50_os0.2_r6_uniform_07,n50_os0.2_r6_uniform,50,8,0.2082,6,uniform,ritt_costa,pli,optimal,316,316,0.0,3.07,0.037,457.0,523.0,"{""c_min"": 316, ""c_max"": 406}",
n50_os0.2_r6_uniform_08,n50_os0.2_r6_uniform,50,8,0.2114,6,uniform,patterson_albracht,pli,optimal,346,346,0.0,1.621,0.018,356.0,122.0,"{""c_min"": 346, ""c_max"": 423}",
n50_os0.2_r6_uniform_08,n50_os0.2_r6_uniform,50,8,0.2114,6,uniform,ritt_costa,pli,optimal,346,346,0.0,2.76,0.027,434.0,415.0,"{""c_min"": 346, ""c_max"": 423}",
n50_os0.2_r6_uniform_09,n50_os0.2_r6_uniform,50,8,0.2033,6,uniform,patterson_albracht,pli,optimal,266,266,0.0,1.044,0.021,368.0,133.0,"{""c_min"": 266, ""c_max"": 355}",
n50_os0.2_r6_uniform_09,n50_os0.2_r6_uniform,50,8,0.2033,6,uniform,ritt_costa,pli,optimal,266,266,0.0,3.597,0.033,458.0,520.0,"{""c_min"": 266, ""c_max"": 355}",
n50_os0.2_r6_uniform_10,n50_os0.2_r6_uniform,50,8,0.2033,6,uniform,patterson_albracht,pli,optimal,314,314,0.0,0.562,0.038,353.0,139.0,"{""c_min"": 314, ""c_max"": 363}",
n50_os0.2_r6_uniform_10,n50_os0.2_r6_uniform,50,8,0.2033,6,uniform,ritt_costa,pli,optimal,314,314,0.0,0.939,0.035,403.0,485.0,"{""c_min"": 314, ""c_max"": 363}",
n50_os0.2_r6_uniform_11,n50_os0.2_r6_uniform,50,8,0.2,6,uniform,patterson_albracht,pli,optimal,270,270,0.0,0.339,0.073,365.0,130.0,"{""c_min"": 270, ""c_max"": 347}",
n50_os0.2_r6_uniform_11,n50_os0.2_r6_uniform,50,8,0.2,6,uniform,ritt_costa,pli,optimal,270,270,0.0,1.525,0.044,443.0,473.0,"{""c_min"": 270, ""c_max"": 347}",
n50_os0.2_r6_uniform_12,n50_os0.2_r6_uniform,50,8,0.2016,6,uniform,patterson_albracht,pli,optimal,331,331,0.0,1.773,0.022,357.0,133.0,"{""c_min"": 331, ""c_max"": 394}",
n50_os0.2_r6_uniform_12,n50_os0.2_r6_uniform,50,8,0.2016,6,uniform,ritt_costa,pli,optimal,331,331,0.0,3.187,0.03,421.0,463.0,"{""c_min"": 331, ""c_max"": 394}",
n50_os0.2_r6_uniform_13,n50_os0.2_r6_uniform,50,8,0.2,6,uniform,patterson_albracht,pli,optimal,307,307,0.0,0.572,0.03,358.0,135.0,"{""c_min"": 307, ""c_max"": 379}",
n50_os0.2_r6_uniform_13,n50_os0.2_r6_uniform,50,8,0.2,6,uniform,ritt_costa,pli,optimal,307,307,0.0,1.732,0.039,431.0,484.0,"{""c_min"": 307, ""c_max"": 379}",
n50_os0.2_r6_uniform_14,n50_os0.2_r6_uniform,50,8,0.2122,6,uniform,patterson_albracht,pli,optimal,337,337,0.0,2.583,0.022,354.0,136.0,"{""c_min"": 337, ""c_max"": 406}",
n50_os0.2_r6_uniform_14,n50_os0.2_r6_uniform,50,8,0.2122,6,uniform,ritt_costa,pli,optimal,337,337,0.0,3.034,0.05,424.0,471.0,"{""c_min"": 337, ""c_max"": 406}",
n50_os0.2_r6_uniform_15,n50_os0.2_r6_uniform,50,8,0.2008,6,uniform,patterson_albracht,pli,optimal,296,296,0.0,1.183,0.024,366.0,146.0,"{""c_min"": 296, ""c_max"": 364}",
n50_os0.2_r6_uniform_15,n50_os0.2_r6_uniform,50,8,0.2008,6,uniform,ritt_costa,pli,optimal,296,296,0.0,2.521,0.03,435.0,553.0,"{""c_min"": 296, ""c_max"": 364}",
n50_os0.2_r6_uniform_16,n50_os0.2_r6_uniform,50,8,0.2073,6,uniform,patterson_albracht,pli,optimal,338,338,0.0,1.413,0.021,358.0,139.0,"{""c_min"": 338, ""c_max"": 410}",
n50_os0.2_r6_uniform_16,n50_os0.2_r6_uniform,50,8,0.2073,6,uniform,ritt_costa,pli,optimal,338,338,0.0,1.14,0.027,431.0,506.0,"{""c_min"": 338, ""c_max"": 410}",
n50_os0.2_r6_uniform_17,n50_os0.2_r6_uniform,50,8,0.2033,6,uniform,patterson_albracht,pli,optimal,338,338,0.0,1.638,0.021,359.0,133.0,"{""c_min"": 338, ""c_max"": 404}",
n50_os0.2_r6_uniform_17,n50_os0.2_r6_uniform,50,8,0.2033,6,uniform,ritt_costa,pli,optimal,338,338,0.0,2.418,0.028,426.0,472.0,"{""c_min"": 338, ""c_max"": 404}",
n50_os0.2_r6_uniform_18,n50_os0.2_r6_uniform,50,8,0.2122,6,uniform,patterson_albracht,pli,optimal,308,308,0.0,1.37,0.021,361.0,140.0,"{""c_min"": 308, ""c_max"": 379}",
n50_os0.2_r6_uniform_18,n50_os0.2_r6_uniform,50,8,0.2122,6,uniform,ritt_costa,pli,optimal,308,308,0.0,2.277,0.031,433.0,531.0,"{""c_min"": 308, ""c_max"": 379}",
n50_os0.2_r6_uniform_19,n50_os0.2_r6_uniform,50,8,0.2024,6,uniform,patterson_albracht,pli,optimal,333,333,0.0,1.365,0.021,361.0,143.0,"{""c_min"": 333, ""c_max"": 402}",
n50_os0.2_r6_uniform_19,n50_os0.2_r6_uniform,50,8,0.2024,6,uniform,ritt_costa,pli,optimal,333,333,0.0,3.067,0.028,431.0,520.0,"{""c_min"": 333, ""c_max"": 402}",
n50_os0.2_r6_uniform_20,n50_os0.2_r6_uniform,50,8,0.2057,6,uniform,patterson_albracht,pli,optimal,309,309,0.0,1.107,0.022,370.0,149.0,"{""c_min"": 309, ""c_max"": 398}",
n50_os0.2_r6_uniform_20,n50_os0.2_r6_uniform,50,8,0.2057,6,uniform,ritt_costa,pli,optimal,309,309,0.0,0.928,0.033,460.0,594.0,"{""c_min"": 309, ""c_max"": 398}",
n50_os0.2_r6_uniform_21,n50_os0.2_r6_uniform,50,8,0.2163,6,uniform,patterson_albracht,pli,optimal,294,294,0.0,0.403,0.02,349.0,141.0,"{""c_min"": 294, ""c_max"": 366}",
n50_os0.2_r6_uniform_21,n50_os0.2_r6_uniform,50,8,0.2163,6,uniform,ritt_costa,pli,optimal,294,294,0.0,0.55,0.026,422.0,491.0,"{""c_min"": 294, ""c_max"": 366}",
n50_os0.2_r6_uniform_22,n50_os0.2_r6_uniform,50,8,0.2033,6,uniform,patterson_albracht,pli,optimal,305,305,0.0,1.085,0.017,361.0,118.0,"{""c_min"": 305, ""c_max"": 363}",
n50_os0.2_r6_uniform_22,n50_os0.2_r6_uniform,50,8,0.2033,6,uniform,ritt_costa,pli,optimal,305,305,0.0,3.966,0.023,420.0,398.0,"{""c_min"": 305, ""c_max"": 363}",
n50_os0.2_r6_uniform_23,n50_os0.2_r6_uniform,50,8,0.2024,6,uniform,patterson_albracht,pli,optimal,325,325,0.0,4.345,0.022,370.0,144.0,"{""c_min"": 325, ""c_max"": 394}",
n50_os0.2_r6_uniform_23,n50_os0.2_r6_uniform,50,8,0.2024,6,uniform,ritt_costa,pli,optimal,325,325,0.0,4.839,0.032,440.0,560.0,"{""c_min"": 325, ""c_max"": 394}",
n50_os0.2_r6_uniform_24,n50_os0.2_r6_uniform,50,8,0.2008,6,uniform,patterson_albracht,pli,optimal,347,347,0.0,2.306,0.022,360.0,131.0,"{""c_min"": 347, ""c_max"": 420}",
n50_os0.2_r6_uniform_24,n50_os0.2_r6_uniform,50,8,0.2008,6,uniform,ritt_costa,pli,optimal,347,347,0.0,3.826,0.026,434.0,465.0,"{""c_min"": 347, ""c_max"": 420}",
n50_os0.2_r10_uniform_00,n50_os0.2_r10_uniform,50,5,0.2057,10,uniform,patterson_albracht,pli,optimal,412,412,0.0,0.225,0.012,225.0,126.0,"{""c_min"": 412, ""c_max"": 484}",
n50_os0.2_r10_uniform_00,n50_os0.2_r10_uniform,50,5,0.2057,10,uniform,ritt_costa,pli,optimal,412,412,0.0,0.257,0.014,298.0,273.0,"{""c_min"": 412, ""c_max"": 484}",
n50_os0.2_r10_uniform_01,n50_os0.2_r10_uniform,50,5,0.2,10,uniform,patterson_albracht,pli,optimal,479,479,0.0,0.254,0.014,234.0,125.0,"{""c_min"": 479, ""c_max"": 565}",
n50_os0.2_r10_uniform_01,n50_os0.2_r10_uniform,50,5,0.2,10,uniform,ritt_costa,pli,optimal,479,479,0.0,0.349,0.016,321.0,301.0,"{""c_min"": 479, ""c_max"": 565}",
n50_os0.2_r10_uniform_02,n50_os0.2_r10_uniform,50,5,0.2008,10,uniform,patterson_albracht,pli,optimal,539,539,0.0,0.31,0.012,227.0,124.0,"{""c_min"": 539, ""c_max"": 616}",
n50_os0.2_r10_uniform_02,n50_os0.2_r10_uniform,50,5,0.2008,10,uniform,ritt_costa,pli,optimal,539,539,0.0,0.279,0.014,305.0,270.0,"{""c_min"": 539, ""c_max"": 616}",
n50_os0.2_r10_uniform_03,n50_os0.2_r10_uniform,50,5,0.2049,10,uniform,patterson_albracht,pli,optimal,498,498,0.0,0.097,0.015,227.0,130.0,"{""c_min"": 498, ""c_max"": 528}",
n50_os0.2_r10_uniform_03,n50_os0.2_r10_uniform,50,5,0.2049,10,uniform,ritt_costa,pli,optimal,498,498,0.0,0.375,0.015,258.0,296.0,"{""c_min"": 498, ""c_max"": 528}",
n50_os0.2_r10_uniform_04,n50_os0.2_r10_uniform,50,5,0.2114,10,uniform,patterson_albracht,pli,optimal,538,538,0.0,0.118,0.014,227.0,139.0,"{""c_min"": 538, ""c_max"": 586}",
n50_os0.2_r10_uniform_04,n50_os0.2_r10_uniform,50,5,0.2114,10,uniform,ritt_costa,pli,optimal,538,538,0.0,0.278,0.015,276.0,320.0,"{""c_min"": 538, ""c_max"": 586}",
n50_os0.2_r10_uniform_05,n50_os0.2_r10_uniform,50,5,0.2065,10,uniform,patterson_albracht,pli,optimal,543,543,0.0,0.274,0.013,231.0,127.0,"{""c_min"": 543, ""c_max"": 638}",
n50_os0.2_r10_uniform_05,n50_os0.2_r10_uniform,50,5,0.2065,10,uniform,ritt_costa,pli,optimal,543,543,0.0,0.229,0.016,327.0,300.0,"{""c_min"": 543, ""c_max"": 638}",
n50_os0.2_r10_uniform_06,n50_os0.2_r10_uniform,50,5,0.2024,10,uniform,patterson_albracht,pli,optimal,530,530,0.0,0.232,0.014,227.0,143.0,"{""c_min"": 530, ""c_max"": 589}",
n50_os0.2_r10_uniform_06,n50_os0.2_r10_uniform,50,5,0.2024,10,uniform,ritt_costa,pli,optimal,530,530,0.0,0.066,0.015,287.0,330.0,"{""c_min"": 530, ""c_max"": 589}",
n50_os0.2_r10_uniform_07,n50_os0.2_r10_uniform,50,5,0.2,10,uniform,patterson_albracht,pli,optimal,529,529,0.0,0.189,0.014,235.0,138.0,"{""c_min"": 529, ""c_max"": 612}",
n50_os0.2_r10_uniform_07,n50_os0.2_r10_uniform,50,5,0.2,10,uniform,ritt_costa,pli,optimal,529,529,0.0,0.111,0.016,319.0,335.0,"{""c_min"": 529, ""c_max"": 612}",
n50_os0.2_r10_uniform_08,n50_os0.2_r10_uniform,50,5,0.2122,10,uniform,patterson_albracht,pli,optimal,516,516,0.0,0.531,0.014,232.0,138.0,"{""c_min"": 516, ""c_max"": 601}",
n50_os0.2_r10_uniform_08,n50_os0.2_r10_uniform,50,5,0.2122,10,uniform,ritt_costa,pli,optimal,516,516,0.0,0.552,0.017,318.0,334.0,"{""c_min"": 516, ""c_max"": 601}",
n50_os0.2_r10_uniform_09,n50_os0.2_r10_uniform,50,5,0.2024,10,uniform,patterson_albracht,pli,optimal,478,478,0.0,0.257,0.015,231.0,142.0,"{""c_min"": 478, ""c_max"": 543}",
n50_os0.2_r10_uniform_09,n50_os0.2_r10_uniform,50,5,0.2024,10,uniform,ritt_costa,pli,optimal,478,478,0.0,0.228,0.019,297.0,329.0,"{""c_min"": 478, ""c_max"": 543}",
n50_os0.2_r10_uniform_10,n50_os0.2_r10_uniform,50,5,0.2,10,uniform,patterson_albracht,pli,optimal,474,474,0.0,0.103,0.013,230.0,124.0,"{""c_min"": 474, ""c_max"": 532}",
n50_os0.2_r10_uniform_10,n50_os0.2_r10_uniform,50,5,0.2,10,uniform,ritt_costa,pli,optimal,474,474,0.0,0.12,0.015,289.0,285.0,"{""c_min"": 474, ""c_max"": 532}",
n50_os0.2_r10_uniform_11,n50_os0.2_r10_uniform,50,5,0.2008,10,uniform,patterson_albracht,pli,optimal,483,483,0.0,0.278,0.014,230.0,130.0,"{""c_min"": 483, ""c_max"": 530}",
n50_os0.2_r10_uniform_11,n50_os0.2_r10_uniform,50,5,0.2008,10,uniform,ritt_costa,pli,optimal,483,483,0.0,0.125,0.014,278.0,293.0,"{""c_min"": 483, ""c_max"": 530}",
n50_os0.2_r10_uniform_12,n50_os0.2_r10_uniform,50,5,0.2,10,uniform,patterson_albracht,pli,optimal,526,526,0.0,0.333,0.014,238.0,126.0,"{""c_min"": 526, ""c_max"": 621}",
n50_os0.2_r10_uniform_12,n50_os0.2_r10_uniform,50,5,0.2,10,uniform,ritt_costa,pli,optimal,526,526,0.0,0.219,0.018,334.0,312.0,"{""c_min"": 526, ""c_max"": 621}",
n50_os0.2_r10_uniform_13,n50_os0.2_r10_uniform,50,5,0.209,10,uniform,patterson_albracht,pli,optimal,493,493,0.0,0.316,0.014,224.0,119.0,"{""c_min"": 493, ""c_max"": 577}",
n50_os0.2_r10_uniform_13,n50_os0.2_r10_uniform,50,5,0.209,10,uniform,ritt_costa,pli,optimal,493,493,0.0,0.126,0.015,309.0,252.0,"{""c_min"": 493, ""c_max"": 577}",
n50_os0.2_r10_uniform_14,n50_os0.2_r10_uniform,50,5,0.2065,10,uniform,patterson_albracht,pli,optimal,542,542,0.0,0.145,0.03,227.0,123.0,"{""c_min"": 542, ""c_max"": 603}",
n50_os0.2_r10_uniform_14,n50_os0.2_r10_uniform,50,5,0.2065,10,uniform,ritt_costa,pli,optimal,542,542,0.0,0.098,0.017,289.0,278.0,"{""c_min"": 542, ""c_max"": 603}",
n50_os0.2_r10_uniform_15,n50_os0.2_r10_uniform,50,5,0.2073,10,uniform,patterson_albracht,pli,optimal,499,499,0.0,0.281,0.013,224.0,123.0,"{""c_min"": 499, ""c_max"": 532}",
n50_os0.2_r10_uniform_15,n50_os0.2_r10_uniform,50,5,0.2073,10,uniform,ritt_costa,pli,optimal,499,499,0.0,0.362,0.012,258.0,260.0,"{""c_min"": 499, ""c_max"": 532}",
n50_os0.2_r10_uniform_16,n50_os0.2_r10_uniform,50,5,0.2049,10,uniform,patterson_albracht,pli,optimal,500,500,0.0,0.312,0.014,233.0,130.0,"{""c_min"": 500, ""c_max"": 574}",
n50_os0.2_r10_uniform_16,n50_os0.2_r10_uniform,50,5,0.2049,10,uniform,ritt_costa,pli,optimal,500,500,0.0,0.204,0.017,308.0,317.0,"{""c_min"": 500, ""c_max"": 574}",
n50_os0.2_r10_uniform_17,n50_os0.2_r10_uniform,50,5,0.2065,10,uniform,patterson_albracht,pli,optimal,504,504,0.0,0.629,0.014,228.0,135.0,"{""c_min"": 504, ""c_max"": 541}",
n50_os0.2_r10_uniform_17,n50_os0.2_r10_uniform,50,5,0.2065,10,uniform,ritt_costa,pli,optimal,504,504,0.0,0.311,0.015,266.0,299.0,"{""c_min"": 504, ""c_max"": 541}",
n50_os0.2_r10_uniform_18,n50_os0.2_r10_uniform,50,5,0.2122,10,uniform,patterson_albracht,pli,optimal,471,471,0.0,0.502,0.014,233.0,137.0,"{""c_min"": 471, ""c_max"": 527}",
n50_os0.2_r10_uniform_18,n50_os0.2_r10_uniform,50,5,0.2122,10,uniform,ritt_costa,pli,optimal,471,471,0.0,0.374,0.016,290.0,330.0,"{""c_min"": 471, ""c_max"": 527}",
n50_os0.2_r10_uniform_19,n50_os0.2_r10_uniform,50,5,0.2041,10,uniform,patterson_albracht,pli,optimal,514,514,0.0,0.218,0.015,234.0,127.0,"{""c_min"": 514, ""c_max"": 592}",
n50_os0.2_r10_uniform_19,n50_os0.2_r10_uniform,50,5,0.2041,10,uniform,ritt_costa,pli,optimal,514,514,0.0,0.456,0.016,313.0,295.0,"{""c_min"": 514, ""c_max"": 592}",
n50_os0.2_r10_uniform_20,n50_os0.2_r10_uniform,50,5,0.2049,10,uniform,patterson_albracht,pli,optimal,561,561,0.0,0.276,0.014,233.0,132.0,"{""c_min"": 561, ""c_max"": 628}",
n50_os0.2_r10_uniform_20,n50_os0.2_r10_uniform,50,5,0.2049,10,uniform,ritt_costa,pli,optimal,561,561,0.0,0.17,0.019,301.0,317.0,"{""c_min"": 561, ""c_max"": 628}",
n50_os0.2_r10_uniform_21,n50_os0.2_r10_uniform,50,5,0.2122,10,uniform,patterson_albracht,pli,optimal,557,557,0.0,0.181,0.013,228.0,128.0,"{""c_min"": 557, ""c_max"": 615}",
n50_os0.2_r10_uniform_21,n50_os0.2_r10_uniform,50,5,0.2122,10,uniform,ritt_costa,pli,optimal,557,557,0.0,0.332,0.016,287.0,293.0,"{""c_min"": 557, ""c_max"": 615}",
n50_os0.2_r10_uniform_22,n50_os0.2_r10_uniform,50,5,0.2024,10,uniform,patterson_albracht,pli,optimal,486,486,0.0,0.129,0.014,233.0,130.0,"{""c_min"": 486, ""c_max"": 553}",
n50_os0.2_r10_uniform_22,n50_os0.2_r10_uniform,50,5,0.2024,10,uniform,ritt_costa,pli,optimal,486,486,0.0,0.128,0.016,301.0,311.0,"{""c_min"": 486, ""c_max"": 553}",
n50_os0.2_r10_uniform_23,n50_os0.2_r10_uniform,50,5,0.2131,10,uniform,patterson_albracht,pli,optimal,537,537,0.0,0.466,0.014,228.0,134.0,"{""c_min"": 537, ""c_max"": 625}",
n50_os0.2_r10_uniform_23,n50_os0.2_r10_uniform,50,5,0.2131,10,uniform,ritt_costa,pli,optimal,537,537,0.0,0.775,0.015,317.0,301.0,"{""c_min"": 537, ""c_max"": 625}",
n50_os0.2_r10_uniform_24,n50_os0.2_r10_uniform,50,5,0.2033,10,uniform,patterson_albracht,pli,optimal,510,510,0.0,0.185,0.014,228.0,125.0,"{""c_min"": 510, ""c_max"": 566}",
n50_os0.2_r10_uniform_24,n50_os0.2_r10_uniform,50,5,0.2033,10,uniform,ritt_costa,pli,optimal,510,510,0.0,0.177,0.016,285.0,283.0,"{""c_min"": 510, ""c_max"": 566}",
n50_os0.6_r3_uniform_00,n50_os0.6_r3_uniform,50,17,0.6016,3,uniform,patterson_albracht,pli,feasible,150,149,0.006711,180.1,0.036,513.0,174.0,"{""c_min"": 146, ""c_max"": 205}",
n50_os0.6_r3_uniform_00,n50_os0.6_r3_uniform,50,17,0.6016,3,uniform,ritt_costa,pli,feasible,150,149,0.006711,180.145,0.079,573.0,1020.0,"{""c_min"": 146, ""c_max"": 205}",
n50_os0.6_r3_uniform_01,n50_os0.6_r3_uniform,50,17,0.6,3,uniform,patterson_albracht,pli,feasible,162,160,0.0125,180.148,0.036,560.0,149.0,"{""c_min"": 158, ""c_max"": 244}",
n50_os0.6_r3_uniform_01,n50_os0.6_r3_uniform,50,17,0.6,3,uniform,ritt_costa,pli,feasible,162,159,0.018868,180.364,0.119,647.0,956.0,"{""c_min"": 158, ""c_max"": 244}",
n50_os0.6_r3_uniform_02,n50_os0.6_r3_uniform,50,17,0.6008,3,uniform,patterson_albracht,pli,feasible,156,155,0.006452,180.088,0.021,548.0,152.0,"{""c_min"": 153, ""c_max"": 228}",
n50_os0.6_r3_uniform_02,n50_os0.6_r3_uniform,50,17,0.6008,3,uniform,ritt_costa,pli,optimal,156,156,0.0,11.737,0.085,624.0,960.0,"{""c_min"": 153, ""c_max"": 228}",
n50_os0.6_r3_uniform_03,n50_os0.6_r3_uniform,50,17,0.6171,3,uniform,patterson_albracht,pli,feasible,144,141,0.021277,180.157,0.05,566.0,171.0,"{""c_min"": 141, ""c_max"": 229}",
n50_os0.6_r3_uniform_03,n50_os0.6_r3_uniform,50,17,0.6171,3,uniform,ritt_costa,pli,feasible,143,142,0.007042,180.284,0.142,655.0,1179.0,"{""c_min"": 141, ""c_max"": 229}",
n50_os0.6_r3_uniform_04,n50_os0.6_r3_uniform,50,17,0.6049,3,uniform,patterson_albracht,pli,feasible,166,163,0.018405,180.073,0.032,519.0,151.0,"{""c_min"": 163, ""c_max"": 229}",
n50_os0.6_r3_uniform_04,n50_os0.6_r3_uniform,50,17,0.6049,3,uniform,ritt_costa,pli,feasible,166,165,0.006061,180.19,0.06,586.0,867.0,"{""c_min"": 163, ""c_max"": 229}",
n50_os0.6_r3_uniform_05,n50_os0.6_r3_uniform,50,17,0.6016,3,uniform,patterson_albracht,pli,feasible,146,144,0.013889,180.127,0.049,520.0,160.0,"{""c_min"": 144, ""c_max"": 198}",
n50_os0.6_r3_uniform_05,n50_os0.6_r3_uniform,50,17,0.6016,3,uniform,ritt_costa,pli,optimal,146,146,0.0,11.826,0.072,575.0,918.0,"{""c_min"": 144, ""c_max"": 198}",
n50_os0.6_r3_uniform_06,n50_os0.6_r3_uniform,50,17,0.6,3,uniform,patterson_albracht,pli,feasible,172,168,0.02381,180.15,0.045,550.0,157.0,"{""c_min"": 168, ""c_max"": 253}",
n50_os0.6_r3_uniform_06,n50_os0.6_r3_uniform,50,17,0.6,3,uniform,ritt_costa,pli,feasible,172,168,0.02381,180.285,0.109,636.0,997.0,"{""c_min"": 168, ""c_max"": 253}",
n50_os0.6_r3_uniform_07,n50_os0.6_r3_uniform,50,17,0.6,3,uniform,patterson_albracht,pli,feasible,149,147,0.013605,180.128,0.059,556.0,171.0,"{""c_min"": 146, ""c_max"": 225}",
n50_os0.6_r3_uniform_07,n50_os0.6_r3_uniform,50,17,0.6,3,uniform,ritt_costa,pli,feasible,149,147,0.013605,180.308,0.138,636.0,1145.0,"{""c_min"": 146, ""c_max"": 225}",
n50_os0.6_r3_uniform_08,n50_os0.6_r3_uniform,50,17,0.6008,3,uniform,patterson_albracht,pli,optimal,152,152,0.0,34.681,0.086,527.0,166.0,"{""c_min"": 149, ""c_max"": 213}",
n50_os0.6_r3_uniform_08,n50_os0.6_r3_uniform,50,17,0.6008,3,uniform,ritt_costa,pli,optimal,152,152,0.0,14.15,0.102,592.0,1001.0,"{""c_min"": 149, ""c_max"": 213}",
n50_os0.6_r3_uniform_09,n50_os0.6_r3_uniform,50,17,0.6033,3,uniform,patterson_albracht,pli,feasible,148,143,0.034965,180.107,0.05,551.0,184.0,"{""c_min"": 143, ""c_max"": 222}",
n50_os0.6_r3_uniform_09,n50_os0.6_r3_uniform,50,17,0.6033,3,uniform,ritt_costa,pli,feasible,147,143,0.027972,180.239,0.098,631.0,1222.0,"{""c_min"": 143, ""c_max"": 222}",
n50_os0.6_r3_uniform_10,n50_os0.6_r3_uniform,50,17,0.6016,3,uniform,patterson_albracht,pli,feasible,135,133,0.015038,180.153,0.063,565.0,175.0,"{""c_min"": 133, ""c_max"": 211}",
n50_os0.6_r3_uniform_10,n50_os0.6_r3_uniform,50,17,0.6016,3,uniform,ritt_costa,pli,feasible,135,134,0.007463,180.402,0.132,644.0,1203.0,"{""c_min"": 133, ""c_max"": 211}",
n50_os0.6_r3_uniform_11,n50_os0.6_r3_uniform,50,17,0.6008,3,uniform,patterson_albracht,pli,feasible,136,134,0.014925,180.2,0.085,576.0,163.0,"{""c_min"": 134, ""c_max"": 220}",
n50_os0.6_r3_uniform_11,n50_os0.6_r3_uniform,50,17,0.6008,3,uniform,ritt_costa,pli,feasible,136,134,0.014925,180.35,0.148,663.0,1135.0,"{""c_min"": 134, ""c_max"": 220}",
n50_os0.6_r3_uniform_12,n50_os0.6_r3_uniform,50,17,0.6,3,uniform,patterson_albracht,pli,feasible,169,167,0.011976,180.256,0.064,539.0,158.0,"{""c_min"": 166, ""c_max"": 249}",
n50_os0.6_r3_uniform_12,n50_os0.6_r3_uniform,50,17,0.6,3,uniform,ritt_costa,pli,feasible,169,168,0.005952,180.256,0.113,623.0,991.0,"{""c_min"": 166, ""c_max"": 249}",
n50_os0.6_r3_uniform_13,n50_os0.6_r3_uniform,50,17,0.6,3,uniform,patterson_albracht,pli,feasible,146,144,0.013889,180.141,0.049,563.0,157.0,"{""c_min"": 144, ""c_max"": 232}",
n50_os0.6_r3_uniform_13,n50_os0.6_r3_uniform,50,17,0.6,3,uniform,ritt_costa,pli,feasible,146,145,0.006897,180.239,0.112,652.0,1058.0,"{""c_min"": 144, ""c_max"": 232}",
n50_os0.6_r3_uniform_14,n50_os0.6_r3_uniform,50,17,0.6041,3,uniform,patterson_albracht,pli,optimal,135,135,0.0,68.55,0.028,536.0,159.0,"{""c_min"": 133, ""c_max"": 198}",
n50_os0.6_r3_uniform_14,n50_os0.6_r3_uniform,50,17,0.6041,3,uniform,ritt_costa,pli,feasible,136,134,0.014925,180.217,0.086,602.0,984.0,"{""c_min"": 133, ""c_max"": 198}",
n50_os0.6_r3_uniform_15,n50_os0.6_r3_uniform,50,17,0.6,3,uniform,patterson_albracht,pli,feasible,152,150,0.013333,180.135,0.047,565.0,153.0,"{""c_min"": 150, ""c_max"": 239}",
n50_os0.6_r3_uniform_15,n50_os0.6_r3_uniform,50,17,0.6,3,uniform,ritt_costa,pli,feasible,153,150,0.02,180.238,0.122,655.0,1027.0,"{""c_min"": 150, ""c_max"": 239}",
n50_os0.6_r3_uniform_16,n50_os0.6_r3_uniform,50,17,0.6065,3,uniform,patterson_albracht,pli,feasible,158,156,0.012821,180.069,0.039,543.0,183.0,"{""c_min"": 155, ""c_max"": 233}",
n50_os0.6_r3_uniform_16,n50_os0.6_r3_uniform,50,17,0.6065,3,uniform,ritt_costa,pli,feasible,158,156,0.012821,180.168,0.096,622.0,1181.0,"{""c_min"": 155, ""c_max"": 233}",
n50_os0.6_r3_uniform_17,n50_os0.6_r3_uniform,50,17,0.6008,3,uniform,patterson_albracht,pli,feasible,145,143,0.013986,180.082,0.055,541.0,171.0,"{""c_min"": 143, ""c_max"": 208}",
n50_os0.6_r3_uniform_17,n50_os0.6_r3_uniform,50,17,0.6008,3,uniform,ritt_costa,pli,optimal,145,145,0.0,116.927,0.1,607.0,1059.0,"{""c_min"": 143, ""c_max"": 208}",
n50_os0.6_r3_uniform_18,n50_os0.6_r3_uniform,50,17,0.6008,3,uniform,patterson_albracht,pli,feasible,136,134,0.014925,180.061,0.035,545.0,168.0,"{""c_min"": 133, ""c_max"": 199}",
n50_os0.6_r3_uniform_18,n50_os0.6_r3_uniform,50,17,0.6008,3,uniform,ritt_costa,pli,optimal,136,136,0.0,16.431,0.109,612.0,1071.0,"{""c_min"": 133, ""c_max"": 199}",
n50_os0.6_r3_uniform_19,n50_os0.6_r3_uniform,50,17,0.6024,3,uniform,patterson_albracht,pli,optimal,135,135,0.0,67.036,0.047,561.0,158.0,"{""c_min"": 133, ""c_max"": 212}",
n50_os0.6_r3_uniform_19,n50_os0.6_r3_uniform,50,17,0.6024,3,uniform,ritt_costa,pli,optimal,135,135,0.0,157.148,0.109,641.0,1060.0,"{""c_min"": 133, ""c_max"": 212}",
n50_os0.6_r3_uniform_20,n50_os0.6_r3_uniform,50,17,0.6131,3,uniform,patterson_albracht,pli,feasible,141,140,0.007143,180.071,0.05,576.0,169.0,"{""c_min"": 139, ""c_max"": 222}",
n50_os0.6_r3_uniform_20,n50_os0.6_r3_uniform,50,17,0.6131,3,uniform,ritt_costa,pli,feasible,141,140,0.007143,180.173,0.102,660.0,1190.0,"{""c_min"": 139, ""c_max"": 222}",
n50_os0.6_r3_uniform_21,n50_os0.6_r3_uniform,50,17,0.6008,3,uniform,patterson_albracht,pli,feasible,149,147,0.013605,180.142,0.034,538.0,161.0,"{""c_min"": 147, ""c_max"": 219}",
n50_os0.6_r3_uniform_21,n50_os0.6_r3_uniform,50,17,0.6008,3,uniform,ritt_costa,pli,feasible,149,147,0.013605,180.259,0.117,611.0,999.0,"{""c_min"": 147, ""c_max"": 219}",
n50_os0.6_r3_uniform_22,n50_os0.6_r3_uniform,50,17,0.6,3,uniform,patterson_albracht,pli,feasible,153,152,0.006579,180.125,0.048,531.0,158.0,"{""c_min"": 151, ""c_max"": 221}",
n50_os0.6_r3_uniform_22,n50_os0.6_r3_uniform,50,17,0.6,3,uniform,ritt_costa,pli,feasible,153,152,0.006579,180.192,0.072,602.0,955.0,"{""c_min"": 151, ""c_max"": 221}",
n50_os0.6_r3_uniform_23,n50_os0.6_r3_uniform,50,17,0.6041,3,uniform,patterson_albracht,pli,feasible,150,148,0.013514,180.141,0.057,548.0,166.0,"{""c_min"": 148, ""c_max"": 225}",
n20_os0.2_r3_uniform_00,n20_os0.2_r3_uniform,20,7,0.2053,3,uniform,patterson_albracht,pli,optimal,139,139,0.0,4.065,0.007,131.0,52.0,"{""c_min"": 138, ""c_max"": 217}",
n20_os0.2_r3_uniform_00,n20_os0.2_r3_uniform,20,7,0.2053,3,uniform,ritt_costa,pli,optimal,139,139,0.0,0.602,0.012,211.0,164.0,"{""c_min"": 138, ""c_max"": 217}",
n20_os0.2_r3_uniform_01,n20_os0.2_r3_uniform,20,7,0.2,3,uniform,patterson_albracht,pli,optimal,108,108,0.0,0.555,0.006,128.0,49.0,"{""c_min"": 107, ""c_max"": 135}",
n20_os0.2_r3_uniform_01,n20_os0.2_r3_uniform,20,7,0.2,3,uniform,ritt_costa,pli,optimal,108,108,0.0,0.367,0.008,157.0,135.0,"{""c_min"": 107, ""c_max"": 135}",
n20_os0.2_r3_uniform_02,n20_os0.2_r3_uniform,20,7,0.2,3,uniform,patterson_albracht,pli,optimal,128,128,0.0,1.236,0.006,131.0,44.0,"{""c_min"": 126, ""c_max"": 210}",
n20_os0.2_r3_uniform_02,n20_os0.2_r3_uniform,20,7,0.2,3,uniform,ritt_costa,pli,optimal,128,128,0.0,1.301,0.01,216.0,124.0,"{""c_min"": 126, ""c_max"": 210}",
n20_os0.2_r3_uniform_03,n20_os0.2_r3_uniform,20,7,0.2,3,uniform,patterson_albracht,pli,optimal,140,140,0.0,0.218,0.007,127.0,46.0,"{""c_min"": 140, ""c_max"": 199}",
n20_os0.2_r3_uniform_03,n20_os0.2_r3_uniform,20,7,0.2,3,uniform,ritt_costa,pli,optimal,140,140,0.0,0.086,0.009,187.0,121.0,"{""c_min"": 140, ""c_max"": 199}",
n20_os0.2_r3_uniform_04,n20_os0.2_r3_uniform,20,7,0.2,3,uniform,patterson_albracht,pli,optimal,161,161,0.0,0.772,0.006,124.0,49.0,"{""c_min"": 160, ""c_max"": 180}",
n20_os0.2_r3_uniform_04,n20_os0.2_r3_uniform,20,7,0.2,3,uniform,ritt_costa,pli,optimal,161,161,0.0,0.856,0.007,145.0,125.0,"{""c_min"": 160, ""c_max"": 180}",
n20_os0.2_r3_uniform_05,n20_os0.2_r3_uniform,20,7,0.2053,3,uniform,patterson_albracht,pli,optimal,157,157,0.0,0.116,0.006,128.0,50.0,"{""c_min"": 157, ""c_max"": 204}",
n20_os0.2_r3_uniform_05,n20_os0.2_r3_uniform,20,7,0.2053,3,uniform,ritt_costa,pli,optimal,157,157,0.0,0.174,0.009,176.0,144.0,"{""c_min"": 157, ""c_max"": 204}",
n20_os0.2_r3_uniform_06,n20_os0.2_r3_uniform,20,7,0.2,3,uniform,patterson_albracht,pli,optimal,152,152,0.0,0.159,0.006,129.0,46.0,"{""c_min"": 152, ""c_max"": 236}",
n20_os0.2_r3_uniform_06,n20_os0.2_r3_uniform,20,7,0.2,3,uniform,ritt_costa,pli,optimal,152,152,0.0,0.139,0.01,214.0,128.0,"{""c_min"": 152, ""c_max"": 236}",
n20_os0.2_r3_uniform_07,n20_os0.2_r3_uniform,20,7,0.2053,3,uniform,patterson_albracht,pli,optimal,146,146,0.0,0.582,0.006,132.0,46.0,"{""c_min"": 145, ""c_max"": 206}",
n20_os0.2_r3_uniform_07,n20_os0.2_r3_uniform,20,7,0.2053,3,uniform,ritt_costa,pli,optimal,146,146,0.0,0.934,0.009,194.0,136.0,"{""c_min"": 145, ""c_max"": 206}",
n20_os0.2_r3_uniform_08,n20_os0.2_r3_uniform,20,7,0.2158,3,uniform,patterson_albracht,pli,optimal,100,100,0.0,0.073,0.006,135.0,47.0,"{""c_min"": 100, ""c_max"": 157}",
n20_os0.2_r3_uniform_08,n20_os0.2_r3_uniform,20,7,0.2158,3,uniform,ritt_costa,pli,optimal,100,100,0.0,0.107,0.009,193.0,143.0,"{""c_min"": 100, ""c_max"": 157}",
n20_os0.2_r3_uniform_09,n20_os0.2_r3_uniform,20,7,0.2,3,uniform,patterson_albracht,pli,optimal,165,165,0.0,0.683,0.006,131.0,45.0,"{""c_min"": 164, ""c_max"": 253}",
n20_os0.2_r3_uniform_09,n20_os0.2_r3_uniform,20,7,0.2,3,uniform,ritt_costa,pli,optimal,165,165,0.0,0.677,0.01,221.0,128.0,"{""c_min"": 164, ""c_max"": 253}",
n20_os0.2_r3_uniform_10,n20_os0.2_r3_uniform,20,7,0.2105,3,uniform,patterson_albracht,pli,optimal,156,156,0.0,1.201,0.006,126.0,46.0,"{""c_min"": 154, ""c_max"": 210}",
n20_os0.2_r3_uniform_10,n20_os0.2_r3_uniform,20,7,0.2105,3,uniform,ritt_costa,pli,optimal,156,156,0.0,0.283,0.008,183.0,121.0,"{""c_min"": 154, ""c_max"": 210}",
n20_os0.2_r3_uniform_11,n20_os0.2_r3_uniform,20,7,0.2105,3,uniform,patterson_albracht,pli,optimal,126,126,0.0,0.232,0.005,126.0,45.0,"{""c_min"": 124, ""c_max"": 183}",
n20_os0.2_r3_uniform_11,n20_os0.2_r3_uniform,20,7,0.2105,3,uniform,ritt_costa,pli,optimal,126,126,0.0,0.307,0.011,186.0,121.0,"{""c_min"": 124, ""c_max"": 183}",
n20_os0.2_r3_uniform_12,n20_os0.2_r3_uniform,20,7,0.2105,3,uniform,patterson_albracht,pli,optimal,117,117,0.0,0.837,0.007,129.0,50.0,"{""c_min"": 117, ""c_max"": 170}",
n20_os0.2_r3_uniform_12,n20_os0.2_r3_uniform,20,7,0.2105,3,uniform,ritt_costa,pli,optimal,117,117,0.0,0.438,0.013,183.0,147.0,"{""c_min"": 117, ""c_max"": 170}",
n20_os0.2_r3_uniform_13,n20_os0.2_r3_uniform,20,7,0.2158,3,uniform,patterson_albracht,pli,optimal,157,157,0.0,0.602,0.007,129.0,50.0,"{""c_min"": 151, ""c_max"": 249}",
n20_os0.2_r3_uniform_13,n20_os0.2_r3_uniform,20,7,0.2158,3,uniform,ritt_costa,pli,optimal,157,157,0.0,0.701,0.013,228.0,153.0,"{""c_min"": 151, ""c_max"": 249}",
n20_os0.2_r3_uniform_14,n20_os0.2_r3_uniform,20,7,0.2,3,uniform,patterson_albracht,pli,optimal,143,143,0.0,1.503,0.007,126.0,47.0,"{""c_min"": 142, ""c_max"": 184}",
n20_os0.2_r3_uniform_14,n20_os0.2_r3_uniform,20,7,0.2,3,uniform,ritt_costa,pli,optimal,143,143,0.0,1.283,0.007,169.0,122.0,"{""c_min"": 142, ""c_max"": 184}",
n20_os0.2_r3_uniform_15,n20_os0.2_r3_uniform,20,7,0.2,3,uniform,patterson_albracht,pli,optimal,181,181,0.0,3.704,0.007,127.0,48.0,"{""c_min"": 177, ""c_max"": 245}",
n20_os0.2_r3_uniform_15,n20_os0.2_r3_uniform,20,7,0.2,3,uniform,ritt_costa,pli,optimal,181,181,0.0,2.132,0.009,196.0,132.0,"{""c_min"": 177, ""c_max"": 245}",
n20_os0.2_r3_uniform_16,n20_os0.2_r3_uniform,20,7,0.2,3,uniform,patterson_albracht,pli,optimal,171,171,0.0,0.752,0.007,127.0,49.0,"{""c_min"": 170, ""c_max"": 219}",
n20_os0.2_r3_uniform_16,n20_os0.2_r3_uniform,20,7,0.2,3,uniform,ritt_costa,pli,optimal,171,171,0.0,0.496,0.009,177.0,134.0,"{""c_min"": 170, ""c_max"": 219}",
n20_os0.2_r3_uniform_17,n20_os0.2_r3_uniform,20,7,0.2158,3,uniform,patterson_albracht,pli,optimal,145,145,0.0,0.19,0.006,132.0,49.0,"{""c_min"": 137, ""c_max"": 201}",
n20_os0.2_r3_uniform_17,n20_os0.2_r3_uniform,20,7,0.2158,3,uniform,ritt_costa,pli,optimal,145,145,0.0,0.224,0.01,197.0,147.0,"{""c_min"": 137, ""c_max"": 201}",
n20_os0.2_r3_uniform_18,n20_os0.2_r3_uniform,20,7,0.2053,3,uniform,patterson_albracht,pli,optimal,118,118,0.0,1.174,0.006,136.0,47.0,"{""c_min"": 117, ""c_max"": 212}",
n20_os0.2_r3_uniform_18,n20_os0.2_r3_uniform,20,7,0.2053,3,uniform,ritt_costa,pli,optimal,118,118,0.0,0.568,0.012,232.0,154.0,"{""c_min"": 117, ""c_max"": 212}",
n20_os0.2_r3_uniform_19,n20_os0.2_r3_uniform,20,7,0.2,3,uniform,patterson_albracht,pli,optimal,172,172,0.0,0.899,0.007,129.0,51.0,"{""c_min"": 168, ""c_max"": 221}",
n20_os0.2_r3_uniform_19,n20_os0.2_r3_uniform,20,7,0.2,3,uniform,ritt_costa,pli,optimal,172,172,0.0,0.787,0.009,183.0,147.0,"{""c_min"": 168, ""c_max"": 221}",
n20_os0.2_r3_uniform_20,n20_os0.2_r3_uniform,20,7,0.2105,3,uniform,patterson_albracht,pli,optimal,135,135,0.0,0.254,0.007,128.0,47.0,"{""c_min"": 133, ""c_max"": 174}",
n20_os0.2_r3_uniform_20,n20_os0.2_r3_uniform,20,7,0.2105,3,uniform,ritt_costa,pli,optimal,135,135,0.0,0.329,0.008,170.0,126.0,"{""c_min"": 133, ""c_max"": 174}",
n20_os0.2_r3_uniform_21,n20_os0.2_r3_uniform,20,7,0.2105,3,uniform,patterson_albracht,pli,optimal,174,174,0.0,0.565,0.006,131.0,47.0,"{""c_min"": 172, ""c_max"": 265}",
n20_os0.2_r3_uniform_21,n20_os0.2_r3_uniform,20,7,0.2105,3,uniform,ritt_costa,pli,optimal,174,174,0.0,0.315,0.012,225.0,147.0,"{""c_min"": 172, ""c_max"": 265}",
n20_os0.2_r3_uniform_22,n20_os0.2_r3_uniform,20,7,0.2,3,uniform,patterson_albracht,pli,optimal,133,133,0.0,3.745,0.006,132.0,43.0,"{""c_min"": 131, ""c_max"": 214}",
n20_os0.2_r3_uniform_22,n20_os0.2_r3_uniform,20,7,0.2,3,uniform,ritt_costa,pli,optimal,133,133,0.0,2.162,0.01,216.0,119.0,"{""c_min"": 131, ""c_max"": 214}",
n20_os0.2_r3_uniform_23,n20_os0.2_r3_uniform,20,7,0.2,3,uniform,patterson_albracht,pli,optimal,128,128,0.0,1.145,0.007,132.0,47.0,"{""c_min"": 127, ""c_max"": 193}",
n20_os0.2_r3_uniform_23,n20_os0.2_r3_uniform,20,7,0.2,3,uniform,ritt_costa,pli,optimal,128,128,0.0,0.337,0.009,199.0,141.0,"{""c_min"": 127, ""c_max"": 193}",
n20_os0.2_r3_uniform_24,n20_os0.2_r3_uniform,20,7,0.2053,3,uniform,patterson_albracht,pli,optimal,155,155,0.0,0.584,0.007,125.0,47.0,"{""c_min"": 154, ""c_max"": 213}",
n20_os0.2_r3_uniform_24,n20_os0.2_r3_uniform,20,7,0.2053,3,uniform,ritt_costa,pli,optimal,155,155,0.0,0.485,0.008,185.0,125.0,"{""c_min"": 154, ""c_max"": 213}",
n20_os0.2_r6_uniform_00,n20_os0.2_r6_uniform,20,3,0.2105,6,uniform,patterson_albracht,pli,optimal,260,260,0.0,0.021,0.003,54.0,41.0,"{""c_min"": 260, ""c_max"": 288}",
n20_os0.2_r6_uniform_00,n20_os0.2_r6_uniform,20,3,0.2105,6,uniform,ritt_costa,pli,optimal,260,260,0.0,0.021,0.003,83.0,49.0,"{""c_min"": 260, ""c_max"": 288}",
n20_os0.2_r6_uniform_01,n20_os0.2_r6_uniform,20,3,0.2053,6,uniform,patterson_albracht,pli,optimal,373,373,0.0,0.034,0.003,59.0,42.0,"{""c_min"": 373, ""c_max"": 404}",
n20_os0.2_r6_uniform_01,n20_os0.2_r6_uniform,20,3,0.2053,6,uniform,ritt_costa,pli,optimal,373,373,0.0,0.029,0.003,91.0,58.0,"{""c_min"": 373, ""c_max"": 404}",
n20_os0.2_r6_uniform_02,n20_os0.2_r6_uniform,20,3,0.2105,6,uniform,patterson_albracht,pli,optimal,357,357,0.0,0.017,0.003,58.0,41.0,"{""c_min"": 357, ""c_max"": 386}",
n20_os0.2_r6_uniform_02,n20_os0.2_r6_uniform,20,3,0.2105,6,uniform,ritt_costa,pli,optimal,357,357,0.0,0.019,0.003,88.0,52.0,"{""c_min"": 357, ""c_max"": 386}",
n20_os0.2_r6_uniform_03,n20_os0.2_r6_uniform,20,3,0.2,6,uniform,patterson_albracht,pli,optimal,404,404,0.0,0.022,0.003,59.0,44.0,"{""c_min"": 404, ""c_max"": 455}",
n20_os0.2_r6_uniform_03,n20_os0.2_r6_uniform,20,3,0.2,6,uniform,ritt_costa,pli,optimal,404,404,0.0,0.081,0.004,111.0,61.0,"{""c_min"": 404, ""c_max"": 455}",
n20_os0.2_r6_uniform_04,n20_os0.2_r6_uniform,20,3,0.2,6,uniform,patterson_albracht,pli,optimal,339,339,0.0,0.027,0.004,60.0,45.0,"{""c_min"": 339, ""c_max"": 389}",
n20_os0.2_r6_uniform_04,n20_os0.2_r6_uniform,20,3,0.2,6,uniform,ritt_costa,pli,optimal,339,339,0.0,0.03,0.004,111.0,70.0,"{""c_min"": 339, ""c_max"": 389}",
n20_os0.2_r6_uniform_05,n20_os0.2_r6_uniform,20,3,0.2,6,uniform,patterson_albracht,pli,optimal,372,372,0.0,0.023,0.003,58.0,42.0,"{""c_min"": 372, ""c_max"": 424}",
n20_os0.2_r6_uniform_05,n20_os0.2_r6_uniform,20,3,0.2,6,uniform,ritt_costa,pli,optimal,372,372,0.0,0.087,0.004,111.0,56.0,"{""c_min"": 372, ""c_max"": 424}",
n20_os0.2_r6_uniform_06,n20_os0.2_r6_uniform,20,3,0.2,6,uniform,patterson_albracht,pli,optimal,276,276,0.0,0.026,0.003,59.0,43.0,"{""c_min"": 276, ""c_max"": 292}",
n20_os0.2_r6_uniform_06,n20_os0.2_r6_uniform,20,3,0.2,6,uniform,ritt_costa,pli,optimal,276,276,0.0,0.015,0.003,76.0,62.0,"{""c_min"": 276, ""c_max"": 292}",
n20_os0.2_r6_uniform_07,n20_os0.2_r6_uniform,20,3,0.2,6,uniform,patterson_albracht,pli,optimal,307,307,0.0,0.04,0.003,59.0,41.0,"{""c_min"": 307, ""c_max"": 363}",
n20_os0.2_r6_uniform_07,n20_os0.2_r6_uniform,20,3,0.2,6,uniform,ritt_costa,pli,optimal,307,307,0.0,0.039,0.004,116.0,58.0,"{""c_min"": 307, ""c_max"": 363}",
n20_os0.2_r6_uniform_08,n20_os0.2_r6_uniform,20,3,0.2105,6,uniform,patterson_albracht,pli,optimal,230,230,0.0,0.019,0.003,57.0,42.0,"{""c_min"": 230, ""c_max"": 284}",
n20_os0.2_r6_uniform_08,n20_os0.2_r6_uniform,20,3,0.2105,6,uniform,ritt_costa,pli,optimal,230,230,0.0,0.019,0.004,112.0,57.0,"{""c_min"": 230, ""c_max"": 284}",
n20_os0.2_r6_uniform_09,n20_os0.2_r6_uniform,20,3,0.2053,6,uniform,patterson_albracht,pli,optimal,417,417,0.0,0.08,0.005,60.0,45.0,"{""c_min"": 417, ""c_max"": 497}",
n20_os0.2_r6_uniform_09,n20_os0.2_r6_uniform,20,3,0.2053,6,uniform,ritt_costa,pli,optimal,417,417,0.0,0.131,0.005,141.0,68.0,"{""c_min"": 417, ""c_max"": 497}",
n20_os0.2_r6_uniform_10,n20_os0.2_r6_uniform,20,3,0.2,6,uniform,patterson_albracht,pli,optimal,389,389,0.0,0.069,0.003,58.0,42.0,"{""c_min"": 389, ""c_max"": 417}",
n20_os0.2_r6_uniform_10,n20_os0.2_r6_uniform,20,3,0.2,6,uniform,ritt_costa,pli,optimal,389,389,0.0,0.055,0.003,87.0,56.0,"{""c_min"": 389, ""c_max"": 417}",
n20_os0.2_r6_uniform_11,n20_os0.2_r6_uniform,20,3,0.2,6,uniform,patterson_albracht,pli,optimal,398,398,0.0,0.024,0.003,61.0,40.0,"{""c_min"": 398, ""c_max"": 456}",
n20_os0.2_r6_uniform_11,n20_os0.2_r6_uniform,20,3,0.2,6,uniform,ritt_costa,pli,optimal,398,398,0.0,0.048,0.004,120.0,61.0,"{""c_min"": 398, ""c_max"": 456}",
n20_os0.2_r6_uniform_12,n20_os0.2_r6_uniform,20,3,0.2,6,uniform,patterson_albracht,pli,optimal,345,345,0.0,0.025,0.003,60.0,44.0,"{""c_min"": 345, ""c_max"": 409}",
n20_os0.2_r6_uniform_12,n20_os0.2_r6_uniform,20,3,0.2,6,uniform,ritt_costa,pli,optimal,345,345,0.0,0.14,0.004,125.0,67.0,"{""c_min"": 345, ""c_max"": 409}",
n20_os0.2_r6_uniform_13,n20_os0.2_r6_uniform,20,3,0.2053,6,uniform,patterson_albracht,pli,optimal,308,308,0.0,0.011,0.003,60.0,45.0,"{""c_min"": 308, ""c_max"": 377}",
n20_os0.2_r6_uniform_13,n20_os0.2_r6_uniform,20,3,0.2053,6,uniform,ritt_costa,pli,optimal,308,308,0.0,0.021,0.005,130.0,69.0,"{""c_min"": 308, ""c_max"": 377}",
n20_os0.2_r6_uniform_14,n20_os0.2_r6_uniform,20,3,0.2053,6,uniform,patterson_albracht,pli,optimal,296,296,0.0,0.033,0.004,58.0,45.0,"{""c_min"": 296, ""c_max"": 312}",
n20_os0.2_r6_uniform_14,n20_os0.2_r6_uniform,20,3,0.2053,6,uniform,ritt_costa,pli,optimal,296,296,0.0,0.023,0.003,75.0,61.0,"{""c_min"": 296, ""c_max"": 312}",
n20_os0.2_r6_uniform_15,n20_os0.2_r6_uniform,20,3,0.2053,6,uniform,patterson_albracht,pli,optimal,444,444,0.0,0.069,0.003,58.0,47.0,"{""c_min"": 444, ""c_max"": 484}",
n20_os0.2_r6_uniform_15,n20_os0.2_r6_uniform,20,3,0.2053,6,uniform,ritt_costa,pli,optimal,444,444,0.0,0.08,0.003,99.0,64.0,"{""c_min"": 444, ""c_max"": 484}",
n20_os0.2_r6_uniform_16,n20_os0.2_r6_uniform,20,3,0.2,6,uniform,patterson_albracht,pli,optimal,340,340,0.0,0.026,0.003,58.0,41.0,"{""c_min"": 340, ""c_max"": 381}",
n20_os0.2_r6_uniform_16,n20_os0.2_r6_uniform,20,3,0.2,6,uniform,ritt_costa,pli,optimal,340,340,0.0,0.019,0.003,100.0,56.0,"{""c_min"": 340, ""c_max"": 381}",
n20_os0.2_r6_uniform_17,n20_os0.2_r6_uniform,20,3,0.2053,6,uniform,patterson_albracht,pli,optimal,400,400,0.0,0.037,0.003,58.0,41.0,"{""c_min"": 400, ""c_max"": 445}",
n20_os0.2_r6_uniform_17,n20_os0.2_r6_uniform,20,3,0.2053,6,uniform,ritt_costa,pli,optimal,400,400,0.0,0.078,0.003,104.0,54.0,"{""c_min"": 400, ""c_max"": 445}",
n20_os0.2_r6_uniform_18,n20_os0.2_r6_uniform,20,3,0.2,6,uniform,patterson_albracht,pli,optimal,321,321,0.0,0.038,0.003,59.0,43.0,"{""c_min"": 321, ""c_max"": 390}",
n20_os0.2_r6_uniform_18,n20_os0.2_r6_uniform,20,3,0.2,6,uniform,ritt_costa,pli,optimal,321,321,0.0,0.04,0.004,129.0,62.0,"{""c_min"": 321, ""c_max"": 390}",
n20_os0.2_r6_uniform_19,n20_os0.2_r6_uniform,20,3,0.2,6,uniform,patterson_albracht,pli,optimal,270,270,0.0,0.035,0.004,60.0,47.0,"{""c_min"": 270, ""c_max"": 335}",
n20_os0.2_r6_uniform_19,n20_os0.2_r6_uniform,20,3,0.2,6,uniform,ritt_costa,pli,optimal,270,270,0.0,0.046,0.005,126.0,72.0,"{""c_min"": 270, ""c_max"": 335}",
n20_os0.2_r6_uniform_20,n20_os0.2_r6_uniform,20,3,0.2158,6,uniform,patterson_albracht,pli,optimal,366,366,0.0,0.093,0.003,59.0,47.0,"{""c_min"": 366, ""c_max"": 394}",
n20_os0.2_r6_uniform_20,n20_os0.2_r6_uniform,20,3,0.2158,6,uniform,ritt_costa,pli,optimal,366,366,0.0,0.034,0.004,88.0,67.0,"{""c_min"": 366, ""c_max"": 394}",
n20_os0.2_r6_uniform_21,n20_os0.2_r6_uniform,20,3,0.2105,6,uniform,patterson_albracht,pli,optimal,342,342,0.0,0.05,0.003,57.0,46.0,"{""c_min"": 342, ""c_max"": 394}",
n20_os0.2_r6_uniform_21,n20_os0.2_r6_uniform,20,3,0.2105,6,uniform,ritt_costa,pli,optimal,342,342,0.0,0.064,0.004,110.0,62.0,"{""c_min"": 342, ""c_max"": 394}",
n20_os0.2_r6_uniform_22,n20_os0.2_r6_uniform,20,3,0.2,6,uniform,patterson_albracht,pli,optimal,319,319,0.0,0.048,0.003,60.0,49.0,"{""c_min"": 319, ""c_max"": 373}",
n20_os0.2_r6_uniform_22,n20_os0.2_r6_uniform,20,3,0.2,6,uniform,ritt_costa,pli,optimal,319,319,0.0,0.095,0.004,115.0,74.0,"{""c_min"": 319, ""c_max"": 373}",
n20_os0.2_r6_uniform_23,n20_os0.2_r6_uniform,20,3,0.2053,6,uniform,patterson_albracht,pli,optimal,320,320,0.0,0.04,0.003,57.0,44.0,"{""c_min"": 320, ""c_max"": 342}",
n20_os0.2_r6_uniform_23,n20_os0.2_r6_uniform,20,3,0.2053,6,uniform,ritt_costa,pli,optimal,320,320,0.0,0.025,0.003,80.0,58.0,"{""c_min"": 320, ""c_max"": 342}",
n20_os0.2_r6_uniform_24,n20_os0.2_r6_uniform,20,3,0.2,6,uniform,patterson_albracht,pli,optimal,258,258,0.0,0.035,0.003,56.0,42.0,"{""c_min"": 258, ""c_max"": 302}",
n20_os0.2_r6_uniform_24,n20_os0.2_r6_uniform,20,3,0.2,6,uniform,ritt_costa,pli,optimal,258,258,0.0,0.021,0.003,101.0,53.0,"{""c_min"": 258, ""c_max"": 302}",
n20_os0.2_r10_uniform_00,n20_os0.2_r10_uniform,20,2,0.2,10,uniform,patterson_albracht,pli,optimal,534,534,0.0,0.013,0.002,39.0,43.0,"{""c_min"": 534, ""c_max"": 546}",
n20_os0.2_r10_uniform_00,n20_os0.2_r10_uniform,20,2,0.2,10,uniform,ritt_costa,pli,optimal,534,534,0.0,0.009,0.002,52.0,38.0,"{""c_min"": 534, ""c_max"": 546}",
n20_os0.2_r10_uniform_01,n20_os0.2_r10_uniform,20,2,0.2053,10,uniform,patterson_albracht,pli,optimal,609,609,0.0,0.021,0.002,41.0,42.0,"{""c_min"": 609, ""c_max"": 649}",
n20_os0.2_r10_uniform_01,n20_os0.2_r10_uniform,20,2,0.2053,10,uniform,ritt_costa,pli,optimal,609,609,0.0,0.017,0.004,82.0,44.0,"{""c_min"": 609, ""c_max"": 649}",
n20_os0.2_r10_uniform_02,n20_os0.2_r10_uniform,20,2,0.2053,10,uniform,patterson_albracht,pli,optimal,486,486,0.0,0.019,0.002,41.0,42.0,"{""c_min"": 486, ""c_max"": 546}",
n20_os0.2_r10_uniform_02,n20_os0.2_r10_uniform,20,2,0.2053,10,uniform,ritt_costa,pli,optimal,486,486,0.0,0.019,0.003,102.0,45.0,"{""c_min"": 486, ""c_max"": 546}",
n20_os0.2_r10_uniform_03,n20_os0.2_r10_uniform,20,2,0.2,10,uniform,patterson_albracht,pli,optimal,556,556,0.0,0.017,0.004,40.0,42.0,"{""c_min"": 556, ""c_max"": 585}",
n20_os0.2_r10_uniform_03,n20_os0.2_r10_uniform,20,2,0.2,10,uniform,ritt_costa,pli,optimal,556,556,0.0,0.014,0.002,70.0,40.0,"{""c_min"": 556, ""c_max"": 585}",
n20_os0.2_r10_uniform_04,n20_os0.2_r10_uniform,20,2,0.2053,10,uniform,patterson_albracht,pli,optimal,465,465,0.0,0.013,0.002,39.0,39.0,"{""c_min"": 465, ""c_max"": 483}",
n20_os0.2_r10_uniform_04,n20_os0.2_r10_uniform,20,2,0.2053,10,uniform,ritt_costa,pli,optimal,465,465,0.0,0.034,0.002,58.0,37.0,"{""c_min"": 465, ""c_max"": 483}",
n20_os0.2_r10_uniform_05,n20_os0.2_r10_uniform,20,2,0.2,10,uniform,patterson_albracht,pli,optimal,339,339,0.0,0.012,0.003,41.0,47.0,"{""c_min"": 339, ""c_max"": 368}",
n20_os0.2_r10_uniform_05,n20_os0.2_r10_uniform,20,2,0.2,10,uniform,ritt_costa,pli,optimal,339,339,0.0,0.013,0.002,71.0,49.0,"{""c_min"": 339, ""c_max"": 368}",
n20_os0.2_r10_uniform_06,n20_os0.2_r10_uniform,20,2,0.2053,10,uniform,patterson_albracht,pli,optimal,430,430,0.0,0.015,0.004,41.0,42.0,"{""c_min"": 430, ""c_max"": 466}",
n20_os0.2_r10_uniform_06,n20_os0.2_r10_uniform,20,2,0.2053,10,uniform,ritt_costa,pli,optimal,430,430,0.0,0.032,0.003,78.0,45.0,"{""c_min"": 430, ""c_max"": 466}",
n20_os0.2_r10_uniform_07,n20_os0.2_r10_uniform,20,2,0.2158,10,uniform,patterson_albracht,pli,optimal,538,538,0.0,0.027,0.003,41.0,46.0,"{""c_min"": 538, ""c_max"": 587}",
n20_os0.2_r10_uniform_07,n20_os0.2_r10_uniform,20,2,0.2158,10,uniform,ritt_costa,pli,optimal,538,538,0.0,0.019,0.003,91.0,48.0,"{""c_min"": 538, ""c_max"": 587}",
n20_os0.2_r10_uniform_08,n20_os0.2_r10_uniform,20,2,0.2053,10,uniform,patterson_albracht,pli,optimal,510,510,0.0,0.013,0.002,41.0,40.0,"{""c_min"": 510, ""c_max"": 572}",
n20_os0.2_r10_uniform_08,n20_os0.2_r10_uniform,20,2,0.2053,10,uniform,ritt_costa,pli,optimal,510,510,0.0,0.016,0.003,104.0,42.0,"{""c_min"": 510, ""c_max"": 572}",
n20_os0.2_r10_uniform_09,n20_os0.2_r10_uniform,20,2,0.2105,10,uniform,patterson_albracht,pli,optimal,453,453,0.0,0.012,0.002,40.0,42.0,"{""c_min"": 453, ""c_max"": 468}",
n20_os0.2_r10_uniform_09,n20_os0.2_r10_uniform,20,2,0.2105,10,uniform,ritt_costa,pli,optimal,453,453,0.0,0.016,0.002,56.0,42.0,"{""c_min"": 453, ""c_max"": 468}",
n20_os0.2_r10_uniform_10,n20_os0.2_r10_uniform,20,2,0.2,10,uniform,patterson_albracht,pli,optimal,494,494,0.0,0.011,0.002,41.0,39.0,"{""c_min"": 494, ""c_max"": 496}",
n20_os0.2_r10_uniform_10,n20_os0.2_r10_uniform,20,2,0.2,10,uniform,ritt_costa,pli,optimal,494,494,0.0,0.013,0.002,44.0,41.0,"{""c_min"": 494, ""c_max"": 496}",
n20_os0.2_r10_uniform_11,n20_os0.2_r10_uniform,20,2,0.2,10,uniform,patterson_albracht,pli,optimal,492,492,0.0,0.013,0.003,41.0,46.0,"{""c_min"": 492, ""c_max"": 502}",
n20_os0.2_r10_uniform_11,n20_os0.2_r10_uniform,20,2,0.2,10,uniform,ritt_costa,pli,optimal,492,492,0.0,0.007,0.002,52.0,48.0,"{""c_min"": 492, ""c_max"": 502}",
n20_os0.2_r10_uniform_12,n20_os0.2_r10_uniform,20,2,0.2105,10,uniform,patterson_albracht,pli,optimal,642,642,0.0,0.013,0.002,41.0,42.0,"{""c_min"": 642, ""c_max"": 685}",
n20_os0.2_r10_uniform_12,n20_os0.2_r10_uniform,20,2,0.2105,10,uniform,ritt_costa,pli,optimal,642,642,0.0,0.016,0.003,85.0,44.0,"{""c_min"": 642, ""c_max"": 685}",
n20_os0.2_r10_uniform_13,n20_os0.2_r10_uniform,20,2,0.2105,10,uniform,patterson_albracht,pli,optimal,552,552,0.0,0.017,0.002,40.0,41.0,"{""c_min"": 552, ""c_max"": 572}",
n20_os0.2_r10_uniform_13,n20_os0.2_r10_uniform,20,2,0.2105,10,uniform,ritt_costa,pli,optimal,552,552,0.0,0.016,0.003,61.0,41.0,"{""c_min"": 552, ""c_max"": 572}",
n20_os0.2_r10_uniform_14,n20_os0.2_r10_uniform,20,2,0.2158,10,uniform,patterson_albracht,pli,optimal,500,500,0.0,0.052,0.002,41.0,40.0,"{""c_min"": 500, ""c_max"": 532}",
n20_os0.2_r10_uniform_14,n20_os0.2_r10_uniform,20,2,0.2158,10,uniform,ritt_costa,pli,optimal,500,500,0.0,0.016,0.002,74.0,42.0,"{""c_min"": 500, ""c_max"": 532}",
n20_os0.2_r10_uniform_15,n20_os0.2_r10_uniform,20,2,0.2,10,uniform,patterson_albracht,pli,optimal,598,598,0.0,0.014,0.003,41.0,44.0,"{""c_min"": 598, ""c_max"": 661}",
n20_os0.2_r10_uniform_15,n20_os0.2_r10_uniform,20,2,0.2,10,uniform,ritt_costa,pli,optimal,598,598,0.0,0.015,0.003,105.0,47.0,"{""c_min"": 598, ""c_max"": 661}",
n20_os0.2_r10_uniform_16,n20_os0.2_r10_uniform,20,2,0.2,10,uniform,patterson_albracht,pli,optimal,575,575,0.0,0.018,0.002,40.0,42.0,"{""c_min"": 575, ""c_max"": 641}",
n20_os0.2_r10_uniform_16,n20_os0.2_r10_uniform,20,2,0.2,10,uniform,ritt_costa,pli,optimal,575,575,0.0,0.016,0.003,107.0,42.0,"{""c_min"": 575, ""c_max"": 641}",
n20_os0.2_r10_uniform_17,n20_os0.2_r10_uniform,20,2,0.2,10,uniform,patterson_albracht,pli,optimal,536,536,0.0,0.011,0.002,41.0,41.0,"{""c_min"": 536, ""c_max"": 556}",
n20_os0.2_r10_uniform_17,n20_os0.2_r10_uniform,20,2,0.2,10,uniform,ritt_costa,pli,optimal,536,536,0.0,0.014,0.002,62.0,43.0,"{""c_min"": 536, ""c_max"": 556}",
n20_os0.2_r10_uniform_18,n20_os0.2_r10_uniform,20,2,0.2,10,uniform,patterson_albracht,pli,optimal,479,479,0.0,0.013,0.002,41.0,42.0,"{""c_min"": 479, ""c_max"": 548}",
n20_os0.2_r10_uniform_18,n20_os0.2_r10_uniform,20,2,0.2,10,uniform,ritt_costa,pli,optimal,479,479,0.0,0.016,0.003,111.0,44.0,"{""c_min"": 479, ""c_max"": 548}",
n20_os0.2_r10_uniform_19,n20_os0.2_r10_uniform,20,2,0.2,10,uniform,patterson_albracht,pli,optimal,551,551,0.0,0.045,0.003,41.0,40.0,"{""c_min"": 551, ""c_max"": 574}",
n20_os0.2_r10_uniform_19,n20_os0.2_r10_uniform,20,2,0.2,10,uniform,ritt_costa,pli,optimal,551,551,0.0,0.017,0.002,65.0,42.0,"{""c_min"": 551, ""c_max"": 574}",
n20_os0.2_r10_uniform_20,n20_os0.2_r10_uniform,20,2,0.2105,10,uniform,patterson_albracht,pli,optimal,385,385,0.0,0.005,0.002,39.0,40.0,"{""c_min"": 385, ""c_max"": 405}",
n20_os0.2_r10_uniform_20,n20_os0.2_r10_uniform,20,2,0.2105,10,uniform,ritt_costa,pli,optimal,385,385,0.0,0.014,0.002,60.0,37.0,"{""c_min"": 385, ""c_max"": 405}",
n20_os0.2_r10_uniform_21,n20_os0.2_r10_uniform,20,2,0.2,10,uniform,patterson_albracht,pli,optimal,573,573,0.0,0.018,0.002,41.0,41.0,"{""c_min"": 573, ""c_max"": 619}",
n20_os0.2_r10_uniform_21,n20_os0.2_r10_uniform,20,2,0.2,10,uniform,ritt_costa,pli,optimal,573,573,0.0,0.045,0.003,88.0,43.0,"{""c_min"": 573, ""c_max"": 619}",
n20_os0.2_r10_uniform_22,n20_os0.2_r10_uniform,20,2,0.2,10,uniform,patterson_albracht,pli,optimal,464,464,0.0,0.012,0.002,41.0,41.0,"{""c_min"": 464, ""c_max"": 468}",
n20_os0.2_r10_uniform_22,n20_os0.2_r10_uniform,20,2,0.2,10,uniform,ritt_costa,pli,optimal,464,464,0.0,0.01,0.002,46.0,43.0,"{""c_min"": 464, ""c_max"": 468}",
n20_os0.2_r10_uniform_23,n20_os0.2_r10_uniform,20,2,0.2105,10,uniform,patterson_albracht,pli,optimal,528,528,0.0,0.021,0.003,41.0,45.0,"{""c_min"": 528, ""c_max"": 551}",
n20_os0.2_r10_uniform_23,n20_os0.2_r10_uniform,20,2,0.2105,10,uniform,ritt_costa,pli,optimal,528,528,0.0,0.024,0.002,65.0,47.0,"{""c_min"": 528, ""c_max"": 551}",
n20_os0.2_r10_uniform_24,n20_os0.2_r10_uniform,20,2,0.2,10,uniform,patterson_albracht,pli,optimal,405,405,0.0,0.006,0.003,39.0,46.0,"{""c_min"": 405, ""c_max"": 407}",
n20_os0.2_r10_uniform_24,n20_os0.2_r10_uniform,20,2,0.2,10,uniform,ritt_costa,pli,optimal,405,405,0.0,0.009,0.002,42.0,41.0,"{""c_min"": 405, ""c_max"": 407}",
n20_os0.6_r3_uniform_00,n20_os0.6_r3_uniform,20,7,0.6,3,uniform,patterson_albracht,pli,optimal,180,180,0.0,0.152,0.006,99.0,59.0,"{""c_min"": 174, ""c_max"": 263}",
n20_os0.6_r3_uniform_00,n20_os0.6_r3_uniform,20,7,0.6,3,uniform,ritt_costa,pli,optimal,180,180,0.0,0.227,0.013,189.0,156.0,"{""c_min"": 174, ""c_max"": 263}",
n20_os0.6_r3_uniform_01,n20_os0.6_r3_uniform,20,7,0.6105,3,uniform,patterson_albracht,pli,optimal,138,138,0.0,0.041,0.005,79.0,57.0,"{""c_min"": 134, ""c_max"": 168}",
n20_os0.6_r3_uniform_01,n20_os0.6_r3_uniform,20,7,0.6105,3,uniform,ritt_costa,pli,optimal,138,138,0.0,0.043,0.006,114.0,105.0,"{""c_min"": 134, ""c_max"": 168}",
n20_os0.6_r3_uniform_02,n20_os0.6_r3_uniform,20,7,0.6,3,uniform,patterson_albracht,pli,optimal,138,138,0.0,0.079,0.006,92.0,60.0,"{""c_min"": 135, ""c_max"": 185}",
n20_os0.6_r3_uniform_02,n20_os0.6_r3_uniform,20,7,0.6,3,uniform,ritt_costa,pli,optimal,138,138,0.0,0.08,0.009,143.0,144.0,"{""c_min"": 135, ""c_max"": 185}",
n20_os0.6_r3_uniform_03,n20_os0.6_r3_uniform,20,7,0.6053,3,uniform,patterson_albracht,pli,optimal,171,171,0.0,0.111,0.005,93.0,50.0,"{""c_min"": 162, ""c_max"": 221}",
n20_os0.6_r3_uniform_03,n20_os0.6_r3_uniform,20,7,0.6053,3,uniform,ritt_costa,pli,optimal,171,171,0.0,0.155,0.009,153.0,114.0,"{""c_min"": 162, ""c_max"": 221}",
n20_os0.6_r3_uniform_04,n20_os0.6_r3_uniform,20,7,0.6053,3,uniform,patterson_albracht,pli,optimal,150,150,0.0,0.053,0.006,97.0,60.0,"{""c_min"": 146, ""c_max"": 218}",
n20_os0.6_r3_uniform_04,n20_os0.6_r3_uniform,20,7,0.6053,3,uniform,ritt_costa,pli,optimal,150,150,0.0,0.096,0.012,170.0,155.0,"{""c_min"": 146, ""c_max"": 218}",
n20_os0.6_r3_uniform_05,n20_os0.6_r3_uniform,20,7,0.6,3,uniform,patterson_albracht,pli,optimal,113,113,0.0,0.103,0.006,107.0,54.0,"{""c_min"": 110, ""c_max"": 182}",
n20_os0.6_r3_uniform_05,n20_os0.6_r3_uniform,20,7,0.6,3,uniform,ritt_costa,pli,optimal,113,113,0.0,0.103,0.012,180.0,163.0,"{""c_min"": 110, ""c_max"": 182}",
n20_os0.6_r3_uniform_06,n20_os0.6_r3_uniform,20,7,0.6053,3,uniform,patterson_albracht,pli,optimal,155,155,0.0,0.047,0.006,100.0,56.0,"{""c_min"": 145, ""c_max"": 222}",
n20_os0.6_r3_uniform_06,n20_os0.6_r3_uniform,20,7,0.6053,3,uniform,ritt_costa,pli,optimal,155,155,0.0,0.089,0.013,178.0,153.0,"{""c_min"": 145, ""c_max"": 222}",
n20_os0.6_r3_uniform_07,n20_os0.6_r3_uniform,20,7,0.6,3,uniform,patterson_albracht,pli,optimal,134,134,0.0,0.159,0.005,95.0,57.0,"{""c_min"": 131, ""c_max"": 191}",
n20_os0.6_r3_uniform_07,n20_os0.6_r3_uniform,20,7,0.6,3,uniform,ritt_costa,pli,optimal,134,134,0.0,0.142,0.01,156.0,131.0,"{""c_min"": 131, ""c_max"": 191}",
n20_os0.6_r3_uniform_08,n20_os0.6_r3_uniform,20,7,0.6,3,uniform,patterson_albracht,pli,optimal,150,150,0.0,0.034,0.005,85.0,57.0,"{""c_min"": 147, ""c_max"": 178}",
n20_os0.6_r3_uniform_08,n20_os0.6_r3_uniform,20,7,0.6,3,uniform,ritt_costa,pli,optimal,150,150,0.0,0.047,0.006,117.0,107.0,"{""c_min"": 147, ""c_max"": 178}",
n20_os0.6_r3_uniform_09,n20_os0.6_r3_uniform,20,7,0.6,3,uniform,patterson_albracht,pli,optimal,116,116,0.0,0.057,0.006,95.0,56.0,"{""c_min"": 109, ""c_max"": 163}",
n20_os0.6_r3_uniform_09,n20_os0.6_r3_uniform,20,7,0.6,3,uniform,ritt_costa,pli,optimal,116,116,0.0,0.101,0.01,150.0,146.0,"{""c_min"": 109, ""c_max"": 163}",
n20_os0.6_r3_uniform_10,n20_os0.6_r3_uniform,20,7,0.6158,3,uniform,patterson_albracht,pli,optimal,142,142,0.0,0.068,0.005,91.0,55.0,"{""c_min"": 132, ""c_max"": 186}",
n20_os0.6_r3_uniform_10,n20_os0.6_r3_uniform,20,7,0.6158,3,uniform,ritt_costa,pli,optimal,142,142,0.0,0.108,0.008,146.0,126.0,"{""c_min"": 132, ""c_max"": 186}",
n20_os0.6_r3_uniform_11,n20_os0.6_r3_uniform,20,7,0.6,3,uniform,patterson_albracht,pli,optimal,181,181,0.0,0.048,0.005,90.0,53.0,"{""c_min"": 170, ""c_max"": 237}",
n20_os0.6_r3_uniform_11,n20_os0.6_r3_uniform,20,7,0.6,3,uniform,ritt_costa,pli,optimal,181,181,0.0,0.064,0.009,158.0,123.0,"{""c_min"": 170, ""c_max"": 237}",
n20_os0.6_r3_uniform_12,n20_os0.6_r3_uniform,20,7,0.6,3,uniform,patterson_albracht,pli,optimal,143,143,0.0,0.056,0.006,103.0,54.0,"{""c_min"": 135, ""c_max"": 225}",
n20_os0.6_r3_uniform_12,n20_os0.6_r3_uniform,20,7,0.6,3,uniform,ritt_costa,pli,optimal,143,143,0.0,0.096,0.014,194.0,160.0,"{""c_min"": 135, ""c_max"": 225}",
n20_os0.6_r3_uniform_13,n20_os0.6_r3_uniform,20,7,0.6053,3,uniform,patterson_albracht,pli,optimal,103,103,0.0,0.061,0.006,106.0,56.0,"{""c_min"": 99, ""c_max"": 178}",
n20_os0.6_r3_uniform_13,n20_os0.6_r3_uniform,20,7,0.6053,3,uniform,ritt_costa,pli,optimal,103,103,0.0,0.124,0.013,186.0,169.0,"{""c_min"": 99, ""c_max"": 178}",
n20_os0.6_r3_uniform_14,n20_os0.6_r3_uniform,20,7,0.6105,3,uniform,patterson_albracht,pli,optimal,167,167,0.0,0.231,0.006,92.0,59.0,"{""c_min"": 158, ""c_max"": 216}",
n20_os0.6_r3_uniform_14,n20_os0.6_r3_uniform,20,7,0.6105,3,uniform,ritt_costa,pli,optimal,167,167,0.0,0.18,0.009,151.0,143.0,"{""c_min"": 158, ""c_max"": 216}",
n20_os0.6_r3_uniform_15,n20_os0.6_r3_uniform,20,7,0.6105,3,uniform,patterson_albracht,pli,optimal,159,159,0.0,0.056,0.005,88.0,56.0,"{""c_min"": 149, ""c_max"": 197}",
n20_os0.6_r3_uniform_15,n20_os0.6_r3_uniform,20,7,0.6105,3,uniform,ritt_costa,pli,optimal,159,159,0.0,0.08,0.008,137.0,121.0,"{""c_min"": 149, ""c_max"": 197}",
n20_os0.6_r3_uniform_16,n20_os0.6_r3_uniform,20,7,0.6,3,uniform,patterson_albracht,pli,optimal,153,153,0.0,0.118,0.005,84.0,60.0,"{""c_min"": 147, ""c_max"": 180}",
n20_os0.6_r3_uniform_16,n20_os0.6_r3_uniform,20,7,0.6,3,uniform,ritt_costa,pli,optimal,153,153,0.0,0.092,0.006,118.0,108.0,"{""c_min"": 147, ""c_max"": 180}",
n20_os0.6_r3_uniform_17,n20_os0.6_r3_uniform,20,7,0.6158,3,uniform,patterson_albracht,pli,optimal,144,144,0.0,0.047,0.005,81.0,54.0,"{""c_min"": 138, ""c_max"": 166}",
n20_os0.6_r3_uniform_17,n20_os0.6_r3_uniform,20,7,0.6158,3,uniform,ritt_costa,pli,optimal,144,144,0.0,0.066,0.005,110.0,93.0,"{""c_min"": 138, ""c_max"": 166}",
n20_os0.6_r3_uniform_18,n20_os0.6_r3_uniform,20,7,0.6,3,uniform,patterson_albracht,pli,optimal,162,162,0.0,0.107,0.01,99.0,60.0,"{""c_min"": 155, ""c_max"": 241}",
n20_os0.6_r3_uniform_18,n20_os0.6_r3_uniform,20,7,0.6,3,uniform,ritt_costa,pli,optimal,162,162,0.0,0.136,0.013,186.0,162.0,"{""c_min"": 155, ""c_max"": 241}",
n20_os0.6_r3_uniform_19,n20_os0.6_r3_uniform,20,7,0.6105,3,uniform,patterson_albracht,pli,optimal,129,129,0.0,0.043,0.006,104.0,54.0,"{""c_min"": 121, ""c_max"": 205}",
n20_os0.6_r3_uniform_19,n20_os0.6_r3_uniform,20,7,0.6105,3,uniform,ritt_costa,pli,optimal,129,129,0.0,0.103,0.014,189.0,165.0,"{""c_min"": 121, ""c_max"": 205}",
n20_os0.6_r3_uniform_20,n20_os0.6_r3_uniform,20,7,0.6053,3,uniform,patterson_albracht,pli,optimal,135,135,0.0,0.199,0.005,94.0,54.0,"{""c_min"": 130, ""c_max"": 170}",
n20_os0.6_r3_uniform_20,n20_os0.6_r3_uniform,20,7,0.6053,3,uniform,ritt_costa,pli,optimal,135,135,0.0,0.227,0.008,135.0,123.0,"{""c_min"": 130, ""c_max"": 170}",
n20_os0.6_r3_uniform_21,n20_os0.6_r3_uniform,20,7,0.6158,3,uniform,patterson_albracht,pli,optimal,143,143,0.0,0.066,0.006,97.0,58.0,"{""c_min"": 138, ""c_max"": 217}",
n20_os0.6_r3_uniform_21,n20_os0.6_r3_uniform,20,7,0.6158,3,uniform,ritt_costa,pli,optimal,143,143,0.0,0.084,0.012,177.0,155.0,"{""c_min"": 138, ""c_max"": 217}",
n20_os0.6_r3_uniform_22,n20_os0.6_r3_uniform,20,7,0.6,3,uniform,patterson_albracht,pli,optimal,149,149,0.0,0.056,0.005,99.0,51.0,"{""c_min"": 130, ""c_max"": 204}",
n20_os0.6_r3_uniform_22,n20_os0.6_r3_uniform,20,7,0.6,3,uniform,ritt_costa,pli,optimal,149,149,0.0,0.062,0.01,174.0,132.0,"{""c_min"": 130, ""c_max"": 204}",
n20_os0.6_r3_uniform_23,n20_os0.6_r3_uniform,20,7,0.6158,3,uniform,patterson_albracht,pli,optimal,169,169,0.0,0.14,0.007,98.0,62.0,"{""c_min"": 162, ""c_max"": 249}",
n20_os0.6_r3_uniform_23,n20_os0.6_r3_uniform,20,7,0.6158,3,uniform,ritt_costa,pli,optimal,169,169,0.0,0.155,0.013,186.0,166.0,"{""c_min"": 162, ""c_max"": 249}",
n20_os0.6_r3_uniform_24,n20_os0.6_r3_uniform,20,7,0.6053,3,uniform,patterson_albracht,pli,optimal,171,171,0.0,0.185,0.005,94.0,52.0,"{""c_min"": 163, ""c_max"": 241}",
n20_os0.6_r3_uniform_24,n20_os0.6_r3_uniform,20,7,0.6053,3,uniform,ritt_costa,pli,optimal,171,171,0.0,0.182,0.011,173.0,128.0,"{""c_min"": 163, ""c_max"": 241}",
n20_os0.6_r6_uniform_00,n20_os0.6_r6_uniform,20,3,0.6158,6,uniform,patterson_albracht,pli,optimal,333,333,0.0,0.024,0.003,44.0,47.0,"{""c_min"": 326, ""c_max"": 366}",
n20_os0.6_r6_uniform_00,n20_os0.6_r6_uniform,20,3,0.6158,6,uniform,ritt_costa,pli,optimal,333,333,0.0,0.023,0.004,85.0,56.0,"{""c_min"": 326, ""c_max"": 366}",
n20_os0.6_r6_uniform_01,n20_os0.6_r6_uniform,20,3,0.6105,6,uniform,patterson_albracht,pli,optimal,318,318,0.0,0.014,0.002,37.0,46.0,"{""c_min"": 317, ""c_max"": 363}",
n20_os0.6_r6_uniform_01,n20_os0.6_r6_uniform,20,3,0.6105,6,uniform,ritt_costa,pli,optimal,318,318,0.0,0.014,0.003,84.0,37.0,"{""c_min"": 317, ""c_max"": 363}",
n20_os0.6_r6_uniform_02,n20_os0.6_r6_uniform,20,3,0.6,6,uniform,patterson_albracht,pli,optimal,277,277,0.0,0.015,0.003,40.0,54.0,"{""c_min"": 275, ""c_max"": 307}",
n20_os0.6_r6_uniform_02,n20_os0.6_r6_uniform,20,3,0.6,6,uniform,ritt_costa,pli,optimal,277,277,0.0,0.019,0.003,73.0,47.0,"{""c_min"": 275, ""c_max"": 307}",
n20_os0.6_r6_uniform_03,n20_os0.6_r6_uniform,20,3,0.6105,6,uniform,patterson_albracht,pli,optimal,252,252,0.0,0.02,0.003,49.0,49.0,"{""c_min"": 251, ""c_max"": 330}",
n20_os0.6_r6_uniform_03,n20_os0.6_r6_uniform,20,3,0.6105,6,uniform,ritt_costa,pli,optimal,252,252,0.0,0.042,0.007,129.0,69.0,"{""c_min"": 251, ""c_max"": 330}",
n20_os0.6_r6_uniform_04,n20_os0.6_r6_uniform,20,3,0.6158,6,uniform,patterson_albracht,pli,optimal,352,352,0.0,0.021,0.004,40.0,51.0,"{""c_min"": 350, ""c_max"": 375}",
n20_os0.6_r6_uniform_04,n20_os0.6_r6_uniform,20,3,0.6158,6,uniform,ritt_costa,pli,optimal,352,352,0.0,0.019,0.003,66.0,42.0,"{""c_min"": 350, ""c_max"": 375}",
n20_os0.6_r6_uniform_05,n20_os0.6_r6_uniform,20,3,0.6053,6,uniform,patterson_albracht,pli,optimal,277,277,0.0,0.014,0.003,41.0,51.0,"{""c_min"": 277, ""c_max"": 342}",
n20_os0.6_r6_uniform_05,n20_os0.6_r6_uniform,20,3,0.6053,6,uniform,ritt_costa,pli,optimal,277,277,0.0,0.024,0.004,107.0,50.0,"{""c_min"": 277, ""c_max"": 342}",
n20_os0.6_r6_uniform_06,n20_os0.6_r6_uniform,20,3,0.6,6,uniform,patterson_albracht,pli,optimal,302,302,0.0,0.014,0.003,43.0,51.0,"{""c_min"": 302, ""c_max"": 360}",
n20_os0.6_r6_uniform_06,n20_os0.6_r6_uniform,20,3,0.6,6,uniform,ritt_costa,pli,optimal,302,302,0.0,0.019,0.004,102.0,53.0,"{""c_min"": 302, ""c_max"": 360}",
n20_os0.6_r6_uniform_07,n20_os0.6_r6_uniform,20,3,0.6158,6,uniform,patterson_albracht,pli,optimal,284,284,0.0,0.023,0.003,43.0,55.0,"{""c_min"": 284, ""c_max"": 318}",
n20_os0.6_r6_uniform_07,n20_os0.6_r6_uniform,20,3,0.6158,6,uniform,ritt_costa,pli,optimal,284,284,0.0,0.024,0.003,78.0,50.0,"{""c_min"": 284, ""c_max"": 318}",
n20_os0.6_r6_uniform_08,n20_os0.6_r6_uniform,20,3,0.6,6,uniform,patterson_albracht,pli,optimal,340,340,0.0,0.02,0.003,42.0,51.0,"{""c_min"": 340, ""c_max"": 377}",
n20_os0.6_r6_uniform_08,n20_os0.6_r6_uniform,20,3,0.6,6,uniform,ritt_costa,pli,optimal,340,340,0.0,0.019,0.003,80.0,44.0,"{""c_min"": 340, ""c_max"": 377}",
n20_os0.6_r6_uniform_09,n20_os0.6_r6_uniform,20,3,0.6,6,uniform,patterson_albracht,pli,optimal,328,328,0.0,0.028,0.003,44.0,48.0,"{""c_min"": 322, ""c_max"": 397}",
n20_os0.6_r6_uniform_09,n20_os0.6_r6_uniform,20,3,0.6,6,uniform,ritt_costa,pli,optimal,328,328,0.0,0.048,0.004,120.0,50.0,"{""c_min"": 322, ""c_max"": 397}",
n20_os0.6_r6_uniform_10,n20_os0.6_r6_uniform,20,3,0.6,6,uniform,patterson_albracht,pli,optimal,349,349,0.0,0.017,0.003,40.0,55.0,"{""c_min"": 339, ""c_max"": 375}",
n20_os0.6_r6_uniform_10,n20_os0.6_r6_uniform,20,3,0.6,6,uniform,ritt_costa,pli,optimal,349,349,0.0,0.021,0.003,77.0,47.0,"{""c_min"": 339, ""c_max"": 375}",
n20_os0.6_r6_uniform_11,n20_os0.6_r6_uniform,20,3,0.6158,6,uniform,patterson_albracht,pli,optimal,307,307,0.0,0.016,0.003,38.0,46.0,"{""c_min"": 306, ""c_max"": 330}",
n20_os0.6_r6_uniform_11,n20_os0.6_r6_uniform,20,3,0.6158,6,uniform,ritt_costa,pli,optimal,307,307,0.0,0.022,0.002,63.0,43.0,"{""c_min"": 306, ""c_max"": 330}",
n20_os0.6_r6_uniform_12,n20_os0.6_r6_uniform,20,3,0.6158,6,uniform,patterson_albracht,pli,optimal,413,413,0.0,0.014,0.004,39.0,52.0,"{""c_min"": 413, ""c_max"": 467}",
n20_os0.6_r6_uniform_12,n20_os0.6_r6_uniform,20,3,0.6158,6,uniform,ritt_costa,pli,optimal,413,413,0.0,0.016,0.003,94.0,44.0,"{""c_min"": 413, ""c_max"": 467}",
n20_os0.6_r6_uniform_13,n20_os0.6_r6_uniform,20,3,0.6,6,uniform,patterson_albracht,pli,optimal,360,360,0.0,0.018,0.003,39.0,52.0,"{""c_min"": 358, ""c_max"": 391}",
n20_os0.6_r6_uniform_13,n20_os0.6_r6_uniform,20,3,0.6,6,uniform,ritt_costa,pli,optimal,360,360,0.0,0.025,0.002,73.0,38.0,"{""c_min"": 358, ""c_max"": 391}",
n20_os0.6_r6_uniform_14,n20_os0.6_r6_uniform,20,3,0.6,6,uniform,patterson_albracht,pli,optimal,342,342,0.0,0.042,0.005,44.0,49.0,"{""c_min"": 340, ""c_max"": 399}",
n20_os0.6_r6_uniform_14,n20_os0.6_r6_uniform,20,3,0.6,6,uniform,ritt_costa,pli,optimal,342,342,0.0,0.053,0.004,104.0,54.0,"{""c_min"": 340, ""c_max"": 399}",
n20_os0.6_r6_uniform_15,n20_os0.6_r6_uniform,20,3,0.6105,6,uniform,patterson_albracht,pli,optimal,281,281,0.0,0.017,0.003,45.0,54.0,"{""c_min"": 280, ""c_max"": 326}",
n20_os0.6_r6_uniform_15,n20_os0.6_r6_uniform,20,3,0.6105,6,uniform,ritt_costa,pli,optimal,281,281,0.0,0.03,0.004,92.0,59.0,"{""c_min"": 280, ""c_max"": 326}",
n20_os0.6_r6_uniform_16,n20_os0.6_r6_uniform,20,3,0.6,6,uniform,patterson_albracht,pli,optimal,290,290,0.0,0.02,0.003,42.0,47.0,"{""c_min"": 288, ""c_max"": 322}",
n20_os0.6_r6_uniform_16,n20_os0.6_r6_uniform,20,3,0.6,6,uniform,ritt_costa,pli,optimal,290,290,0.0,0.018,0.003,77.0,47.0,"{""c_min"": 288, ""c_max"": 322}",
n20_os0.6_r6_uniform_17,n20_os0.6_r6_uniform,20,3,0.6,6,uniform,patterson_albracht,pli,optimal,273,273,0.0,0.024,0.003,49.0,53.0,"{""c_min"": 271, ""c_max"": 344}",
n20_os0.6_r6_uniform_17,n20_os0.6_r6_uniform,20,3,0.6,6,uniform,ritt_costa,pli,optimal,273,273,0.0,0.041,0.005,123.0,69.0,"{""c_min"": 271, ""c_max"": 344}",
n20_os0.6_r6_uniform_18,n20_os0.6_r6_uniform,20,3,0.6,6,uniform,patterson_albracht,pli,optimal,376,376,0.0,0.023,0.004,42.0,53.0,"{""c_min"": 376, ""c_max"": 437}",
n20_os0.6_r6_uniform_18,n20_os0.6_r6_uniform,20,3,0.6,6,uniform,ritt_costa,pli,optimal,376,376,0.0,0.035,0.004,104.0,49.0,"{""c_min"": 376, ""c_max"": 437}",
n20_os0.6_r6_uniform_19,n20_os0.6_r6_uniform,20,3,0.6105,6,uniform,patterson_albracht,pli,optimal,406,406,0.0,0.027,0.003,45.0,50.0,"{""c_min"": 400, ""c_max"": 462}",
n20_os0.6_r6_uniform_19,n20_os0.6_r6_uniform,20,3,0.6105,6,uniform,ritt_costa,pli,optimal,406,406,0.0,0.041,0.005,108.0,57.0,"{""c_min"": 400, ""c_max"": 462}",
n20_os0.6_r6_uniform_20,n20_os0.6_r6_uniform,20,3,0.6,6,uniform,patterson_albracht,pli,optimal,388,388,0.0,0.023,0.003,39.0,53.0,"{""c_min"": 386, ""c_max"": 404}",
n20_os0.6_r6_uniform_20,n20_os0.6_r6_uniform,20,3,0.6,6,uniform,ritt_costa,pli,optimal,388,388,0.0,0.03,0.002,58.0,40.0,"{""c_min"": 386, ""c_max"": 404}",
n20_os0.6_r6_uniform_21,n20_os0.6_r6_uniform,20,3,0.6,6,uniform,patterson_albracht,pli,optimal,361,361,0.0,0.023,0.003,43.0,51.0,"{""c_min"": 359, ""c_max"": 402}",
n20_os0.6_r6_uniform_21,n20_os0.6_r6_uniform,20,3,0.6,6,uniform,ritt_costa,pli,optimal,361,361,0.0,0.029,0.003,87.0,52.0,"{""c_min"": 359, ""c_max"": 402}",
n20_os0.6_r6_uniform_22,n20_os0.6_r6_uniform,20,3,0.6105,6,uniform,patterson_albracht,pli,optimal,327,327,0.0,0.018,0.003,42.0,57.0,"{""c_min"": 324, ""c_max"": 361}",
n20_os0.6_r6_uniform_22,n20_os0.6_r6_uniform,20,3,0.6105,6,uniform,ritt_costa,pli,optimal,327,327,0.0,0.027,0.003,80.0,49.0,"{""c_min"": 324, ""c_max"": 361}",
n20_os0.6_r6_uniform_23,n20_os0.6_r6_uniform,20,3,0.6,6,uniform,patterson_albracht,pli,optimal,372,372,0.0,0.01,0.003,47.0,52.0,"{""c_min"": 372, ""c_max"": 448}",
n20_os0.6_r6_uniform_23,n20_os0.6_r6_uniform,20,3,0.6,6,uniform,ritt_costa,pli,optimal,372,372,0.0,0.024,0.006,124.0,63.0,"{""c_min"": 372, ""c_max"": 448}",
n20_os0.6_r6_uniform_24,n20_os0.6_r6_uniform,20,3,0.6158,6,uniform,patterson_albracht,pli,optimal,382,382,0.0,0.021,0.003,42.0,56.0,"{""c_min"": 381, ""c_max"": 447}",
n20_os0.6_r6_uniform_24,n20_os0.6_r6_uniform,20,3,0.6158,6,uniform,ritt_costa,pli,optimal,382,382,0.0,0.031,0.004,109.0,55.0,"{""c_min"": 381, ""c_max"": 447}",
n20_os0.6_r10_uniform_00,n20_os0.6_r10_uniform,20,2,0.6053,10,uniform,patterson_albracht,pli,optimal,484,484,0.0,0.014,0.003,34.0,55.0,"{""c_min"": 483, ""c_max"": 571}",
n20_os0.6_r10_uniform_00,n20_os0.6_r10_uniform,20,2,0.6053,10,uniform,ritt_costa,pli,optimal,484,484,0.0,0.072,0.004,123.0,44.0,"{""c_min"": 483, ""c_max"": 571}",
n20_os0.6_r10_uniform_01,n20_os0.6_r10_uniform,20,2,0.6,10,uniform,patterson_albracht,pli,optimal,456,456,0.0,0.01,0.002,31.0,52.0,"{""c_min"": 456, ""c_max"": 499}",
n20_os0.6_r10_uniform_01,n20_os0.6_r10_uniform,20,2,0.6,10,uniform,ritt_costa,pli,optimal,456,456,0.0,0.012,0.002,75.0,31.0,"{""c_min"": 456, ""c_max"": 499}",
n20_os0.6_r10_uniform_02,n20_os0.6_r10_uniform,20,2,0.6053,10,uniform,patterson_albracht,pli,optimal,556,556,0.0,0.007,0.003,32.0,56.0,"{""c_min"": 553, ""c_max"": 560}",
n20_os0.6_r10_uniform_02,n20_os0.6_r10_uniform,20,2,0.6053,10,uniform,ritt_costa,pli,optimal,556,556,0.0,0.006,0.002,40.0,36.0,"{""c_min"": 553, ""c_max"": 560}",
n20_os0.6_r10_uniform_03,n20_os0.6_r10_uniform,20,2,0.6053,10,uniform,patterson_albracht,pli,optimal,536,536,0.0,0.017,0.002,31.0,50.0,"{""c_min"": 534, ""c_max"": 577}",
n20_os0.6_r10_uniform_03,n20_os0.6_r10_uniform,20,2,0.6053,10,uniform,ritt_costa,pli,optimal,536,536,0.0,0.018,0.003,75.0,35.0,"{""c_min"": 534, ""c_max"": 577}",
n20_os0.6_r10_uniform_04,n20_os0.6_r10_uniform,20,2,0.6,10,uniform,patterson_albracht,pli,optimal,613,613,0.0,0.013,0.003,30.0,53.0,"{""c_min"": 612, ""c_max"": 665}",
n20_os0.6_r10_uniform_04,n20_os0.6_r10_uniform,20,2,0.6,10,uniform,ritt_costa,pli,optimal,613,613,0.0,0.012,0.003,84.0,37.0,"{""c_min"": 612, ""c_max"": 665}",
n20_os0.6_r10_uniform_05,n20_os0.6_r10_uniform,20,2,0.6,10,uniform,patterson_albracht,pli,optimal,506,506,0.0,0.016,0.003,34.0,58.0,"{""c_min"": 506, ""c_max"": 583}",
n20_os0.6_r10_uniform_05,n20_os0.6_r10_uniform,20,2,0.6,10,uniform,ritt_costa,pli,optimal,506,506,0.0,0.018,0.003,112.0,45.0,"{""c_min"": 506, ""c_max"": 583}",
n20_os0.6_r10_uniform_06,n20_os0.6_r10_uniform,20,2,0.6,10,uniform,patterson_albracht,pli,optimal,478,478,0.0,0.013,0.003,30.0,53.0,"{""c_min"": 478, ""c_max"": 522}",
n20_os0.6_r10_uniform_06,n20_os0.6_r10_uniform,20,2,0.6,10,uniform,ritt_costa,pli,optimal,478,478,0.0,0.008,0.002,75.0,35.0,"{""c_min"": 478, ""c_max"": 522}",
n20_os0.6_r10_uniform_07,n20_os0.6_r10_uniform,20,2,0.6053,10,uniform,patterson_albracht,pli,optimal,481,481,0.0,0.014,0.003,31.0,50.0,"{""c_min"": 480, ""c_max"": 532}",
n20_os0.6_r10_uniform_07,n20_os0.6_r10_uniform,20,2,0.6053,10,uniform,ritt_costa,pli,optimal,481,481,0.0,0.016,0.003,84.0,35.0,"{""c_min"": 480, ""c_max"": 532}",
n20_os0.6_r10_uniform_08,n20_os0.6_r10_uniform,20,2,0.6158,10,uniform,patterson_albracht,pli,optimal,532,532,0.0,0.012,0.002,30.0,49.0,"{""c_min"": 527, ""c_max"": 580}",
n20_os0.6_r10_uniform_08,n20_os0.6_r10_uniform,20,2,0.6158,10,uniform,ritt_costa,pli,optimal,532,532,0.0,0.015,0.003,84.0,31.0,"{""c_min"": 527, ""c_max"": 580}",
n20_os0.6_r10_uniform_09,n20_os0.6_r10_uniform,20,2,0.6053,10,uniform,patterson_albracht,pli,optimal,506,506,0.0,0.006,0.002,30.0,49.0,"{""c_min"": 506, ""c_max"": 509}",
n20_os0.6_r10_uniform_09,n20_os0.6_r10_uniform,20,2,0.6053,10,uniform,ritt_costa,pli,optimal,506,506,0.0,0.013,0.001,34.0,31.0,"{""c_min"": 506, ""c_max"": 509}",
n20_os0.6_r10_uniform_10,n20_os0.6_r10_uniform,20,2,0.6158,10,uniform,patterson_albracht,pli,optimal,465,465,0.0,0.014,0.002,28.0,52.0,"{""c_min"": 460, ""c_max"": 492}",
n20_os0.6_r10_uniform_10,n20_os0.6_r10_uniform,20,2,0.6158,10,uniform,ritt_costa,pli,optimal,465,465,0.0,0.014,0.002,61.0,29.0,"{""c_min"": 460, ""c_max"": 492}",
n20_os0.6_r10_uniform_11,n20_os0.6_r10_uniform,20,2,0.6,10,uniform,patterson_albracht,pli,optimal,495,495,0.0,0.012,0.003,30.0,54.0,"{""c_min"": 495, ""c_max"": 528}",
n20_os0.6_r10_uniform_11,n20_os0.6_r10_uniform,20,2,0.6,10,uniform,ritt_costa,pli,optimal,495,495,0.0,0.013,0.002,64.0,30.0,"{""c_min"": 495, ""c_max"": 528}",
n20_os0.6_r10_uniform_12,n20_os0.6_r10_uniform,20,2,0.6158,10,uniform,patterson_albracht,pli,optimal,491,491,0.0,0.014,0.002,30.0,43.0,"{""c_min"": 491, ""c_max"": 527}",
n20_os0.6_r10_uniform_12,n20_os0.6_r10_uniform,20,2,0.6158,10,uniform,ritt_costa,pli,optimal,491,491,0.0,0.017,0.002,67.0,29.0,"{""c_min"": 491, ""c_max"": 527}",
n20_os0.6_r10_uniform_13,n20_os0.6_r10_uniform,20,2,0.6,10,uniform,patterson_albracht,pli,optimal,623,623,0.0,0.012,0.002,30.0,53.0,"{""c_min"": 611, ""c_max"": 682}",
n20_os0.6_r10_uniform_13,n20_os0.6_r10_uniform,20,2,0.6,10,uniform,ritt_costa,pli,optimal,623,623,0.0,0.014,0.003,102.0,38.0,"{""c_min"": 611, ""c_max"": 682}",
n20_os0.6_r10_uniform_14,n20_os0.6_r10_uniform,20,2,0.6105,10,uniform,patterson_albracht,pli,optimal,498,498,0.0,0.015,0.002,34.0,49.0,"{""c_min"": 494, ""c_max"": 554}",
n20_os0.6_r10_uniform_14,n20_os0.6_r10_uniform,20,2,0.6105,10,uniform,ritt_costa,pli,optimal,498,498,0.0,0.02,0.003,95.0,39.0,"{""c_min"": 494, ""c_max"": 554}",
n20_os0.6_r10_uniform_15,n20_os0.6_r10_uniform,20,2,0.6105,10,uniform,patterson_albracht,pli,optimal,496,496,0.0,0.006,0.002,27.0,49.0,"{""c_min"": 491, ""c_max"": 510}",
n20_os0.6_r10_uniform_15,n20_os0.6_r10_uniform,20,2,0.6105,10,uniform,ritt_costa,pli,optimal,496,496,0.0,0.01,0.002,47.0,27.0,"{""c_min"": 491, ""c_max"": 510}",
n20_os0.6_r10_uniform_16,n20_os0.6_r10_uniform,20,2,0.6105,10,uniform,patterson_albracht,pli,optimal,553,553,0.0,0.011,0.003,32.0,51.0,"{""c_min"": 553, ""c_max"": 564}",
n20_os0.6_r10_uniform_16,n20_os0.6_r10_uniform,20,2,0.6105,10,uniform,ritt_costa,pli,optimal,553,553,0.0,0.007,0.002,44.0,34.0,"{""c_min"": 553, ""c_max"": 564}",
n20_os0.6_r10_uniform_17,n20_os0.6_r10_uniform,20,2,0.6,10,uniform,patterson_albracht,pli,optimal,348,348,0.0,0.007,0.003,30.0,56.0,"{""c_min"": 345, ""c_max"": 348}",
n20_os0.6_r10_uniform_17,n20_os0.6_r10_uniform,20,2,0.6,10,uniform,ritt_costa,pli,optimal,348,348,0.0,0.005,0.001,34.0,30.0,"{""c_min"": 345, ""c_max"": 348}",
n20_os0.6_r10_uniform_18,n20_os0.6_r10_uniform,20,2,0.6158,10,uniform,patterson_albracht,pli,optimal,480,480,0.0,0.013,0.003,33.0,54.0,"{""c_min"": 480, ""c_max"": 540}",
n20_os0.6_r10_uniform_18,n20_os0.6_r10_uniform,20,2,0.6158,10,uniform,ritt_costa,pli,optimal,480,480,0.0,0.014,0.003,94.0,38.0,"{""c_min"": 480, ""c_max"": 540}",
n20_os0.6_r10_uniform_19,n20_os0.6_r10_uniform,20,2,0.6,10,uniform,patterson_albracht,pli,optimal,642,642,0.0,0.012,0.002,32.0,50.0,"{""c_min"": 642, ""c_max"": 703}",
n20_os0.6_r10_uniform_19,n20_os0.6_r10_uniform,20,2,0.6,10,uniform,ritt_costa,pli,optimal,642,642,0.0,0.014,0.003,94.0,35.0,"{""c_min"": 642, ""c_max"": 703}",
n20_os0.6_r10_uniform_20,n20_os0.6_r10_uniform,20,2,0.6105,10,uniform,patterson_albracht,pli,optimal,601,601,0.0,0.005,0.002,28.0,48.0,"{""c_min"": 601, ""c_max"": 636}",
n20_os0.6_r10_uniform_20,n20_os0.6_r10_uniform,20,2,0.6105,10,uniform,ritt_costa,pli,optimal,601,601,0.0,0.016,0.002,64.0,28.0,"{""c_min"": 601, ""c_max"": 636}",
n20_os0.6_r10_uniform_21,n20_os0.6_r10_uniform,20,2,0.6053,10,uniform,patterson_albracht,pli,optimal,572,572,0.0,0.016,0.003,34.0,54.0,"{""c_min"": 571, ""c_max"": 634}",
n20_os0.6_r10_uniform_21,n20_os0.6_r10_uniform,20,2,0.6053,10,uniform,ritt_costa,pli,optimal,572,572,0.0,0.016,0.003,98.0,39.0,"{""c_min"": 571, ""c_max"": 634}",
n20_os0.6_r10_uniform_22,n20_os0.6_r10_uniform,20,2,0.6,10,uniform,patterson_albracht,pli,optimal,490,490,0.0,0.014,0.002,34.0,50.0,"{""c_min"": 490, ""c_max"": 527}",
n20_os0.6_r10_uniform_22,n20_os0.6_r10_uniform,20,2,0.6,10,uniform,ritt_costa,pli,optimal,490,490,0.0,0.015,0.002,72.0,37.0,"{""c_min"": 490, ""c_max"": 527}",
n20_os0.6_r10_uniform_23,n20_os0.6_r10_uniform,20,2,0.6053,10,uniform,patterson_albracht,pli,optimal,576,576,0.0,0.015,0.002,32.0,47.0,"{""c_min"": 575, ""c_max"": 636}",
n20_os0.6_r10_uniform_23,n20_os0.6_r10_uniform,20,2,0.6053,10,uniform,ritt_costa,pli,optimal,576,576,0.0,0.021,0.003,94.0,36.0,"{""c_min"": 575, ""c_max"": 636}",
n20_os0.6_r10_uniform_24,n20_os0.6_r10_uniform,20,2,0.6,10,uniform,patterson_albracht,pli,optimal,541,541,0.0,0.012,0.002,28.0,48.0,"{""c_min"": 541, ""c_max"": 549}",
n20_os0.6_r10_uniform_24,n20_os0.6_r10_uniform,20,2,0.6,10,uniform,ritt_costa,pli,optimal,541,541,0.0,0.01,0.001,37.0,26.0,"{""c_min"": 541, ""c_max"": 549}",
n20_os0.9_r3_uniform_12,n20_os0.9_r3_uniform,20,7,0.9,3,uniform,patterson_albracht,pli,optimal,150,150,0.0,0.021,0.004,67.0,53.0,"{""c_min"": 149, ""c_max"": 208}",
n20_os0.9_r3_uniform_12,n20_os0.9_r3_uniform,20,7,0.9,3,uniform,ritt_costa,pli,optimal,150,150,0.0,0.05,0.009,127.0,111.0,"{""c_min"": 149, ""c_max"": 208}",
n20_os0.9_r6_uniform_00,n20_os0.9_r6_uniform,20,3,0.9053,6,uniform,patterson_albracht,pli,optimal,278,278,0.0,0.005,0.002,27.0,51.0,"{""c_min"": 274, ""c_max"": 305}",
n20_os0.9_r6_uniform_00,n20_os0.9_r6_uniform,20,3,0.9053,6,uniform,ritt_costa,pli,optimal,278,278,0.0,0.011,0.003,59.0,30.0,"{""c_min"": 274, ""c_max"": 305}",
n20_os0.9_r6_uniform_01,n20_os0.9_r6_uniform,20,3,0.9053,6,uniform,patterson_albracht,pli,optimal,376,376,0.0,0.006,0.002,26.0,48.0,"{""c_min"": 361, ""c_max"": 391}",
n20_os0.9_r6_uniform_01,n20_os0.9_r6_uniform,20,3,0.9053,6,uniform,ritt_costa,pli,optimal,376,376,0.0,0.006,0.002,57.0,29.0,"{""c_min"": 361, ""c_max"": 391}",
n20_os0.9_r6_uniform_03,n20_os0.9_r6_uniform,20,3,0.9053,6,uniform,patterson_albracht,pli,optimal,330,330,0.0,0.006,0.002,27.0,47.0,"{""c_min"": 325, ""c_max"": 340}",
n20_os0.9_r6_uniform_03,n20_os0.9_r6_uniform,20,3,0.9053,6,uniform,ritt_costa,pli,optimal,330,330,0.0,0.005,0.002,43.0,28.0,"{""c_min"": 325, ""c_max"": 340}",
n20_os0.9_r6_uniform_05,n20_os0.9_r6_uniform,20,3,0.9,6,uniform,patterson_albracht,pli,optimal,365,365,0.0,0.01,0.002,26.0,53.0,"{""c_min"": 365, ""c_max"": 384}",
n20_os0.9_r6_uniform_05,n20_os0.9_r6_uniform,20,3,0.9,6,uniform,ritt_costa,pli,optimal,365,365,0.0,0.009,0.002,46.0,29.0,"{""c_min"": 365, ""c_max"": 384}",
n20_os0.9_r6_uniform_06,n20_os0.9_r6_uniform,20,3,0.9053,6,uniform,patterson_albracht,pli,optimal,420,420,0.0,0.006,0.002,28.0,43.0,"{""c_min"": 406, ""c_max"": 450}",
n20_os0.9_r6_uniform_06,n20_os0.9_r6_uniform,20,3,0.9053,6,uniform,ritt_costa,pli,optimal,420,420,0.0,0.007,0.003,73.0,34.0,"{""c_min"": 406, ""c_max"": 450}",
n20_os0.9_r6_uniform_07,n20_os0.9_r6_uniform,20,3,0.9053,6,uniform,patterson_albracht,pli,optimal,351,351,0.0,0.005,0.002,30.0,46.0,"{""c_min"": 342, ""c_max"": 403}",
n20_os0.9_r6_uniform_07,n20_os0.9_r6_uniform,20,3,0.9053,6,uniform,ritt_costa,pli,optimal,351,351,0.0,0.015,0.003,92.0,35.0,"{""c_min"": 342, ""c_max"": 403}",
n20_os0.9_r6_uniform_10,n20_os0.9_r6_uniform,20,3,0.9,6,uniform,patterson_albracht,pli,optimal,369,369,0.0,0.012,0.002,30.0,47.0,"{""c_min"": 343, ""c_max"": 375}",
n20_os0.9_r6_uniform_10,n20_os0.9_r6_uniform,20,3,0.9,6,uniform,ritt_costa,pli,optimal,369,369,0.0,0.017,0.002,63.0,33.0,"{""c_min"": 343, ""c_max"": 375}",
n20_os0.9_r6_uniform_11,n20_os0.9_r6_uniform,20,3,0.9,6,uniform,patterson_albracht,pli,optimal,368,368,0.0,0.005,0.002,25.0,48.0,"{""c_min"": 368, ""c_max"": 391}",
n20_os0.9_r6_uniform_11,n20_os0.9_r6_uniform,20,3,0.9,6,uniform,ritt_costa,pli,optimal,368,368,0.0,0.009,0.002,49.0,29.0,"{""c_min"": 368, ""c_max"": 391}",
n20_os0.9_r6_uniform_13,n20_os0.9_r6_uniform,20,3,0.9,6,uniform,patterson_albracht,pli,optimal,401,401,0.0,0.006,0.003,25.0,52.0,"{""c_min"": 401, ""c_max"": 412}",
n20_os0.9_r6_uniform_13,n20_os0.9_r6_uniform,20,3,0.9,6,uniform,ritt_costa,pli,optimal,401,401,0.0,0.005,0.002,37.0,27.0,"{""c_min"": 401, ""c_max"": 412}",
n20_os0.9_r6_uniform_14,n20_os0.9_r6_uniform,20,3,0.9,6,uniform,patterson_albracht,pli,optimal,322,322,0.0,0.013,0.003,33.0,53.0,"{""c_min"": 319, ""c_max"": 377}",
n20_os0.9_r6_uniform_14,n20_os0.9_r6_uniform,20,3,0.9,6,uniform,ritt_costa,pli,optimal,322,322,0.0,0.019,0.003,92.0,41.0,"{""c_min"": 319, ""c_max"": 377}",
n20_os0.9_r6_uniform_16,n20_os0.9_r6_uniform,20,3,0.9,6,uniform,patterson_albracht,pli,optimal,316,316,0.0,0.007,0.002,29.0,47.0,"{""c_min"": 315, ""c_max"": 372}",
n20_os0.9_r6_uniform_16,n20_os0.9_r6_uniform,20,3,0.9,6,uniform,ritt_costa,pli,optimal,316,316,0.0,0.013,0.004,87.0,36.0,"{""c_min"": 315, ""c_max"": 372}",
n20_os0.9_r6_uniform_18,n20_os0.9_r6_uniform,20,3,0.9053,6,uniform,patterson_albracht,pli,optimal,336,336,0.0,0.006,0.002,27.0,47.0,"{""c_min"": 318, ""c_max"": 336}",
n20_os0.9_r6_uniform_18,n20_os0.9_r6_uniform,20,3,0.9053,6,uniform,ritt_costa,pli,optimal,336,336,0.0,0.006,0.002,46.0,28.0,"{""c_min"": 318, ""c_max"": 336}",
n20_os0.9_r6_uniform_21,n20_os0.9_r6_uniform,20,3,0.9053,6,uniform,patterson_albracht,pli,optimal,341,341,0.0,0.013,0.002,29.0,48.0,"{""c_min"": 336, ""c_max"": 380}",
n20_os0.9_r6_uniform_21,n20_os0.9_r6_uniform,20,3,0.9053,6,uniform,ritt_costa,pli,optimal,341,341,0.0,0.013,0.003,74.0,35.0,"{""c_min"": 336, ""c_max"": 380}",
n20_os0.9_r6_uniform_22,n20_os0.9_r6_uniform,20,3,0.9053,6,uniform,patterson_albracht,pli,optimal,341,341,0.0,0.006,0.002,28.0,46.0,"{""c_min"": 329, ""c_max"": 342}",
n20_os0.9_r6_uniform_22,n20_os0.9_r6_uniform,20,3,0.9053,6,uniform,ritt_costa,pli,optimal,341,341,0.0,0.005,0.002,42.0,31.0,"{""c_min"": 329, ""c_max"": 342}",
n20_os0.9_r6_uniform_23,n20_os0.9_r6_uniform,20,3,0.9053,6,uniform,patterson_albracht,pli,optimal,367,367,0.0,0.006,0.002,28.0,48.0,"{""c_min"": 347, ""c_max"": 403}",
n20_os0.9_r6_uniform_23,n20_os0.9_r6_uniform,20,3,0.9053,6,uniform,ritt_costa,pli,optimal,367,367,0.0,0.009,0.003,85.0,35.0,"{""c_min"": 347, ""c_max"": 403}",
n20_os0.9_r10_uniform_00,n20_os0.9_r10_uniform,20,2,0.9053,10,uniform,patterson_albracht,pli,optimal,585,585,0.0,0.013,0.002,25.0,50.0,"{""c_min"": 583, ""c_max"": 619}",
n20_os0.9_r10_uniform_00,n20_os0.9_r10_uniform,20,2,0.9053,10,uniform,ritt_costa,pli,optimal,585,585,0.0,0.007,0.002,62.0,26.0,"{""c_min"": 583, ""c_max"": 619}",
n20_os0.9_r10_uniform_01,n20_os0.9_r10_uniform,20,2,0.9105,10,uniform,patterson_albracht,pli,optimal,491,491,0.0,0.005,0.002,22.0,46.0,"{""c_min"": 471, ""c_max"": 491}",
n20_os0.9_r10_uniform_01,n20_os0.9_r10_uniform,20,2,0.9105,10,uniform,ritt_costa,pli,optimal,491,491,0.0,0.005,0.001,43.0,24.0,"{""c_min"": 471, ""c_max"": 491}",
n20_os0.9_r10_uniform_03,n20_os0.9_r10_uniform,20,2,0.9053,10,uniform,patterson_albracht,pli,optimal,453,453,0.0,0.006,0.003,23.0,46.0,"{""c_min"": 453, ""c_max"": 465}",
n20_os0.9_r10_uniform_03,n20_os0.9_r10_uniform,20,2,0.9053,10,uniform,ritt_costa,pli,optimal,453,453,0.0,0.005,0.001,36.0,24.0,"{""c_min"": 453, ""c_max"": 465}",
n20_os0.9_r10_uniform_04,n20_os0.9_r10_uniform,20,2,0.9053,10,uniform,patterson_albracht,pli,optimal,579,579,0.0,0.009,0.002,26.0,47.0,"{""c_min"": 573, ""c_max"": 647}",
n20_os0.9_r10_uniform_04,n20_os0.9_r10_uniform,20,2,0.9053,10,uniform,ritt_costa,pli,optimal,579,579,0.0,0.015,0.003,101.0,31.0,"{""c_min"": 573, ""c_max"": 647}",
n20_os0.9_r10_uniform_05,n20_os0.9_r10_uniform,20,2,0.9105,10,uniform,patterson_albracht,pli,optimal,584,584,0.0,0.005,0.002,23.0,43.0,"{""c_min"": 583, ""c_max"": 602}",
n20_os0.9_r10_uniform_05,n20_os0.9_r10_uniform,20,2,0.9105,10,uniform,ritt_costa,pli,optimal,584,584,0.0,0.006,0.002,43.0,25.0,"{""c_min"": 583, ""c_max"": 602}",
n20_os0.9_r10_uniform_07,n20_os0.9_r10_uniform,20,2,0.9053,10,uniform,patterson_albracht,pli,optimal,383,383,0.0,0.004,0.002,21.0,45.0,"{""c_min"": 383, ""c_max"": 383}",
n20_os0.9_r10_uniform_07,n20_os0.9_r10_uniform,20,2,0.9053,10,uniform,ritt_costa,pli,optimal,383,383,0.0,0.004,0.001,22.0,24.0,"{""c_min"": 383, ""c_max"": 383}",
n20_os0.9_r10_uniform_08,n20_os0.9_r10_uniform,20,2,0.9053,10,uniform,patterson_albracht,pli,optimal,436,436,0.0,0.005,0.002,25.0,46.0,"{""c_min"": 434, ""c_max"": 448}",
n20_os0.9_r10_uniform_08,n20_os0.9_r10_uniform,20,2,0.9053,10,uniform,ritt_costa,pli,optimal,436,436,0.0,0.005,0.001,40.0,28.0,"{""c_min"": 434, ""c_max"": 448}",
n20_os0.9_r10_uniform_09,n20_os0.9_r10_uniform,20,2,0.9105,10,uniform,patterson_albracht,pli,optimal,426,426,0.0,0.006,0.002,25.0,48.0,"{""c_min"": 414, ""c_max"": 478}",
n20_os0.9_r10_uniform_09,n20_os0.9_r10_uniform,20,2,0.9105,10,uniform,ritt_costa,pli,optimal,426,426,0.0,0.012,0.003,90.0,30.0,"{""c_min"": 414, ""c_max"": 478}",
n20_os0.9_r10_uniform_10,n20_os0.9_r10_uniform,20,2,0.9158,10,uniform,patterson_albracht,pli,optimal,552,552,0.0,0.005,0.002,21.0,48.0,"{""c_min"": 552, ""c_max"": 552}",
n20_os0.9_r10_uniform_10,n20_os0.9_r10_uniform,20,2,0.9158,10,uniform,ritt_costa,pli,optimal,552,552,0.0,0.003,0.001,22.0,24.0,"{""c_min"": 552, ""c_max"": 552}",
n20_os0.9_r10_uniform_11,n20_os0.9_r10_uniform,20,2,0.9,10,uniform,patterson_albracht,pli,optimal,459,459,0.0,0.005,0.002,22.0,48.0,"{""c_min"": 459, ""c_max"": 461}",
n20_os0.9_r10_uniform_11,n20_os0.9_r10_uniform,20,2,0.9,10,uniform,ritt_costa,pli,optimal,459,459,0.0,0.004,0.001,25.0,25.0,"{""c_min"": 459, ""c_max"": 461}",
n20_os0.9_r10_uniform_12,n20_os0.9_r10_uniform,20,2,0.9158,10,uniform,patterson_albracht,pli,optimal,471,471,0.0,0.006,0.002,22.0,48.0,"{""c_min"": 471, ""c_max"": 477}",
n20_os0.9_r10_uniform_12,n20_os0.9_r10_uniform,20,2,0.9158,10,uniform,ritt_costa,pli,optimal,471,471,0.0,0.004,0.001,29.0,24.0,"{""c_min"": 471, ""c_max"": 477}",
n20_os0.9_r10_uniform_13,n20_os0.9_r10_uniform,20,2,0.9053,10,uniform,patterson_albracht,pli,optimal,609,609,0.0,0.006,0.002,23.0,50.0,"{""c_min"": 602, ""c_max"": 609}",
n20_os0.9_r10_uniform_13,n20_os0.9_r10_uniform,20,2,0.9053,10,uniform,ritt_costa,pli,optimal,609,609,0.0,0.004,0.001,31.0,24.0,"{""c_min"": 602, ""c_max"": 609}",
n20_os0.9_r10_uniform_14,n20_os0.9_r10_uniform,20,2,0.9,10,uniform,patterson_albracht,pli,optimal,592,592,0.0,0.009,0.002,25.0,48.0,"{""c_min"": 592, ""c_max"": 611}",
n20_os0.9_r10_uniform_14,n20_os0.9_r10_uniform,20,2,0.9,10,uniform,ritt_costa,pli,optimal,592,592,0.0,0.008,0.001,45.0,24.0,"{""c_min"": 592, ""c_max"": 611}",
n20_os0.9_r10_uniform_15,n20_os0.9_r10_uniform,20,2,0.9105,10,uniform,patterson_albracht,pli,optimal,519,519,0.0,0.006,0.003,26.0,47.0,"{""c_min"": 511, ""c_max"": 578}",
n20_os0.9_r10_uniform_15,n20_os0.9_r10_uniform,20,2,0.9105,10,uniform,ritt_costa,pli,optimal,519,519,0.0,0.008,0.003,94.0,29.0,"{""c_min"": 511, ""c_max"": 578}",
n20_os0.9_r10_uniform_16,n20_os0.9_r10_uniform,20,2,0.9053,10,uniform,patterson_albracht,pli,optimal,543,543,0.0,0.005,0.002,25.0,49.0,"{""c_min"": 539, ""c_max"": 606}",
n20_os0.9_r10_uniform_16,n20_os0.9_r10_uniform,20,2,0.9053,10,uniform,ritt_costa,pli,optimal,543,543,0.0,0.012,0.003,93.0,29.0,"{""c_min"": 539, ""c_max"": 606}",
n20_os0.9_r10_uniform_17,n20_os0.9_r10_uniform,20,2,0.9,10,uniform,patterson_albracht,pli,optimal,421,421,0.0,0.005,0.002,23.0,51.0,"{""c_min"": 413, ""c_max"": 424}",
n20_os0.9_r10_uniform_17,n20_os0.9_r10_uniform,20,2,0.9,10,uniform,ritt_costa,pli,optimal,421,421,0.0,0.004,0.001,35.0,25.0,"{""c_min"": 413, ""c_max"": 424}",
n20_os0.9_r10_uniform_18,n20_os0.9_r10_uniform,20,2,0.9,10,uniform,patterson_albracht,pli,optimal,612,612,0.0,0.005,0.002,24.0,50.0,"{""c_min"": 605, ""c_max"": 612}",
n20_os0.9_r10_uniform_18,n20_os0.9_r10_uniform,20,2,0.9,10,uniform,ritt_costa,pli,optimal,612,612,0.0,0.004,0.001,32.0,25.0,"{""c_min"": 605, ""c_max"": 612}",
n20_os0.9_r10_uniform_19,n20_os0.9_r10_uniform,20,2,0.9,10,uniform,patterson_albracht,pli,optimal,467,467,0.0,0.005,0.002,23.0,46.0,"{""c_min"": 461, ""c_max"": 500}",
n20_os0.9_r10_uniform_19,n20_os0.9_r10_uniform,20,2,0.9,10,uniform,ritt_costa,pli,optimal,467,467,0.0,0.008,0.002,63.0,25.0,"{""c_min"": 461, ""c_max"": 500}",
n20_os0.9_r10_uniform_20,n20_os0.9_r10_uniform,20,2,0.9053,10,uniform,patterson_albracht,pli,optimal,495,495,0.0,0.005,0.002,22.0,50.0,"{""c_min"": 495, ""c_max"": 504}",
n20_os0.9_r10_uniform_20,n20_os0.9_r10_uniform,20,2,0.9053,10,uniform,ritt_costa,pli,optimal,495,495,0.0,0.006,0.002,32.0,25.0,"{""c_min"": 495, ""c_max"": 504}",
n20_os0.9_r10_uniform_21,n20_os0.9_r10_uniform,20,2,0.9,10,uniform,patterson_albracht,pli,optimal,586,586,0.0,0.006,0.002,24.0,47.0,"{""c_min"": 567, ""c_max"": 594}",
n20_os0.9_r10_uniform_21,n20_os0.9_r10_uniform,20,2,0.9,10,uniform,ritt_costa,pli,optimal,586,586,0.0,0.005,0.002,52.0,24.0,"{""c_min"": 567, ""c_max"": 594}",
n20_os0.9_r10_uniform_22,n20_os0.9_r10_uniform,20,2,0.9158,10,uniform,patterson_albracht,pli,optimal,595,595,0.0,0.005,0.002,21.0,45.0,"{""c_min"": 595, ""c_max"": 595}",
n20_os0.9_r10_uniform_22,n20_os0.9_r10_uniform,20,2,0.9158,10,uniform,ritt_costa,pli,optimal,595,595,0.0,0.003,0.001,22.0,24.0,"{""c_min"": 595, ""c_max"": 595}",
n20_os0.9_r10_uniform_23,n20_os0.9_r10_uniform,20,2,0.9,10,uniform,patterson_albracht,pli,optimal,376,376,0.0,0.006,0.002,24.0,48.0,"{""c_min"": 365, ""c_max"": 417}",
n20_os0.9_r10_uniform_23,n20_os0.9_r10_uniform,20,2,0.9,10,uniform,ritt_costa,pli,optimal,376,376,0.0,0.009,0.002,77.0,27.0,"{""c_min"": 365, ""c_max"": 417}",
n20_os0.9_r10_uniform_24,n20_os0.9_r10_uniform,20,2,0.9105,10,uniform,patterson_albracht,pli,optimal,549,549,0.0,0.005,0.002,24.0,47.0,"{""c_min"": 528, ""c_max"": 558}",
n20_os0.9_r10_uniform_24,n20_os0.9_r10_uniform,20,2,0.9105,10,uniform,ritt_costa,pli,optimal,549,549,0.0,0.008,0.003,55.0,27.0,"{""c_min"": 528, ""c_max"": 558}",
n50_os0.6_r3_uniform_23,n50_os0.6_r3_uniform,50,17,0.6041,3,uniform,ritt_costa,pli,feasible,150,149,0.006711,180.194,0.081,626.0,1078.0,"{""c_min"": 148, ""c_max"": 225}",
n50_os0.6_r3_uniform_24,n50_os0.6_r3_uniform,50,17,0.6016,3,uniform,patterson_albracht,pli,optimal,127,127,0.0,110.403,0.054,545.0,173.0,"{""c_min"": 125, ""c_max"": 190}",
n50_os0.6_r3_uniform_24,n50_os0.6_r3_uniform,50,17,0.6016,3,uniform,ritt_costa,pli,optimal,127,127,0.0,46.52,0.112,611.0,1125.0,"{""c_min"": 125, ""c_max"": 190}",
n50_os0.6_r6_uniform_00,n50_os0.6_r6_uniform,50,8,0.6024,6,uniform,patterson_albracht,pli,optimal,323,323,0.0,1.743,0.016,239.0,136.0,"{""c_min"": 323, ""c_max"": 390}",
n50_os0.6_r6_uniform_00,n50_os0.6_r6_uniform,50,8,0.6024,6,uniform,ritt_costa,pli,optimal,323,323,0.0,2.782,0.032,307.0,339.0,"{""c_min"": 323, ""c_max"": 390}",
n50_os0.6_r6_uniform_01,n50_os0.6_r6_uniform,50,8,0.6024,6,uniform,patterson_albracht,pli,optimal,342,342,0.0,44.096,0.025,238.0,168.0,"{""c_min"": 341, ""c_max"": 410}",
n50_os0.6_r6_uniform_01,n50_os0.6_r6_uniform,50,8,0.6024,6,uniform,ritt_costa,pli,feasible,342,341,0.002933,180.145,0.03,308.0,397.0,"{""c_min"": 341, ""c_max"": 410}",
n50_os0.6_r6_uniform_02,n50_os0.6_r6_uniform,50,8,0.6041,6,uniform,patterson_albracht,pli,optimal,325,325,0.0,2.642,0.021,230.0,143.0,"{""c_min"": 325, ""c_max"": 370}",
n50_os0.6_r6_uniform_02,n50_os0.6_r6_uniform,50,8,0.6041,6,uniform,ritt_costa,pli,optimal,325,325,0.0,2.692,0.019,276.0,317.0,"{""c_min"": 325, ""c_max"": 370}",
n50_os0.6_r6_uniform_03,n50_os0.6_r6_uniform,50,8,0.6,6,uniform,patterson_albracht,pli,optimal,337,337,0.0,2.295,0.017,226.0,156.0,"{""c_min"": 336, ""c_max"": 389}",
n50_os0.6_r6_uniform_03,n50_os0.6_r6_uniform,50,8,0.6,6,uniform,ritt_costa,pli,optimal,337,337,0.0,2.218,0.018,280.0,340.0,"{""c_min"": 336, ""c_max"": 389}",
n50_os0.6_r6_uniform_04,n50_os0.6_r6_uniform,50,8,0.6016,6,uniform,patterson_albracht,pli,optimal,308,308,0.0,17.515,0.017,218.0,152.0,"{""c_min"": 307, ""c_max"": 348}",
n50_os0.6_r6_uniform_04,n50_os0.6_r6_uniform,50,8,0.6016,6,uniform,ritt_costa,pli,optimal,308,308,0.0,13.014,0.016,260.0,311.0,"{""c_min"": 307, ""c_max"": 348}",
n50_os0.6_r6_uniform_05,n50_os0.6_r6_uniform,50,8,0.6057,6,uniform,patterson_albracht,pli,optimal,299,299,0.0,16.052,0.018,243.0,149.0,"{""c_min"": 298, ""c_max"": 390}",
n50_os0.6_r6_uniform_05,n50_os0.6_r6_uniform,50,8,0.6057,6,uniform,ritt_costa,pli,optimal,299,299,0.0,18.964,0.029,336.0,388.0,"{""c_min"": 298, ""c_max"": 390}",
n50_os0.6_r6_uniform_06,n50_os0.6_r6_uniform,50,8,0.6073,6,uniform,patterson_albracht,pli,optimal,311,311,0.0,0.935,0.018,249.0,153.0,"{""c_min"": 311, ""c_max"": 392}",
n50_os0.6_r6_uniform_06,n50_os0.6_r6_uniform,50,8,0.6073,6,uniform,ritt_costa,pli,optimal,311,311,0.0,2.725,0.026,331.0,410.0,"{""c_min"": 311, ""c_max"": 392}",
n50_os0.6_r6_uniform_07,n50_os0.6_r6_uniform,50,8,0.6041,6,uniform,patterson_albracht,pli,optimal,305,305,0.0,1.022,0.019,231.0,163.0,"{""c_min"": 304, ""c_max"": 374}",
n50_os0.6_r6_uniform_07,n50_os0.6_r6_uniform,50,8,0.6041,6,uniform,ritt_costa,pli,optimal,305,305,0.0,0.964,0.022,302.0,384.0,"{""c_min"": 304, ""c_max"": 374}",
n50_os0.6_r6_uniform_08,n50_os0.6_r6_uniform,50,8,0.6008,6,uniform,patterson_albracht,pli,optimal,333,333,0.0,5.961,0.024,247.0,161.0,"{""c_min"": 333, ""c_max"": 424}",
n50_os0.6_r6_uniform_08,n50_os0.6_r6_uniform,50,8,0.6008,6,uniform,ritt_costa,pli,optimal,333,333,0.0,7.228,0.044,339.0,429.0,"{""c_min"": 333, ""c_max"": 424}",
n50_os0.6_r6_uniform_09,n50_os0.6_r6_uniform,50,8,0.6,6,uniform,patterson_albracht,pli,optimal,259,259,0.0,0.923,0.019,266.0,142.0,"{""c_min"": 259, ""c_max"": 352}",
n50_os0.6_r6_uniform_09,n50_os0.6_r6_uniform,50,8,0.6,6,uniform,ritt_costa,pli,optimal,259,259,0.0,0.921,0.053,360.0,422.0,"{""c_min"": 259, ""c_max"": 352}",
n50_os0.6_r6_uniform_10,n50_os0.6_r6_uniform,50,8,0.6008,6,uniform,patterson_albracht,pli,optimal,357,357,0.0,2.097,0.025,235.0,163.0,"{""c_min"": 356, ""c_max"": 430}",
n50_os0.6_r6_uniform_10,n50_os0.6_r6_uniform,50,8,0.6008,6,uniform,ritt_costa,pli,optimal,357,357,0.0,1.706,0.027,310.0,397.0,"{""c_min"": 356, ""c_max"": 430}",
n50_os0.6_r6_uniform_11,n50_os0.6_r6_uniform,50,8,0.6057,6,uniform,patterson_albracht,pli,optimal,305,305,0.0,7.14,0.018,229.0,161.0,"{""c_min"": 305, ""c_max"": 355}",
n50_os0.6_r6_uniform_11,n50_os0.6_r6_uniform,50,8,0.6057,6,uniform,ritt_costa,pli,optimal,305,305,0.0,2.713,0.021,280.0,369.0,"{""c_min"": 305, ""c_max"": 355}",
n50_os0.6_r6_uniform_12,n50_os0.6_r6_uniform,50,8,0.6049,6,uniform,patterson_albracht,pli,optimal,343,343,0.0,5.853,0.018,238.0,160.0,"{""c_min"": 343, ""c_max"": 427}",
n50_os0.6_r6_uniform_12,n50_os0.6_r6_uniform,50,8,0.6049,6,uniform,ritt_costa,pli,optimal,343,343,0.0,8.122,0.04,323.0,398.0,"{""c_min"": 343, ""c_max"": 427}",
n50_os0.6_r6_uniform_13,n50_os0.6_r6_uniform,50,8,0.6016,6,uniform,patterson_albracht,pli,optimal,286,286,0.0,1.199,0.02,253.0,163.0,"{""c_min"": 286, ""c_max"": 360}",
n50_os0.6_r6_uniform_13,n50_os0.6_r6_uniform,50,8,0.6016,6,uniform,ritt_costa,pli,optimal,286,286,0.0,2.751,0.03,328.0,443.0,"{""c_min"": 286, ""c_max"": 360}",
n50_os0.6_r6_uniform_14,n50_os0.6_r6_uniform,50,8,0.6163,6,uniform,patterson_albracht,pli,optimal,357,357,0.0,1.591,0.017,233.0,155.0,"{""c_min"": 356, ""c_max"": 422}",
n50_os0.6_r6_uniform_14,n50_os0.6_r6_uniform,50,8,0.6163,6,uniform,ritt_costa,pli,optimal,357,357,0.0,1.613,0.033,300.0,366.0,"{""c_min"": 356, ""c_max"": 422}",
n50_os0.6_r6_uniform_15,n50_os0.6_r6_uniform,50,8,0.6,6,uniform,patterson_albracht,pli,optimal,315,315,0.0,2.289,0.023,240.0,147.0,"{""c_min"": 314, ""c_max"": 386}",
n50_os0.6_r6_uniform_15,n50_os0.6_r6_uniform,50,8,0.6,6,uniform,ritt_costa,pli,optimal,315,315,0.0,1.143,0.035,313.0,362.0,"{""c_min"": 314, ""c_max"": 386}",
n50_os0.6_r6_uniform_16,n50_os0.6_r6_uniform,50,8,0.6024,6,uniform,patterson_albracht,pli,optimal,320,320,0.0,11.293,0.018,237.0,158.0,"{""c_min"": 320, ""c_max"": 374}",
n50_os0.6_r6_uniform_16,n50_os0.6_r6_uniform,50,8,0.6024,6,uniform,ritt_costa,pli,optimal,320,320,0.0,4.438,0.025,292.0,366.0,"{""c_min"": 320, ""c_max"": 374}",
n50_os0.6_r6_uniform_17,n50_os0.6_r6_uniform,50,8,0.6016,6,uniform,patterson_albracht,pli,optimal,281,281,0.0,1.732,0.019,243.0,168.0,"{""c_min"": 281, ""c_max"": 347}",
n50_os0.6_r6_uniform_17,n50_os0.6_r6_uniform,50,8,0.6016,6,uniform,ritt_costa,pli,optimal,281,281,0.0,1.081,0.028,310.0,429.0,"{""c_min"": 281, ""c_max"": 347}",
n50_os0.6_r6_uniform_18,n50_os0.6_r6_uniform,50,8,0.6016,6,uniform,patterson_albracht,pli,optimal,321,321,0.0,3.618,0.018,230.0,162.0,"{""c_min"": 321, ""c_max"": 374}",
n50_os0.6_r6_uniform_18,n50_os0.6_r6_uniform,50,8,0.6016,6,uniform,ritt_costa,pli,optimal,321,321,0.0,1.395,0.021,284.0,358.0,"{""c_min"": 321, ""c_max"": 374}",
n50_os0.6_r6_uniform_19,n50_os0.6_r6_uniform,50,8,0.6065,6,uniform,patterson_albracht,pli,optimal,300,300,0.0,1.267,0.019,247.0,158.0,"{""c_min"": 300, ""c_max"": 385}",
n50_os0.6_r6_uniform_19,n50_os0.6_r6_uniform,50,8,0.6065,6,uniform,ritt_costa,pli,optimal,300,300,0.0,0.909,0.031,333.0,421.0,"{""c_min"": 300, ""c_max"": 385}",
n50_os0.6_r6_uniform_20,n50_os0.6_r6_uniform,50,8,0.6024,6,uniform,patterson_albracht,pli,optimal,346,346,0.0,3.598,0.017,232.0,157.0,"{""c_min"": 346, ""c_max"": 405}",
n50_os0.6_r6_uniform_20,n50_os0.6_r6_uniform,50,8,0.6024,6,uniform,ritt_costa,pli,optimal,346,346,0.0,2.741,0.02,292.0,356.0,"{""c_min"": 346, ""c_max"": 405}",
n50_os0.6_r6_uniform_21,n50_os0.6_r6_uniform,50,8,0.6057,6,uniform,patterson_albracht,pli,optimal,341,341,0.0,1.061,0.015,249.0,167.0,"{""c_min"": 341, ""c_max"": 438}",
n50_os0.6_r6_uniform_21,n50_os0.6_r6_uniform,50,8,0.6057,6,uniform,ritt_costa,pli,optimal,341,341,0.0,1.699,0.028,347.0,442.0,"{""c_min"": 341, ""c_max"": 438}",
n50_os0.6_r6_uniform_22,n50_os0.6_r6_uniform,50,8,0.6008,6,uniform,patterson_albracht,pli,optimal,349,349,0.0,1.038,0.018,231.0,155.0,"{""c_min"": 349, ""c_max"": 410}",
n50_os0.6_r6_uniform_22,n50_os0.6_r6_uniform,50,8,0.6008,6,uniform,ritt_costa,pli,optimal,349,349,0.0,1.171,0.023,293.0,363.0,"{""c_min"": 349, ""c_max"": 410}",
n50_os0.6_r6_uniform_23,n50_os0.6_r6_uniform,50,8,0.6073,6,uniform,patterson_albracht,pli,optimal,318,318,0.0,21.197,0.02,242.0,160.0,"{""c_min"": 317, ""c_max"": 391}",
n50_os0.6_r6_uniform_23,n50_os0.6_r6_uniform,50,8,0.6073,6,uniform,ritt_costa,pli,optimal,318,318,0.0,44.055,0.026,317.0,405.0,"{""c_min"": 317, ""c_max"": 391}",
n50_os0.6_r6_uniform_24,n50_os0.6_r6_uniform,50,8,0.6033,6,uniform,patterson_albracht,pli,optimal,319,319,0.0,1.673,0.026,241.0,152.0,"{""c_min"": 319, ""c_max"": 390}",
n50_os0.6_r6_uniform_24,n50_os0.6_r6_uniform,50,8,0.6033,6,uniform,ritt_costa,pli,optimal,319,319,0.0,2.923,0.047,313.0,377.0,"{""c_min"": 319, ""c_max"": 390}",
n50_os0.6_r10_uniform_00,n50_os0.6_r10_uniform,50,5,0.6106,10,uniform,patterson_albracht,pli,optimal,418,418,0.0,0.153,0.016,155.0,150.0,"{""c_min"": 418, ""c_max"": 488}",
n50_os0.6_r10_uniform_00,n50_os0.6_r10_uniform,50,5,0.6106,10,uniform,ritt_costa,pli,optimal,418,418,0.0,0.111,0.021,226.0,229.0,"{""c_min"": 418, ""c_max"": 488}",
n50_os0.6_r10_uniform_01,n50_os0.6_r10_uniform,50,5,0.6008,10,uniform,patterson_albracht,pli,optimal,496,496,0.0,0.136,0.017,153.0,150.0,"{""c_min"": 496, ""c_max"": 586}",
n50_os0.6_r10_uniform_01,n50_os0.6_r10_uniform,50,5,0.6008,10,uniform,ritt_costa,pli,optimal,496,496,0.0,0.458,0.016,244.0,220.0,"{""c_min"": 496, ""c_max"": 586}",
n50_os0.6_r10_uniform_02,n50_os0.6_r10_uniform,50,5,0.6008,10,uniform,patterson_albracht,pli,optimal,525,525,0.0,0.133,0.018,149.0,152.0,"{""c_min"": 525, ""c_max"": 580}",
n50_os0.6_r10_uniform_02,n50_os0.6_r10_uniform,50,5,0.6008,10,uniform,ritt_costa,pli,optimal,525,525,0.0,0.163,0.014,205.0,208.0,"{""c_min"": 525, ""c_max"": 580}",
n50_os0.6_r10_uniform_03,n50_os0.6_r10_uniform,50,5,0.6016,10,uniform,patterson_albracht,pli,optimal,481,481,0.0,0.49,0.013,150.0,159.0,"{""c_min"": 481, ""c_max"": 523}",
n50_os0.6_r10_uniform_03,n50_os0.6_r10_uniform,50,5,0.6016,10,uniform,ritt_costa,pli,optimal,481,481,0.0,0.571,0.014,193.0,218.0,"{""c_min"": 481, ""c_max"": 523}",
n50_os0.6_r10_uniform_04,n50_os0.6_r10_uniform,50,5,0.6033,10,uniform,patterson_albracht,pli,optimal,544,544,0.0,0.719,0.02,164.0,165.0,"{""c_min"": 544, ""c_max"": 627}",
n50_os0.6_r10_uniform_04,n50_os0.6_r10_uniform,50,5,0.6033,10,uniform,ritt_costa,pli,optimal,544,544,0.0,0.823,0.024,248.0,269.0,"{""c_min"": 544, ""c_max"": 627}",
n50_os0.6_r10_uniform_05,n50_os0.6_r10_uniform,50,5,0.6033,10,uniform,patterson_albracht,pli,optimal,545,545,0.0,0.418,0.015,151.0,141.0,"{""c_min"": 545, ""c_max"": 592}",
n50_os0.6_r10_uniform_05,n50_os0.6_r10_uniform,50,5,0.6033,10,uniform,ritt_costa,pli,optimal,545,545,0.0,1.122,0.016,199.0,184.0,"{""c_min"": 545, ""c_max"": 592}",
n50_os0.6_r10_uniform_06,n50_os0.6_r10_uniform,50,5,0.6041,10,uniform,patterson_albracht,pli,optimal,498,498,0.0,0.445,0.019,158.0,156.0,"{""c_min"": 498, ""c_max"": 562}",
n50_os0.6_r10_uniform_06,n50_os0.6_r10_uniform,50,5,0.6041,10,uniform,ritt_costa,pli,optimal,498,498,0.0,0.335,0.019,223.0,227.0,"{""c_min"": 498, ""c_max"": 562}",
n50_os0.6_r10_uniform_07,n50_os0.6_r10_uniform,50,5,0.6024,10,uniform,patterson_albracht,pli,optimal,528,528,0.0,0.25,0.018,152.0,153.0,"{""c_min"": 528, ""c_max"": 600}",
n50_os0.6_r10_uniform_07,n50_os0.6_r10_uniform,50,5,0.6024,10,uniform,ritt_costa,pli,optimal,528,528,0.0,0.388,0.016,225.0,218.0,"{""c_min"": 528, ""c_max"": 600}",
n50_os0.6_r10_uniform_08,n50_os0.6_r10_uniform,50,5,0.6033,10,uniform,patterson_albracht,pli,optimal,512,512,0.0,0.498,0.016,136.0,148.0,"{""c_min"": 512, ""c_max"": 521}",
n50_os0.6_r10_uniform_08,n50_os0.6_r10_uniform,50,5,0.6033,10,uniform,ritt_costa,pli,optimal,512,512,0.0,0.341,0.007,146.0,161.0,"{""c_min"": 512, ""c_max"": 521}",
n50_os0.6_r10_uniform_09,n50_os0.6_r10_uniform,50,5,0.609,10,uniform,patterson_albracht,pli,optimal,462,462,0.0,0.363,0.017,150.0,146.0,"{""c_min"": 462, ""c_max"": 511}",
n50_os0.6_r10_uniform_09,n50_os0.6_r10_uniform,50,5,0.609,10,uniform,ritt_costa,pli,optimal,462,462,0.0,0.133,0.013,200.0,197.0,"{""c_min"": 462, ""c_max"": 511}",
n50_os0.6_r10_uniform_10,n50_os0.6_r10_uniform,50,5,0.6,10,uniform,patterson_albracht,pli,optimal,557,557,0.0,0.247,0.014,148.0,167.0,"{""c_min"": 557, ""c_max"": 604}",
n50_os0.6_r10_uniform_10,n50_os0.6_r10_uniform,50,5,0.6,10,uniform,ritt_costa,pli,optimal,557,557,0.0,0.362,0.015,196.0,218.0,"{""c_min"": 557, ""c_max"": 604}",
n50_os0.6_r10_uniform_11,n50_os0.6_r10_uniform,50,5,0.6098,10,uniform,patterson_albracht,pli,optimal,535,535,0.0,0.408,0.013,150.0,161.0,"{""c_min"": 535, ""c_max"": 596}",
n50_os0.6_r10_uniform_11,n50_os0.6_r10_uniform,50,5,0.6098,10,uniform,ritt_costa,pli,optimal,535,535,0.0,0.402,0.016,212.0,218.0,"{""c_min"": 535, ""c_max"": 596}",
n50_os0.6_r10_uniform_12,n50_os0.6_r10_uniform,50,5,0.6041,10,uniform,patterson_albracht,pli,optimal,543,543,0.0,0.284,0.013,154.0,143.0,"{""c_min"": 543, ""c_max"": 611}",
n50_os0.6_r10_uniform_12,n50_os0.6_r10_uniform,50,5,0.6041,10,uniform,ritt_costa,pli,optimal,543,543,0.0,0.112,0.013,223.0,209.0,"{""c_min"": 543, ""c_max"": 611}",
n50_os0.6_r10_uniform_13,n50_os0.6_r10_uniform,50,5,0.6,10,uniform,patterson_albracht,pli,optimal,468,468,0.0,0.531,0.014,153.0,154.0,"{""c_min"": 468, ""c_max"": 546}",
n50_os0.6_r10_uniform_13,n50_os0.6_r10_uniform,50,5,0.6,10,uniform,ritt_costa,pli,optimal,468,468,0.0,0.235,0.014,232.0,219.0,"{""c_min"": 468, ""c_max"": 546}",
n50_os0.6_r10_uniform_14,n50_os0.6_r10_uniform,50,5,0.6041,10,uniform,patterson_albracht,pli,optimal,562,562,0.0,0.51,0.011,151.0,139.0,"{""c_min"": 562, ""c_max"": 631}",
n50_os0.6_r10_uniform_14,n50_os0.6_r10_uniform,50,5,0.6041,10,uniform,ritt_costa,pli,optimal,562,562,0.0,0.792,0.012,221.0,207.0,"{""c_min"": 562, ""c_max"": 631}",
n50_os0.6_r10_uniform_15,n50_os0.6_r10_uniform,50,5,0.6098,10,uniform,patterson_albracht,pli,optimal,540,540,0.0,0.271,0.01,144.0,146.0,"{""c_min"": 540, ""c_max"": 574}",
n50_os0.6_r10_uniform_15,n50_os0.6_r10_uniform,50,5,0.6098,10,uniform,ritt_costa,pli,optimal,540,540,0.0,0.223,0.009,179.0,190.0,"{""c_min"": 540, ""c_max"": 574}",
n50_os0.6_r10_uniform_16,n50_os0.6_r10_uniform,50,5,0.6008,10,uniform,patterson_albracht,pli,optimal,509,509,0.0,0.342,0.017,166.0,161.0,"{""c_min"": 509, ""c_max"": 598}",
n50_os0.6_r10_uniform_16,n50_os0.6_r10_uniform,50,5,0.6008,10,uniform,ritt_costa,pli,optimal,509,509,0.0,0.176,0.016,256.0,265.0,"{""c_min"": 509, ""c_max"": 598}",
n50_os0.6_r10_uniform_17,n50_os0.6_r10_uniform,50,5,0.6008,10,uniform,patterson_albracht,pli,optimal,433,433,0.0,0.365,0.013,153.0,144.0,"{""c_min"": 433, ""c_max"": 489}",
n50_os0.6_r10_uniform_17,n50_os0.6_r10_uniform,50,5,0.6008,10,uniform,ritt_costa,pli,optimal,433,433,0.0,0.151,0.014,210.0,211.0,"{""c_min"": 433, ""c_max"": 489}",
n50_os0.6_r10_uniform_18,n50_os0.6_r10_uniform,50,5,0.6008,10,uniform,patterson_albracht,pli,optimal,441,441,0.0,0.472,0.013,153.0,145.0,"{""c_min"": 441, ""c_max"": 499}",
n50_os0.6_r10_uniform_18,n50_os0.6_r10_uniform,50,5,0.6008,10,uniform,ritt_costa,pli,optimal,441,441,0.0,0.415,0.015,212.0,207.0,"{""c_min"": 441, ""c_max"": 499}",
n50_os0.6_r10_uniform_19,n50_os0.6_r10_uniform,50,5,0.6033,10,uniform,patterson_albracht,pli,optimal,509,509,0.0,0.285,0.013,162.0,153.0,"{""c_min"": 509, ""c_max"": 583}",
n50_os0.6_r10_uniform_19,n50_os0.6_r10_uniform,50,5,0.6033,10,uniform,ritt_costa,pli,optimal,509,509,0.0,0.351,0.02,237.0,246.0,"{""c_min"": 509, ""c_max"": 583}",
n50_os0.6_r10_uniform_20,n50_os0.6_r10_uniform,50,5,0.6008,10,uniform,patterson_albracht,pli,optimal,442,442,0.0,0.354,0.019,160.0,163.0,"{""c_min"": 442, ""c_max"": 509}",
n50_os0.6_r10_uniform_20,n50_os0.6_r10_uniform,50,5,0.6008,10,uniform,ritt_costa,pli,optimal,442,442,0.0,0.195,0.02,228.0,260.0,"{""c_min"": 442, ""c_max"": 509}",
n50_os0.6_r10_uniform_21,n50_os0.6_r10_uniform,50,5,0.6016,10,uniform,patterson_albracht,pli,optimal,461,461,0.0,0.536,0.018,159.0,158.0,"{""c_min"": 461, ""c_max"": 529}",
n50_os0.6_r10_uniform_21,n50_os0.6_r10_uniform,50,5,0.6016,10,uniform,ritt_costa,pli,optimal,461,461,0.0,0.284,0.015,228.0,244.0,"{""c_min"": 461, ""c_max"": 529}",
n50_os0.6_r10_uniform_22,n50_os0.6_r10_uniform,50,5,0.6016,10,uniform,patterson_albracht,pli,optimal,440,440,0.0,0.09,0.017,138.0,155.0,"{""c_min"": 440, ""c_max"": 484}",
n50_os0.6_r10_uniform_22,n50_os0.6_r10_uniform,50,5,0.6016,10,uniform,ritt_costa,pli,optimal,440,440,0.0,0.175,0.011,183.0,187.0,"{""c_min"": 440, ""c_max"": 484}",
n50_os0.6_r10_uniform_23,n50_os0.6_r10_uniform,50,5,0.6057,10,uniform,patterson_albracht,pli,optimal,588,588,0.0,0.569,0.021,157.0,164.0,"{""c_min"": 588, ""c_max"": 684}",
n50_os0.6_r10_uniform_23,n50_os0.6_r10_uniform,50,5,0.6057,10,uniform,ritt_costa,pli,optimal,588,588,0.0,0.696,0.022,254.0,260.0,"{""c_min"": 588, ""c_max"": 684}",
n50_os0.6_r10_uniform_24,n50_os0.6_r10_uniform,50,5,0.6073,10,uniform,patterson_albracht,pli,optimal,464,464,0.0,0.13,0.015,143.0,143.0,"{""c_min"": 464, ""c_max"": 487}",
n50_os0.6_r10_uniform_24,n50_os0.6_r10_uniform,50,5,0.6073,10,uniform,ritt_costa,pli,optimal,464,464,0.0,0.28,0.01,167.0,167.0,"{""c_min"": 464, ""c_max"": 487}",
n50_os0.9_r3_uniform_03,n50_os0.9_r3_uniform,50,17,0.9078,3,uniform,patterson_albracht,pli,optimal,147,147,0.0,2.255,0.022,372.0,145.0,"{""c_min"": 131, ""c_max"": 194}",
n50_os0.9_r3_uniform_03,n50_os0.9_r3_uniform,50,17,0.9078,3,uniform,ritt_costa,pli,optimal,147,147,0.0,0.63,0.058,436.0,761.0,"{""c_min"": 131, ""c_max"": 194}",
n50_os0.9_r3_uniform_08,n50_os0.9_r3_uniform,50,17,0.9004,3,uniform,patterson_albracht,pli,optimal,161,161,0.0,4.0,0.025,394.0,147.0,"{""c_min"": 152, ""c_max"": 237}",
n50_os0.9_r3_uniform_08,n50_os0.9_r3_uniform,50,17,0.9004,3,uniform,ritt_costa,pli,optimal,161,161,0.0,0.852,0.082,480.0,832.0,"{""c_min"": 152, ""c_max"": 237}",
n50_os0.9_r3_uniform_09,n50_os0.9_r3_uniform,50,17,0.902,3,uniform,patterson_albracht,pli,optimal,162,162,0.0,4.13,0.022,404.0,148.0,"{""c_min"": 156, ""c_max"": 245}",
n50_os0.9_r3_uniform_09,n50_os0.9_r3_uniform,50,17,0.902,3,uniform,ritt_costa,pli,optimal,162,162,0.0,0.619,0.076,494.0,864.0,"{""c_min"": 156, ""c_max"": 245}",
n50_os0.9_r3_uniform_11,n50_os0.9_r3_uniform,50,17,0.9061,3,uniform,patterson_albracht,pli,optimal,179,179,0.0,2.831,0.022,348.0,156.0,"{""c_min"": 170, ""c_max"": 235}",
n50_os0.9_r3_uniform_11,n50_os0.9_r3_uniform,50,17,0.9061,3,uniform,ritt_costa,pli,optimal,179,179,0.0,1.049,0.055,414.0,743.0,"{""c_min"": 170, ""c_max"": 235}",
n50_os0.9_r3_uniform_16,n50_os0.9_r3_uniform,50,17,0.902,3,uniform,patterson_albracht,pli,optimal,171,171,0.0,1.603,0.02,323.0,159.0,"{""c_min"": 161, ""c_max"": 220}",
n50_os0.9_r3_uniform_16,n50_os0.9_r3_uniform,50,17,0.902,3,uniform,ritt_costa,pli,optimal,171,171,0.0,0.76,0.047,383.0,684.0,"{""c_min"": 161, ""c_max"": 220}",
n50_os0.9_r3_uniform_20,n50_os0.9_r3_uniform,50,17,0.9037,3,uniform,patterson_albracht,pli,optimal,166,166,0.0,3.304,0.022,389.0,148.0,"{""c_min"": 155, ""c_max"": 237}",
n50_os0.9_r3_uniform_20,n50_os0.9_r3_uniform,50,17,0.9037,3,uniform,ritt_costa,pli,optimal,166,166,0.0,0.639,0.07,472.0,833.0,"{""c_min"": 155, ""c_max"": 237}",
n50_os0.9_r3_uniform_23,n50_os0.9_r3_uniform,50,17,0.9004,3,uniform,patterson_albracht,pli,optimal,173,173,0.0,3.673,0.021,383.0,145.0,"{""c_min"": 156, ""c_max"": 236}",
n50_os0.9_r3_uniform_23,n50_os0.9_r3_uniform,50,17,0.9004,3,uniform,ritt_costa,pli,optimal,173,173,0.0,1.542,0.066,464.0,794.0,"{""c_min"": 156, ""c_max"": 236}",
n50_os0.9_r6_uniform_00,n50_os0.9_r6_uniform,50,8,0.9012,6,uniform,patterson_albracht,pli,optimal,367,367,0.0,0.214,0.01,156.0,135.0,"{""c_min"": 359, ""c_max"": 450}",
n50_os0.9_r6_uniform_00,n50_os0.9_r6_uniform,50,8,0.9012,6,uniform,ritt_costa,pli,optimal,367,367,0.0,0.154,0.023,248.0,261.0,"{""c_min"": 359, ""c_max"": 450}",
n50_os0.9_r6_uniform_01,n50_os0.9_r6_uniform,50,8,0.902,6,uniform,patterson_albracht,pli,optimal,331,331,0.0,0.152,0.009,117.0,142.0,"{""c_min"": 325, ""c_max"": 359}",
n50_os0.9_r6_uniform_01,n50_os0.9_r6_uniform,50,8,0.902,6,uniform,ritt_costa,pli,optimal,331,331,0.0,0.098,0.008,152.0,164.0,"{""c_min"": 325, ""c_max"": 359}",
n50_os0.9_r6_uniform_02,n50_os0.9_r6_uniform,50,8,0.9061,6,uniform,patterson_albracht,pli,optimal,315,315,0.0,0.123,0.011,157.0,137.0,"{""c_min"": 311, ""c_max"": 387}",
n50_os0.9_r6_uniform_02,n50_os0.9_r6_uniform,50,8,0.9061,6,uniform,ritt_costa,pli,optimal,315,315,0.0,0.16,0.03,234.0,265.0,"{""c_min"": 311, ""c_max"": 387}",
n50_os0.9_r6_uniform_03,n50_os0.9_r6_uniform,50,8,0.9004,6,uniform,patterson_albracht,pli,optimal,315,315,0.0,0.21,0.01,165.0,132.0,"{""c_min"": 310, ""c_max"": 381}",
n50_os0.9_r6_uniform_03,n50_os0.9_r6_uniform,50,8,0.9004,6,uniform,ritt_costa,pli,optimal,315,315,0.0,0.169,0.02,237.0,272.0,"{""c_min"": 310, ""c_max"": 381}",
n50_os0.9_r6_uniform_04,n50_os0.9_r6_uniform,50,8,0.9004,6,uniform,patterson_albracht,pli,optimal,307,307,0.0,0.147,0.012,161.0,131.0,"{""c_min"": 298, ""c_max"": 381}",
n50_os0.9_r6_uniform_04,n50_os0.9_r6_uniform,50,8,0.9004,6,uniform,ritt_costa,pli,optimal,307,307,0.0,0.151,0.025,245.0,276.0,"{""c_min"": 298, ""c_max"": 381}",
n50_os0.9_r6_uniform_06,n50_os0.9_r6_uniform,50,8,0.902,6,uniform,patterson_albracht,pli,optimal,303,303,0.0,0.068,0.009,126.0,138.0,"{""c_min"": 298, ""c_max"": 327}",
n50_os0.9_r6_uniform_06,n50_os0.9_r6_uniform,50,8,0.902,6,uniform,ritt_costa,pli,optimal,303,303,0.0,0.075,0.009,156.0,181.0,"{""c_min"": 298, ""c_max"": 327}",
n50_os0.9_r6_uniform_07,n50_os0.9_r6_uniform,50,8,0.9004,6,uniform,patterson_albracht,pli,optimal,316,316,0.0,0.085,0.01,135.0,146.0,"{""c_min"": 301, ""c_max"": 358}",
n50_os0.9_r6_uniform_07,n50_os0.9_r6_uniform,50,8,0.9004,6,uniform,ritt_costa,pli,optimal,316,316,0.0,0.085,0.016,193.0,228.0,"{""c_min"": 301, ""c_max"": 358}",
n50_os0.9_r6_uniform_08,n50_os0.9_r6_uniform,50,8,0.9004,6,uniform,patterson_albracht,pli,optimal,313,313,0.0,0.222,0.011,162.0,140.0,"{""c_min"": 307, ""c_max"": 390}",
n50_os0.9_r6_uniform_08,n50_os0.9_r6_uniform,50,8,0.9004,6,uniform,ritt_costa,pli,optimal,313,313,0.0,0.182,0.023,246.0,285.0,"{""c_min"": 307, ""c_max"": 390}",
n50_os0.9_r6_uniform_09,n50_os0.9_r6_uniform,50,8,0.9012,6,uniform,patterson_albracht,pli,optimal,314,314,0.0,0.231,0.01,158.0,138.0,"{""c_min"": 305, ""c_max"": 386}",
n50_os0.9_r6_uniform_09,n50_os0.9_r6_uniform,50,8,0.9012,6,uniform,ritt_costa,pli,optimal,314,314,0.0,0.188,0.025,240.0,272.0,"{""c_min"": 305, ""c_max"": 386}",
n50_os0.9_r6_uniform_10,n50_os0.9_r6_uniform,50,8,0.9029,6,uniform,patterson_albracht,pli,optimal,338,338,0.0,0.071,0.014,122.0,136.0,"{""c_min"": 332, ""c_max"": 375}",
n50_os0.9_r6_uniform_10,n50_os0.9_r6_uniform,50,8,0.9029,6,uniform,ritt_costa,pli,optimal,338,338,0.0,0.1,0.012,166.0,180.0,"{""c_min"": 332, ""c_max"": 375}",
n50_os0.9_r6_uniform_11,n50_os0.9_r6_uniform,50,8,0.9029,6,uniform,patterson_albracht,pli,optimal,302,302,0.0,0.116,0.011,162.0,137.0,"{""c_min"": 295, ""c_max"": 374}",
n50_os0.9_r6_uniform_11,n50_os0.9_r6_uniform,50,8,0.9029,6,uniform,ritt_costa,pli,optimal,302,302,0.0,0.116,0.022,242.0,283.0,"{""c_min"": 295, ""c_max"": 374}",
n50_os0.9_r6_uniform_12,n50_os0.9_r6_uniform,50,8,0.9029,6,uniform,patterson_albracht,pli,optimal,349,349,0.0,0.144,0.031,123.0,146.0,"{""c_min"": 339, ""c_max"": 387}",
n50_os0.9_r6_uniform_12,n50_os0.9_r6_uniform,50,8,0.9029,6,uniform,ritt_costa,pli,optimal,349,349,0.0,0.064,0.011,172.0,190.0,"{""c_min"": 339, ""c_max"": 387}",
n50_os0.9_r6_uniform_13,n50_os0.9_r6_uniform,50,8,0.9102,6,uniform,patterson_albracht,pli,optimal,347,347,0.0,0.235,0.01,147.0,143.0,"{""c_min"": 338, ""c_max"": 407}",
n50_os0.9_r6_uniform_13,n50_os0.9_r6_uniform,50,8,0.9102,6,uniform,ritt_costa,pli,optimal,347,347,0.0,0.136,0.019,217.0,252.0,"{""c_min"": 338, ""c_max"": 407}",
n50_os0.9_r6_uniform_15,n50_os0.9_r6_uniform,50,8,0.902,6,uniform,patterson_albracht,pli,optimal,303,303,0.0,0.134,0.009,128.0,142.0,"{""c_min"": 296, ""c_max"": 341}",
n50_os0.9_r6_uniform_15,n50_os0.9_r6_uniform,50,8,0.902,6,uniform,ritt_costa,pli,optimal,303,303,0.0,0.128,0.012,174.0,200.0,"{""c_min"": 296, ""c_max"": 341}",
n50_os0.9_r6_uniform_16,n50_os0.9_r6_uniform,50,8,0.9053,6,uniform,patterson_albracht,pli,optimal,319,319,0.0,0.127,0.011,142.0,145.0,"{""c_min"": 315, ""c_max"": 375}",
n50_os0.9_r6_uniform_16,n50_os0.9_r6_uniform,50,8,0.9053,6,uniform,ritt_costa,pli,optimal,319,319,0.0,0.11,0.016,203.0,241.0,"{""c_min"": 315, ""c_max"": 375}",
n50_os0.9_r6_uniform_17,n50_os0.9_r6_uniform,50,8,0.9012,6,uniform,patterson_albracht,pli,optimal,306,306,0.0,0.218,0.01,153.0,130.0,"{""c_min"": 299, ""c_max"": 371}",
n50_os0.9_r6_uniform_17,n50_os0.9_r6_uniform,50,8,0.9012,6,uniform,ritt_costa,pli,optimal,306,306,0.0,0.152,0.018,226.0,249.0,"{""c_min"": 299, ""c_max"": 371}",
n50_os0.9_r6_uniform_18,n50_os0.9_r6_uniform,50,8,0.9004,6,uniform,patterson_albracht,pli,optimal,303,303,0.0,0.215,0.011,150.0,140.0,"{""c_min"": 294, ""c_max"": 360}",
n50_os0.9_r6_uniform_18,n50_os0.9_r6_uniform,50,8,0.9004,6,uniform,ritt_costa,pli,optimal,303,303,0.0,0.136,0.019,217.0,260.0,"{""c_min"": 294, ""c_max"": 360}",
n50_os0.9_r6_uniform_19,n50_os0.9_r6_uniform,50,8,0.9004,6,uniform,patterson_albracht,pli,optimal,329,329,0.0,0.109,0.011,153.0,143.0,"{""c_min"": 319, ""c_max"": 389}",
n50_os0.9_r6_uniform_19,n50_os0.9_r6_uniform,50,8,0.9004,6,uniform,ritt_costa,pli,optimal,329,329,0.0,0.141,0.02,224.0,266.0,"{""c_min"": 319, ""c_max"": 389}",
n50_os0.9_r6_uniform_20,n50_os0.9_r6_uniform,50,8,0.9012,6,uniform,patterson_albracht,pli,optimal,360,360,0.0,0.102,0.009,130.0,138.0,"{""c_min"": 352, ""c_max"": 405}",
n50_os0.9_r6_uniform_20,n50_os0.9_r6_uniform,50,8,0.9012,6,uniform,ritt_costa,pli,optimal,360,360,0.0,0.124,0.012,184.0,196.0,"{""c_min"": 352, ""c_max"": 405}",
n50_os0.9_r6_uniform_21,n50_os0.9_r6_uniform,50,8,0.9012,6,uniform,patterson_albracht,pli,optimal,313,313,0.0,0.144,0.01,158.0,142.0,"{""c_min"": 304, ""c_max"": 385}",
n50_os0.9_r6_uniform_21,n50_os0.9_r6_uniform,50,8,0.9012,6,uniform,ritt_costa,pli,optimal,313,313,0.0,0.218,0.022,240.0,280.0,"{""c_min"": 304, ""c_max"": 385}",
n50_os0.9_r6_uniform_22,n50_os0.9_r6_uniform,50,8,0.902,6,uniform,patterson_albracht,pli,optimal,333,333,0.0,0.103,0.01,158.0,137.0,"{""c_min"": 329, ""c_max"": 412}",
n50_os0.9_r6_uniform_22,n50_os0.9_r6_uniform,50,8,0.902,6,uniform,ritt_costa,pli,optimal,333,333,0.0,0.144,0.022,242.0,270.0,"{""c_min"": 329, ""c_max"": 412}",
n50_os0.9_r6_uniform_24,n50_os0.9_r6_uniform,50,8,0.9012,6,uniform,patterson_albracht,pli,optimal,328,328,0.0,0.064,0.01,153.0,140.0,"{""c_min"": 321, ""c_max"": 404}",
n50_os0.9_r6_uniform_24,n50_os0.9_r6_uniform,50,8,0.9012,6,uniform,ritt_costa,pli,optimal,328,328,0.0,0.108,0.021,237.0,267.0,"{""c_min"": 321, ""c_max"": 404}",
n50_os0.9_r10_uniform_00,n50_os0.9_r10_uniform,50,5,0.9004,10,uniform,patterson_albracht,pli,optimal,508,508,0.0,0.035,0.008,95.0,134.0,"{""c_min"": 497, ""c_max"": 566}",
n50_os0.9_r10_uniform_00,n50_os0.9_r10_uniform,50,5,0.9004,10,uniform,ritt_costa,pli,optimal,508,508,0.0,0.059,0.009,165.0,134.0,"{""c_min"": 497, ""c_max"": 566}",
n50_os0.9_r10_uniform_03,n50_os0.9_r10_uniform,50,5,0.9004,10,uniform,patterson_albracht,pli,optimal,560,560,0.0,0.046,0.009,103.0,141.0,"{""c_min"": 548, ""c_max"": 643}",
n50_os0.9_r10_uniform_03,n50_os0.9_r10_uniform,50,5,0.9004,10,uniform,ritt_costa,pli,optimal,560,560,0.0,0.082,0.013,199.0,160.0,"{""c_min"": 548, ""c_max"": 643}",
n50_os0.9_r10_uniform_04,n50_os0.9_r10_uniform,50,5,0.902,10,uniform,patterson_albracht,pli,optimal,559,559,0.0,0.025,0.007,82.0,145.0,"{""c_min"": 550, ""c_max"": 587}",
n50_os0.9_r10_uniform_04,n50_os0.9_r10_uniform,50,5,0.902,10,uniform,ritt_costa,pli,optimal,559,559,0.0,0.032,0.005,120.0,101.0,"{""c_min"": 550, ""c_max"": 587}",
n50_os0.9_r10_uniform_06,n50_os0.9_r10_uniform,50,5,0.9029,10,uniform,patterson_albracht,pli,optimal,534,534,0.0,0.033,0.007,93.0,140.0,"{""c_min"": 529, ""c_max"": 602}",
n50_os0.9_r10_uniform_06,n50_os0.9_r10_uniform,50,5,0.9029,10,uniform,ritt_costa,pli,optimal,534,534,0.0,0.046,0.009,167.0,131.0,"{""c_min"": 529, ""c_max"": 602}",
n50_os0.9_r10_uniform_07,n50_os0.9_r10_uniform,50,5,0.9012,10,uniform,patterson_albracht,pli,optimal,530,530,0.0,0.035,0.007,96.0,134.0,"{""c_min"": 526, ""c_max"": 593}",
n50_os0.9_r10_uniform_07,n50_os0.9_r10_uniform,50,5,0.9012,10,uniform,ritt_costa,pli,optimal,530,530,0.0,0.064,0.01,164.0,138.0,"{""c_min"": 526, ""c_max"": 593}",
n50_os0.9_r10_uniform_08,n50_os0.9_r10_uniform,50,5,0.9004,10,uniform,patterson_albracht,pli,optimal,443,443,0.0,0.046,0.008,102.0,135.0,"{""c_min"": 436, ""c_max"": 503}",
n50_os0.9_r10_uniform_08,n50_os0.9_r10_uniform,50,5,0.9004,10,uniform,ritt_costa,pli,optimal,443,443,0.0,0.063,0.01,170.0,151.0,"{""c_min"": 436, ""c_max"": 503}",
n50_os0.9_r10_uniform_09,n50_os0.9_r10_uniform,50,5,0.9012,10,uniform,patterson_albracht,pli,optimal,533,533,0.0,0.033,0.008,89.0,129.0,"{""c_min"": 528, ""c_max"": 575}",
n50_os0.9_r10_uniform_09,n50_os0.9_r10_uniform,50,5,0.9012,10,uniform,ritt_costa,pli,optimal,533,533,0.0,0.041,0.007,137.0,114.0,"{""c_min"": 528, ""c_max"": 575}",
n50_os0.9_r10_uniform_10,n50_os0.9_r10_uniform,50,5,0.9004,10,uniform,patterson_albracht,pli,optimal,478,478,0.0,0.04,0.007,95.0,137.0,"{""c_min"": 475, ""c_max"": 533}",
n50_os0.9_r10_uniform_10,n50_os0.9_r10_uniform,50,5,0.9004,10,uniform,ritt_costa,pli,optimal,478,478,0.0,0.065,0.008,154.0,134.0,"{""c_min"": 475, ""c_max"": 533}",
n50_os0.9_r10_uniform_11,n50_os0.9_r10_uniform,50,5,0.9012,10,uniform,patterson_albracht,pli,optimal,440,440,0.0,0.033,0.007,97.0,139.0,"{""c_min"": 438, ""c_max"": 491}",
n50_os0.9_r10_uniform_11,n50_os0.9_r10_uniform,50,5,0.9012,10,uniform,ritt_costa,pli,optimal,440,440,0.0,0.034,0.008,151.0,141.0,"{""c_min"": 438, ""c_max"": 491}",
n50_os0.9_r10_uniform_12,n50_os0.9_r10_uniform,50,5,0.9004,10,uniform,patterson_albracht,pli,optimal,421,421,0.0,0.036,0.007,95.0,133.0,"{""c_min"": 416, ""c_max"": 483}",
n50_os0.9_r10_uniform_12,n50_os0.9_r10_uniform,50,5,0.9004,10,uniform,ritt_costa,pli,optimal,421,421,0.0,0.051,0.008,163.0,129.0,"{""c_min"": 416, ""c_max"": 483}",
n50_os0.9_r10_uniform_13,n50_os0.9_r10_uniform,50,5,0.9012,10,uniform,patterson_albracht,pli,optimal,572,572,0.0,0.034,0.007,87.0,137.0,"{""c_min"": 563, ""c_max"": 620}",
n50_os0.9_r10_uniform_13,n50_os0.9_r10_uniform,50,5,0.9012,10,uniform,ritt_costa,pli,optimal,572,572,0.0,0.055,0.007,145.0,114.0,"{""c_min"": 563, ""c_max"": 620}",
n50_os0.9_r10_uniform_14,n50_os0.9_r10_uniform,50,5,0.9004,10,uniform,patterson_albracht,pli,optimal,467,467,0.0,0.04,0.007,92.0,131.0,"{""c_min"": 465, ""c_max"": 525}",
n50_os0.9_r10_uniform_14,n50_os0.9_r10_uniform,50,5,0.9004,10,uniform,ritt_costa,pli,optimal,467,467,0.0,0.047,0.008,153.0,119.0,"{""c_min"": 465, ""c_max"": 525}",
n50_os0.9_r10_uniform_15,n50_os0.9_r10_uniform,50,5,0.9004,10,uniform,patterson_albracht,pli,optimal,534,534,0.0,0.028,0.006,79.0,137.0,"{""c_min"": 528, ""c_max"": 557}",
n50_os0.9_r10_uniform_15,n50_os0.9_r10_uniform,50,5,0.9004,10,uniform,ritt_costa,pli,optimal,534,534,0.0,0.037,0.004,109.0,85.0,"{""c_min"": 528, ""c_max"": 557}",
n50_os0.9_r10_uniform_16,n50_os0.9_r10_uniform,50,5,0.9029,10,uniform,patterson_albracht,pli,optimal,552,552,0.0,0.024,0.007,79.0,139.0,"{""c_min"": 548, ""c_max"": 580}",
n50_os0.9_r10_uniform_16,n50_os0.9_r10_uniform,50,5,0.9029,10,uniform,ritt_costa,pli,optimal,552,552,0.0,0.026,0.005,112.0,95.0,"{""c_min"": 548, ""c_max"": 580}",
n50_os0.9_r10_uniform_17,n50_os0.9_r10_uniform,50,5,0.902,10,uniform,patterson_albracht,pli,optimal,509,509,0.0,0.03,0.007,87.0,143.0,"{""c_min"": 501, ""c_max"": 541}",
n50_os0.9_r10_uniform_17,n50_os0.9_r10_uniform,50,5,0.902,10,uniform,ritt_costa,pli,optimal,509,509,0.0,0.04,0.006,128.0,117.0,"{""c_min"": 501, ""c_max"": 541}",
n50_os0.9_r10_uniform_18,n50_os0.9_r10_uniform,50,5,0.9012,10,uniform,patterson_albracht,pli,optimal,520,520,0.0,0.034,0.009,90.0,142.0,"{""c_min"": 519, ""c_max"": 569}",
n50_os0.9_r10_uniform_18,n50_os0.9_r10_uniform,50,5,0.9012,10,uniform,ritt_costa,pli,optimal,520,520,0.0,0.038,0.007,141.0,122.0,"{""c_min"": 519, ""c_max"": 569}",
n50_os0.9_r10_uniform_19,n50_os0.9_r10_uniform,50,5,0.9094,10,uniform,patterson_albracht,pli,optimal,532,532,0.0,0.048,0.008,94.0,135.0,"{""c_min"": 530, ""c_max"": 604}",
n50_os0.9_r10_uniform_19,n50_os0.9_r10_uniform,50,5,0.9094,10,uniform,ritt_costa,pli,optimal,532,532,0.0,0.053,0.008,169.0,128.0,"{""c_min"": 530, ""c_max"": 604}",
n50_os0.9_r10_uniform_20,n50_os0.9_r10_uniform,50,5,0.9012,10,uniform,patterson_albracht,pli,optimal,472,472,0.0,0.047,0.006,83.0,134.0,"{""c_min"": 469, ""c_max"": 499}",
n50_os0.9_r10_uniform_20,n50_os0.9_r10_uniform,50,5,0.9012,10,uniform,ritt_costa,pli,optimal,472,472,0.0,0.036,0.004,114.0,88.0,"{""c_min"": 469, ""c_max"": 499}",
n50_os0.9_r10_uniform_21,n50_os0.9_r10_uniform,50,5,0.9012,10,uniform,patterson_albracht,pli,optimal,477,477,0.0,0.041,0.006,86.0,135.0,"{""c_min"": 472, ""c_max"": 526}",
n50_os0.9_r10_uniform_21,n50_os0.9_r10_uniform,50,5,0.9012,10,uniform,ritt_costa,pli,optimal,477,477,0.0,0.046,0.006,141.0,105.0,"{""c_min"": 472, ""c_max"": 526}",
n50_os0.9_r10_uniform_22,n50_os0.9_r10_uniform,50,5,0.9004,10,uniform,patterson_albracht,pli,optimal,482,482,0.0,0.041,0.007,90.0,138.0,"{""c_min"": 479, ""c_max"": 531}",
n50_os0.9_r10_uniform_22,n50_os0.9_r10_uniform,50,5,0.9004,10,uniform,ritt_costa,pli,optimal,482,482,0.0,0.05,0.007,143.0,113.0,"{""c_min"": 479, ""c_max"": 531}",
n50_os0.9_r10_uniform_23,n50_os0.9_r10_uniform,50,5,0.9029,10,uniform,patterson_albracht,pli,optimal,508,508,0.0,0.029,0.008,99.0,142.0,"{""c_min"": 504, ""c_max"": 569}",
n50_os0.9_r10_uniform_23,n50_os0.9_r10_uniform,50,5,0.9029,10,uniform,ritt_costa,pli,optimal,508,508,0.0,0.067,0.011,165.0,154.0,"{""c_min"": 504, ""c_max"": 569}",
n50_os0.9_r10_uniform_24,n50_os0.9_r10_uniform,50,5,0.9004,10,uniform,patterson_albracht,pli,optimal,455,455,0.0,0.036,0.008,100.0,139.0,"{""c_min"": 451, ""c_max"": 512}",
n50_os0.9_r10_uniform_24,n50_os0.9_r10_uniform,50,5,0.9004,10,uniform,ritt_costa,pli,optimal,455,455,0.0,0.059,0.01,162.0,150.0,"{""c_min"": 451, ""c_max"": 512}",
n100_os0.2_r3_uniform_00,n100_os0.2_r3_uniform,100,33,0.203,3,uniform,patterson_albracht,pli,feasible,145,143,0.013986,180.336,0.176,2950.0,327.0,"{""c_min"": 143, ""c_max"": 224}",
n100_os0.2_r3_uniform_00,n100_os0.2_r3_uniform,100,33,0.203,3,uniform,ritt_costa,pli,feasible,145,143,0.013986,180.967,0.507,3032.0,5430.0,"{""c_min"": 143, ""c_max"": 224}",
n100_os0.2_r3_uniform_01,n100_os0.2_r3_uniform,100,33,0.2101,3,uniform,patterson_albracht,pli,feasible,161,158,0.018987,180.305,0.167,2897.0,325.0,"{""c_min"": 158, ""c_max"": 242}",
n100_os0.2_r3_uniform_01,n100_os0.2_r3_uniform,100,33,0.2101,3,uniform,ritt_costa,pli,feasible,160,158,0.012658,181.008,0.516,2982.0,5274.0,"{""c_min"": 158, ""c_max"": 242}",
n100_os0.2_r3_uniform_02,n100_os0.2_r3_uniform,100,33,0.2016,3,uniform,patterson_albracht,pli,feasible,163,162,0.006173,180.324,0.187,2885.0,351.0,"{""c_min"": 162, ""c_max"": 240}",
n100_os0.2_r3_uniform_02,n100_os0.2_r3_uniform,100,33,0.2016,3,uniform,ritt_costa,pli,feasible,164,162,0.012346,181.041,0.553,2964.0,5756.0,"{""c_min"": 162, ""c_max"": 240}",
n100_os0.2_r3_uniform_03,n100_os0.2_r3_uniform,100,33,0.2026,3,uniform,patterson_albracht,pli,feasible,146,144,0.013889,180.265,0.165,2987.0,313.0,"{""c_min"": 144, ""c_max"": 235}",
n100_os0.2_r3_uniform_03,n100_os0.2_r3_uniform,100,33,0.2026,3,uniform,ritt_costa,pli,feasible,146,144,0.013889,180.911,0.529,3079.0,5143.0,"{""c_min"": 144, ""c_max"": 235}",
n100_os0.2_r3_uniform_04,n100_os0.2_r3_uniform,100,33,0.2036,3,uniform,patterson_albracht,pli,feasible,153,150,0.02,180.412,0.171,2888.0,328.0,"{""c_min"": 150, ""c_max"": 226}",
n100_os0.2_r3_uniform_04,n100_os0.2_r3_uniform,100,33,0.2036,3,uniform,ritt_costa,pli,feasible,153,150,0.02,180.922,0.49,2965.0,5210.0,"{""c_min"": 150, ""c_max"": 226}",
n100_os0.2_r3_uniform_05,n100_os0.2_r3_uniform,100,33,0.2012,3,uniform,patterson_albracht,pli,feasible,136,135,0.007407,180.341,0.165,2925.0,318.0,"{""c_min"": 135, ""c_max"": 201}",
n100_os0.2_r3_uniform_05,n100_os0.2_r3_uniform,100,33,0.2012,3,uniform,ritt_costa,pli,feasible,136,135,0.007407,181.514,0.565,2992.0,5094.0,"{""c_min"": 135, ""c_max"": 201}",
n100_os0.2_r3_uniform_06,n100_os0.2_r3_uniform,100,33,0.2018,3,uniform,patterson_albracht,pli,feasible,160,158,0.012658,180.349,0.19,2913.0,330.0,"{""c_min"": 158, ""c_max"": 241}",
n100_os0.2_r3_uniform_06,n100_os0.2_r3_uniform,100,33,0.2018,3,uniform,ritt_costa,pli,feasible,160,158,0.012658,181.349,0.665,2997.0,5400.0,"{""c_min"": 158, ""c_max"": 241}",
n100_os0.2_r3_uniform_07,n100_os0.2_r3_uniform,100,33,0.2002,3,uniform,patterson_albracht,pli,feasible,156,153,0.019608,180.347,0.207,2917.0,325.0,"{""c_min"": 153, ""c_max"": 241}",
n100_os0.2_r3_uniform_07,n100_os0.2_r3_uniform,100,33,0.2002,3,uniform,ritt_costa,pli,feasible,157,153,0.026144,181.228,0.515,3006.0,5264.0,"{""c_min"": 153, ""c_max"": 241}",
n100_os0.2_r3_uniform_08,n100_os0.2_r3_uniform,100,33,0.2,3,uniform,patterson_albracht,pli,feasible,138,136,0.014706,180.35,0.201,2923.0,337.0,"{""c_min"": 136, ""c_max"": 215}",
n100_os0.2_r3_uniform_08,n100_os0.2_r3_uniform,100,33,0.2,3,uniform,ritt_costa,pli,feasible,138,136,0.014706,181.471,0.552,3003.0,5591.0,"{""c_min"": 136, ""c_max"": 215}",
n100_os0.2_r3_uniform_09,n100_os0.2_r3_uniform,100,33,0.201,3,uniform,patterson_albracht,pli,feasible,152,150,0.013333,180.334,0.195,2940.0,330.0,"{""c_min"": 150, ""c_max"": 242}",
n100_os0.2_r3_uniform_09,n100_os0.2_r3_uniform,100,33,0.201,3,uniform,ritt_costa,pli,feasible,152,150,0.013333,180.999,0.531,3033.0,5507.0,"{""c_min"": 150, ""c_max"": 242}",
n100_os0.2_r3_uniform_10,n100_os0.2_r3_uniform,100,33,0.201,3,uniform,patterson_albracht,pli,feasible,155,154,0.006494,180.312,0.169,2964.0,328.0,"{""c_min"": 154, ""c_max"": 249}",
n100_os0.2_r3_uniform_10,n100_os0.2_r3_uniform,100,33,0.201,3,uniform,ritt_costa,pli,feasible,155,154,0.006494,180.986,0.541,3060.0,5460.0,"{""c_min"": 154, ""c_max"": 249}",
n100_os0.2_r3_uniform_11,n100_os0.2_r3_uniform,100,33,0.2139,3,uniform,patterson_albracht,pli,feasible,163,161,0.012422,180.446,0.182,2926.0,341.0,"{""c_min"": 161, ""c_max"": 255}",
n100_os0.2_r3_uniform_11,n100_os0.2_r3_uniform,100,33,0.2139,3,uniform,ritt_costa,pli,feasible,163,161,0.012422,181.148,0.579,3021.0,5721.0,"{""c_min"": 161, ""c_max"": 255}",
n100_os0.2_r3_uniform_12,n100_os0.2_r3_uniform,100,33,0.2018,3,uniform,patterson_albracht,pli,feasible,155,152,0.019737,180.418,0.245,2904.0,327.0,"{""c_min"": 152, ""c_max"": 238}",
n100_os0.2_r3_uniform_12,n100_os0.2_r3_uniform,100,33,0.2018,3,uniform,ritt_costa,pli,feasible,155,152,0.019737,181.26,0.744,2991.0,5376.0,"{""c_min"": 152, ""c_max"": 238}",
n100_os0.2_r3_uniform_13,n100_os0.2_r3_uniform,100,33,0.2,3,uniform,patterson_albracht,pli,feasible,162,160,0.0125,180.355,0.201,2917.0,320.0,"{""c_min"": 160, ""c_max"": 230}",
n100_os0.2_r3_uniform_13,n100_os0.2_r3_uniform,100,33,0.2,3,uniform,ritt_costa,pli,feasible,162,160,0.0125,181.153,0.649,2988.0,5106.0,"{""c_min"": 160, ""c_max"": 230}",
n100_os0.2_r3_uniform_14,n100_os0.2_r3_uniform,100,33,0.2053,3,uniform,patterson_albracht,pli,feasible,161,159,0.012579,180.417,0.239,2888.0,321.0,"{""c_min"": 159, ""c_max"": 236}",
n100_os0.2_r3_uniform_14,n100_os0.2_r3_uniform,100,33,0.2053,3,uniform,ritt_costa,pli,feasible,162,159,0.018868,181.355,0.775,2966.0,5144.0,"{""c_min"": 159, ""c_max"": 236}",
n100_os0.2_r3_uniform_15,n100_os0.2_r3_uniform,100,33,0.2048,3,uniform,patterson_albracht,pli,feasible,152,150,0.013333,180.365,0.2,2875.0,330.0,"{""c_min"": 150, ""c_max"": 223}",
n100_os0.2_r3_uniform_15,n100_os0.2_r3_uniform,100,33,0.2048,3,uniform,ritt_costa,pli,feasible,153,150,0.02,181.212,0.55,2949.0,5297.0,"{""c_min"": 150, ""c_max"": 223}",
n100_os0.2_r3_uniform_16,n100_os0.2_r3_uniform,100,33,0.2032,3,uniform,patterson_albracht,pli,feasible,140,138,0.014493,180.311,0.207,2925.0,338.0,"{""c_min"": 138, ""c_max"": 216}",
n100_os0.2_r3_uniform_16,n100_os0.2_r3_uniform,100,33,0.2032,3,uniform,ritt_costa,pli,feasible,139,138,0.007246,181.082,0.571,3004.0,5644.0,"{""c_min"": 138, ""c_max"": 216}",
n100_os0.2_r3_uniform_17,n100_os0.2_r3_uniform,100,33,0.2032,3,uniform,patterson_albracht,pli,feasible,162,160,0.0125,180.364,0.215,2935.0,318.0,"{""c_min"": 160, ""c_max"": 249}",
n100_os0.2_r3_uniform_17,n100_os0.2_r3_uniform,100,33,0.2032,3,uniform,ritt_costa,pli,feasible,163,160,0.01875,180.99,0.548,3025.0,5135.0,"{""c_min"": 160, ""c_max"": 249}",
n100_os0.2_r3_uniform_18,n100_os0.2_r3_uniform,100,33,0.2002,3,uniform,patterson_albracht,pli,feasible,175,171,0.023392,180.303,0.175,2926.0,313.0,"{""c_min"": 171, ""c_max"": 270}",
n100_os0.2_r3_uniform_18,n100_os0.2_r3_uniform,100,33,0.2002,3,uniform,ritt_costa,pli,feasible,174,171,0.017544,181.04,0.547,3026.0,5026.0,"{""c_min"": 171, ""c_max"": 270}",
n100_os0.2_r3_uniform_19,n100_os0.2_r3_uniform,100,33,0.2002,3,uniform,patterson_albracht,pli,feasible,162,160,0.0125,180.308,0.191,2938.0,348.0,"{""c_min"": 160, ""c_max"": 245}",
n100_os0.2_r3_uniform_19,n100_os0.2_r3_uniform,100,33,0.2002,3,uniform,ritt_costa,pli,feasible,163,160,0.01875,181.076,0.601,3024.0,5913.0,"{""c_min"": 160, ""c_max"": 245}",
n100_os0.2_r3_uniform_20,n100_os0.2_r3_uniform,100,33,0.2032,3,uniform,patterson_albracht,pli,feasible,143,141,0.014184,180.315,0.178,2935.0,349.0,"{""c_min"": 141, ""c_max"": 221}",
n100_os0.2_r3_uniform_20,n100_os0.2_r3_uniform,100,33,0.2032,3,uniform,ritt_costa,pli,feasible,143,141,0.014184,181.246,0.694,3016.0,5895.0,"{""c_min"": 141, ""c_max"": 221}",
n100_os0.2_r3_uniform_21,n100_os0.2_r3_uniform,100,33,0.2032,3,uniform,patterson_albracht,pli,feasible,160,157,0.019108,181.054,0.247,2886.0,331.0,"{""c_min"": 157, ""c_max"": 224}",
n100_os0.2_r3_uniform_21,n100_os0.2_r3_uniform,100,33,0.2032,3,uniform,ritt_costa,pli,feasible,160,157,0.019108,181.364,0.676,2954.0,5296.0,"{""c_min"": 157, ""c_max"": 224}",
n100_os0.2_r3_uniform_22,n100_os0.2_r3_uniform,100,33,0.202,3,uniform,patterson_albracht,pli,feasible,159,156,0.019231,180.368,0.232,2931.0,332.0,"{""c_min"": 156, ""c_max"": 243}",
n100_os0.2_r3_uniform_22,n100_os0.2_r3_uniform,100,33,0.202,3,uniform,ritt_costa,pli,feasible,160,156,0.025641,181.79,0.64,3019.0,5532.0,"{""c_min"": 156, ""c_max"": 243}",
n100_os0.2_r3_uniform_23,n100_os0.2_r3_uniform,100,33,0.2051,3,uniform,patterson_albracht,pli,feasible,141,138,0.021739,180.39,0.212,2927.0,324.0,"{""c_min"": 138, ""c_max"": 227}",
n100_os0.2_r3_uniform_23,n100_os0.2_r3_uniform,100,33,0.2051,3,uniform,ritt_costa,pli,feasible,141,138,0.021739,181.362,0.71,3017.0,5352.0,"{""c_min"": 138, ""c_max"": 227}",
n100_os0.2_r3_uniform_24,n100_os0.2_r3_uniform,100,33,0.2002,3,uniform,patterson_albracht,pli,feasible,147,144,0.020833,180.398,0.229,2899.0,337.0,"{""c_min"": 144, ""c_max"": 217}",
n100_os0.2_r3_uniform_24,n100_os0.2_r3_uniform,100,33,0.2002,3,uniform,ritt_costa,pli,feasible,147,144,0.020833,181.697,0.803,2973.0,5486.0,"{""c_min"": 144, ""c_max"": 217}",
n100_os0.2_r6_uniform_00,n100_os0.2_r6_uniform,100,17,0.2032,6,uniform,patterson_albracht,pli,optimal,274,274,0.0,20.394,0.122,1497.0,335.0,"{""c_min"": 274, ""c_max"": 365}",
n100_os0.2_r6_uniform_00,n100_os0.2_r6_uniform,100,17,0.2032,6,uniform,ritt_costa,pli,optimal,274,274,0.0,26.936,0.253,1589.0,2931.0,"{""c_min"": 274, ""c_max"": 365}",
n100_os0.2_r6_uniform_01,n100_os0.2_r6_uniform,100,17,0.2012,6,uniform,patterson_albracht,pli,feasible,306,305,0.003279,180.22,0.122,1477.0,306.0,"{""c_min"": 305, ""c_max"": 364}",
n100_os0.2_r6_uniform_01,n100_os0.2_r6_uniform,100,17,0.2012,6,uniform,ritt_costa,pli,feasible,306,305,0.003279,180.413,0.203,1537.0,2486.0,"{""c_min"": 305, ""c_max"": 364}",
n100_os0.2_r6_uniform_02,n100_os0.2_r6_uniform,100,17,0.2006,6,uniform,patterson_albracht,pli,feasible,298,297,0.003367,180.21,0.108,1480.0,309.0,"{""c_min"": 297, ""c_max"": 359}",
n100_os0.2_r6_uniform_02,n100_os0.2_r6_uniform,100,17,0.2006,6,uniform,ritt_costa,pli,optimal,297,297,0.0,27.933,0.214,1543.0,2516.0,"{""c_min"": 297, ""c_max"": 359}",
n100_os0.2_r6_uniform_03,n100_os0.2_r6_uniform,100,17,0.2008,6,uniform,patterson_albracht,pli,optimal,320,320,0.0,80.642,0.121,1478.0,292.0,"{""c_min"": 320, ""c_max"": 406}",
n100_os0.2_r6_uniform_03,n100_os0.2_r6_uniform,100,17,0.2008,6,uniform,ritt_costa,pli,feasible,322,320,0.00625,180.441,0.195,1565.0,2371.0,"{""c_min"": 320, ""c_max"": 406}",
n100_os0.2_r6_uniform_04,n100_os0.2_r6_uniform,100,17,0.2006,6,uniform,patterson_albracht,pli,optimal,308,308,0.0,108.739,0.143,1500.0,324.0,"{""c_min"": 308, ""c_max"": 392}",
n100_os0.2_r6_uniform_04,n100_os0.2_r6_uniform,100,17,0.2006,6,uniform,ritt_costa,pli,feasible,309,308,0.003247,180.407,0.195,1585.0,2759.0,"{""c_min"": 308, ""c_max"": 392}",
n100_os0.2_r6_uniform_05,n100_os0.2_r6_uniform,100,17,0.201,6,uniform,patterson_albracht,pli,optimal,279,279,0.0,20.466,0.119,1506.0,306.0,"{""c_min"": 279, ""c_max"": 368}",
n100_os0.2_r6_uniform_05,n100_os0.2_r6_uniform,100,17,0.201,6,uniform,ritt_costa,pli,feasible,280,279,0.003584,180.365,0.183,1596.0,2588.0,"{""c_min"": 279, ""c_max"": 368}",
n100_os0.2_r6_uniform_06,n100_os0.2_r6_uniform,100,17,0.2002,6,uniform,patterson_albracht,pli,feasible,291,290,0.003448,180.167,0.091,1472.0,314.0,"{""c_min"": 290, ""c_max"": 364}",
n100_os0.2_r6_uniform_06,n100_os0.2_r6_uniform,100,17,0.2002,6,uniform,ritt_costa,pli,feasible,291,290,0.003448,180.32,0.172,1547.0,2564.0,"{""c_min"": 290, ""c_max"": 364}",
n100_os0.2_r6_uniform_07,n100_os0.2_r6_uniform,100,17,0.2004,6,uniform,patterson_albracht,pli,optimal,284,284,0.0,12.526,0.094,1473.0,332.0,"{""c_min"": 284, ""c_max"": 369}",
n100_os0.2_r6_uniform_07,n100_os0.2_r6_uniform,100,17,0.2004,6,uniform,ritt_costa,pli,optimal,284,284,0.0,3.535,0.182,1559.0,2796.0,"{""c_min"": 284, ""c_max"": 369}",
n100_os0.2_r6_uniform_08,n100_os0.2_r6_uniform,100,17,0.2018,6,uniform,patterson_albracht,pli,optimal,304,304,0.0,44.129,0.084,1480.0,295.0,"{""c_min"": 304, ""c_max"": 368}",
n100_os0.2_r6_uniform_08,n100_os0.2_r6_uniform,100,17,0.2018,6,uniform,ritt_costa,pli,feasible,305,304,0.003289,180.333,0.16,1545.0,2352.0,"{""c_min"": 304, ""c_max"": 368}",
n100_os0.2_r6_uniform_09,n100_os0.2_r6_uniform,100,17,0.2014,6,uniform,patterson_albracht,pli,optimal,315,315,0.0,117.021,0.089,1492.0,303.0,"{""c_min"": 315, ""c_max"": 395}",
n100_os0.2_r6_uniform_09,n100_os0.2_r6_uniform,100,17,0.2014,6,uniform,ritt_costa,pli,optimal,315,315,0.0,29.764,0.162,1573.0,2494.0,"{""c_min"": 315, ""c_max"": 395}",
n100_os0.2_r6_uniform_10,n100_os0.2_r6_uniform,100,17,0.2014,6,uniform,patterson_albracht,pli,optimal,305,305,0.0,36.963,0.088,1490.0,310.0,"{""c_min"": 305, ""c_max"": 392}",
n100_os0.2_r6_uniform_10,n100_os0.2_r6_uniform,100,17,0.2014,6,uniform,ritt_costa,pli,optimal,305,305,0.0,21.066,0.169,1578.0,2614.0,"{""c_min"": 305, ""c_max"": 392}",
n100_os0.2_r6_uniform_11,n100_os0.2_r6_uniform,100,17,0.2006,6,uniform,patterson_albracht,pli,feasible,303,302,0.003311,180.199,0.088,1470.0,311.0,"{""c_min"": 302, ""c_max"": 375}",
n100_os0.2_r6_uniform_11,n100_os0.2_r6_uniform,100,17,0.2006,6,uniform,ritt_costa,pli,optimal,302,302,0.0,34.271,0.206,1544.0,2519.0,"{""c_min"": 302, ""c_max"": 375}",
n100_os0.2_r6_uniform_12,n100_os0.2_r6_uniform,100,17,0.2004,6,uniform,patterson_albracht,pli,optimal,309,309,0.0,83.488,0.126,1509.0,291.0,"{""c_min"": 309, ""c_max"": 403}",
n100_os0.2_r6_uniform_12,n100_os0.2_r6_uniform,100,17,0.2004,6,uniform,ritt_costa,pli,optimal,309,309,0.0,83.757,0.225,1604.0,2399.0,"{""c_min"": 309, ""c_max"": 403}",
n100_os0.2_r6_uniform_13,n100_os0.2_r6_uniform,100,17,0.2008,6,uniform,patterson_albracht,pli,feasible,277,276,0.003623,180.301,0.163,1508.0,310.0,"{""c_min"": 276, ""c_max"": 356}",
n100_os0.2_r6_uniform_13,n100_os0.2_r6_uniform,100,17,0.2008,6,uniform,ritt_costa,pli,feasible,277,276,0.003623,180.444,0.226,1589.0,2588.0,"{""c_min"": 276, ""c_max"": 356}",
n100_os0.2_r6_uniform_14,n100_os0.2_r6_uniform,100,17,0.2063,6,uniform,patterson_albracht,pli,optimal,302,302,0.0,19.154,0.111,1470.0,291.0,"{""c_min"": 302, ""c_max"": 364}",
n100_os0.2_r6_uniform_14,n100_os0.2_r6_uniform,100,17,0.2063,6,uniform,ritt_costa,pli,feasible,303,302,0.003311,180.374,0.209,1533.0,2289.0,"{""c_min"": 302, ""c_max"": 364}",
n100_os0.2_r6_uniform_15,n100_os0.2_r6_uniform,100,17,0.2004,6,uniform,patterson_albracht,pli,optimal,272,272,0.0,16.112,0.104,1482.0,310.0,"{""c_min"": 272, ""c_max"": 349}",
n100_os0.2_r6_uniform_15,n100_os0.2_r6_uniform,100,17,0.2004,6,uniform,ritt_costa,pli,optimal,272,272,0.0,30.896,0.165,1560.0,2559.0,"{""c_min"": 272, ""c_max"": 349}",
n100_os0.2_r6_uniform_16,n100_os0.2_r6_uniform,100,17,0.2006,6,uniform,patterson_albracht,pli,feasible,311,310,0.003226,180.228,0.123,1480.0,300.0,"{""c_min"": 310, ""c_max"": 396}",
n100_os0.2_r6_uniform_16,n100_os0.2_r6_uniform,100,17,0.2006,6,uniform,ritt_costa,pli,optimal,310,310,0.0,78.392,0.229,1567.0,2432.0,"{""c_min"": 310, ""c_max"": 396}",
n100_os0.2_r6_uniform_17,n100_os0.2_r6_uniform,100,17,0.2,6,uniform,patterson_albracht,pli,feasible,321,320,0.003125,180.466,0.288,1508.0,311.0,"{""c_min"": 320, ""c_max"": 409}",
n100_os0.2_r6_uniform_17,n100_os0.2_r6_uniform,100,17,0.2,6,uniform,ritt_costa,pli,feasible,321,320,0.003125,180.692,0.386,1598.0,2618.0,"{""c_min"": 320, ""c_max"": 409}",
n100_os0.2_r6_uniform_18,n100_os0.2_r6_uniform,100,17,0.2008,6,uniform,patterson_albracht,pli,feasible,300,299,0.003344,180.253,0.14,1507.0,320.0,"{""c_min"": 299, ""c_max"": 387}",
n100_os0.2_r6_uniform_18,n100_os0.2_r6_uniform,100,17,0.2008,6,uniform,ritt_costa,pli,optimal,299,299,0.0,31.389,0.139,1596.0,2722.0,"{""c_min"": 299, ""c_max"": 387}",
n100_os0.2_r6_uniform_19,n100_os0.2_r6_uniform,100,17,0.2002,6,uniform,patterson_albracht,pli,optimal,303,303,0.0,27.062,0.139,1489.0,316.0,"{""c_min"": 303, ""c_max"": 380}",
n100_os0.2_r6_uniform_19,n100_os0.2_r6_uniform,100,17,0.2002,6,uniform,ritt_costa,pli,feasible,304,303,0.0033,180.758,0.389,1567.0,2617.0,"{""c_min"": 303, ""c_max"": 380}",
n100_os0.2_r6_uniform_20,n100_os0.2_r6_uniform,100,17,0.201,6,uniform,patterson_albracht,pli,feasible,307,306,0.003268,180.221,0.095,1466.0,310.0,"{""c_min"": 306, ""c_max"": 362}",
n100_os0.2_r6_uniform_20,n100_os0.2_r6_uniform,100,17,0.201,6,uniform,ritt_costa,pli,optimal,306,306,0.0,17.711,0.263,1523.0,2456.0,"{""c_min"": 306, ""c_max"": 362}",
n100_os0.2_r6_uniform_21,n100_os0.2_r6_uniform,100,17,0.2026,6,uniform,patterson_albracht,pli,feasible,330,328,0.006098,180.187,0.098,1486.0,293.0,"{""c_min"": 328, ""c_max"": 416}",
n100_os0.2_r6_uniform_21,n100_os0.2_r6_uniform,100,17,0.2026,6,uniform,ritt_costa,pli,feasible,330,328,0.006098,186.33,0.165,1575.0,2335.0,"{""c_min"": 328, ""c_max"": 416}",
n100_os0.2_r6_uniform_22,n100_os0.2_r6_uniform,100,17,0.2036,6,uniform,patterson_albracht,pli,optimal,291,291,0.0,26.931,0.219,1478.0,297.0,"{""c_min"": 291, ""c_max"": 384}",
n100_os0.2_r6_uniform_22,n100_os0.2_r6_uniform,100,17,0.2036,6,uniform,ritt_costa,pli,optimal,291,291,0.0,29.98,0.174,1572.0,2386.0,"{""c_min"": 291, ""c_max"": 384}",
n100_os0.2_r6_uniform_23,n100_os0.2_r6_uniform,100,17,0.2022,6,uniform,patterson_albracht,pli,optimal,295,295,0.0,56.296,0.221,1488.0,302.0,"{""c_min"": 295, ""c_max"": 360}",
n100_os0.2_r6_uniform_23,n100_os0.2_r6_uniform,100,17,0.2022,6,uniform,ritt_costa,pli,feasible,296,295,0.00339,180.621,0.343,1554.0,2456.0,"{""c_min"": 295, ""c_max"": 360}",
n100_os0.2_r6_uniform_24,n100_os0.2_r6_uniform,100,17,0.2143,6,uniform,patterson_albracht,pli,feasible,289,288,0.003472,180.196,0.088,1477.0,308.0,"{""c_min"": 288, ""c_max"": 364}",
n100_os0.2_r6_uniform_24,n100_os0.2_r6_uniform,100,17,0.2143,6,uniform,ritt_costa,pli,optimal,288,288,0.0,75.419,0.184,1554.0,2512.0,"{""c_min"": 288, ""c_max"": 364}",
n100_os0.2_r10_uniform_00,n100_os0.2_r10_uniform,100,10,0.2002,10,uniform,patterson_albracht,pli,optimal,522,522,0.0,2.629,0.068,881.0,305.0,"{""c_min"": 522, ""c_max"": 587}",
n100_os0.2_r10_uniform_00,n100_os0.2_r10_uniform,100,10,0.2002,10,uniform,ritt_costa,pli,optimal,522,522,0.0,3.906,0.074,947.0,1477.0,"{""c_min"": 522, ""c_max"": 587}",
n100_os0.2_r10_uniform_01,n100_os0.2_r10_uniform,100,10,0.2053,10,uniform,patterson_albracht,pli,optimal,511,511,0.0,4.768,0.056,869.0,298.0,"{""c_min"": 511, ""c_max"": 563}",
n100_os0.2_r10_uniform_01,n100_os0.2_r10_uniform,100,10,0.2053,10,uniform,ritt_costa,pli,optimal,511,511,0.0,5.709,0.074,922.0,1403.0,"{""c_min"": 511, ""c_max"": 563}",
n100_os0.2_r10_uniform_02,n100_os0.2_r10_uniform,100,10,0.202,10,uniform,patterson_albracht,pli,optimal,479,479,0.0,2.524,0.058,871.0,313.0,"{""c_min"": 479, ""c_max"": 536}",
n100_os0.2_r10_uniform_02,n100_os0.2_r10_uniform,100,10,0.202,10,uniform,ritt_costa,pli,optimal,479,479,0.0,1.279,0.076,929.0,1509.0,"{""c_min"": 479, ""c_max"": 536}",
n100_os0.2_r10_uniform_03,n100_os0.2_r10_uniform,100,10,0.2006,10,uniform,patterson_albracht,pli,optimal,500,500,0.0,2.786,0.052,885.0,285.0,"{""c_min"": 500, ""c_max"": 561}",
n100_os0.2_r10_uniform_03,n100_os0.2_r10_uniform,100,10,0.2006,10,uniform,ritt_costa,pli,optimal,500,500,0.0,2.485,0.09,947.0,1352.0,"{""c_min"": 500, ""c_max"": 561}",
n100_os0.2_r10_uniform_04,n100_os0.2_r10_uniform,100,10,0.2044,10,uniform,patterson_albracht,pli,optimal,457,457,0.0,3.625,0.075,880.0,298.0,"{""c_min"": 457, ""c_max"": 518}",
n100_os0.2_r10_uniform_04,n100_os0.2_r10_uniform,100,10,0.2044,10,uniform,ritt_costa,pli,optimal,457,457,0.0,2.058,0.093,942.0,1420.0,"{""c_min"": 457, ""c_max"": 518}",
n100_os0.2_r10_uniform_05,n100_os0.2_r10_uniform,100,10,0.2002,10,uniform,patterson_albracht,pli,optimal,536,536,0.0,1.012,0.057,876.0,306.0,"{""c_min"": 536, ""c_max"": 620}",
n100_os0.2_r10_uniform_05,n100_os0.2_r10_uniform,100,10,0.2002,10,uniform,ritt_costa,pli,optimal,536,536,0.0,2.245,0.08,961.0,1449.0,"{""c_min"": 536, ""c_max"": 620}",
n100_os0.2_r10_uniform_06,n100_os0.2_r10_uniform,100,10,0.2004,10,uniform,patterson_albracht,pli,optimal,517,517,0.0,4.437,0.052,874.0,286.0,"{""c_min"": 517, ""c_max"": 585}",
n100_os0.2_r10_uniform_06,n100_os0.2_r10_uniform,100,10,0.2004,10,uniform,ritt_costa,pli,optimal,517,517,0.0,7.947,0.076,943.0,1344.0,"{""c_min"": 517, ""c_max"": 585}",
n100_os0.2_r10_uniform_07,n100_os0.2_r10_uniform,100,10,0.2057,10,uniform,patterson_albracht,pli,optimal,492,492,0.0,4.187,0.054,873.0,311.0,"{""c_min"": 492, ""c_max"": 559}",
n100_os0.2_r10_uniform_07,n100_os0.2_r10_uniform,100,10,0.2057,10,uniform,ritt_costa,pli,optimal,492,492,0.0,3.916,0.077,941.0,1484.0,"{""c_min"": 492, ""c_max"": 559}",
n100_os0.2_r10_uniform_08,n100_os0.2_r10_uniform,100,10,0.2036,10,uniform,patterson_albracht,pli,optimal,473,473,0.0,1.32,0.056,879.0,293.0,"{""c_min"": 473, ""c_max"": 553}",
n100_os0.2_r10_uniform_08,n100_os0.2_r10_uniform,100,10,0.2036,10,uniform,ritt_costa,pli,optimal,473,473,0.0,1.41,0.08,960.0,1381.0,"{""c_min"": 473, ""c_max"": 553}",
n100_os0.2_r10_uniform_09,n100_os0.2_r10_uniform,100,10,0.2008,10,uniform,patterson_albracht,pli,optimal,462,462,0.0,4.059,0.052,889.0,289.0,"{""c_min"": 462, ""c_max"": 531}",
n100_os0.2_r10_uniform_09,n100_os0.2_r10_uniform,100,10,0.2008,10,uniform,ritt_costa,pli,optimal,462,462,0.0,1.071,0.074,959.0,1393.0,"{""c_min"": 462, ""c_max"": 531}",
n100_os0.2_r10_uniform_10,n100_os0.2_r10_uniform,100,10,0.2002,10,uniform,patterson_albracht,pli,optimal,523,523,0.0,2.557,0.054,887.0,302.0,"{""c_min"": 523, ""c_max"": 596}",
n100_os0.2_r10_uniform_10,n100_os0.2_r10_uniform,100,10,0.2002,10,uniform,ritt_costa,pli,optimal,523,523,0.0,5.589,0.082,961.0,1479.0,"{""c_min"": 523, ""c_max"": 596}",
n100_os0.2_r10_uniform_11,n100_os0.2_r10_uniform,100,10,0.2095,10,uniform,patterson_albracht,pli,optimal,520,520,0.0,19.418,0.054,884.0,306.0,"{""c_min"": 520, ""c_max"": 605}",
n100_os0.2_r10_uniform_11,n100_os0.2_r10_uniform,100,10,0.2095,10,uniform,ritt_costa,pli,optimal,520,520,0.0,12.467,0.085,970.0,1499.0,"{""c_min"": 520, ""c_max"": 605}",
n100_os0.2_r10_uniform_12,n100_os0.2_r10_uniform,100,10,0.2,10,uniform,patterson_albracht,pli,optimal,540,540,0.0,3.053,0.055,882.0,295.0,"{""c_min"": 540, ""c_max"": 632}",
n100_os0.2_r10_uniform_12,n100_os0.2_r10_uniform,100,10,0.2,10,uniform,ritt_costa,pli,optimal,540,540,0.0,6.507,0.091,975.0,1410.0,"{""c_min"": 540, ""c_max"": 632}",
n100_os0.2_r10_uniform_13,n100_os0.2_r10_uniform,100,10,0.2,10,uniform,patterson_albracht,pli,optimal,464,464,0.0,2.528,0.057,886.0,314.0,"{""c_min"": 464, ""c_max"": 508}",
n100_os0.2_r10_uniform_13,n100_os0.2_r10_uniform,100,10,0.2,10,uniform,ritt_costa,pli,optimal,464,464,0.0,2.914,0.09,931.0,1539.0,"{""c_min"": 464, ""c_max"": 508}",
n100_os0.2_r10_uniform_14,n100_os0.2_r10_uniform,100,10,0.2059,10,uniform,patterson_albracht,pli,optimal,521,521,0.0,10.23,0.054,882.0,294.0,"{""c_min"": 521, ""c_max"": 603}",
n100_os0.2_r10_uniform_14,n100_os0.2_r10_uniform,100,10,0.2059,10,uniform,ritt_costa,pli,optimal,521,521,0.0,3.528,0.076,965.0,1413.0,"{""c_min"": 521, ""c_max"": 603}",
n100_os0.2_r10_uniform_15,n100_os0.2_r10_uniform,100,10,0.2014,10,uniform,patterson_albracht,pli,optimal,457,457,0.0,4.229,0.056,889.0,312.0,"{""c_min"": 457, ""c_max"": 529}",
n100_os0.2_r10_uniform_15,n100_os0.2_r10_uniform,100,10,0.2014,10,uniform,ritt_costa,pli,optimal,457,457,0.0,9.063,0.094,962.0,1559.0,"{""c_min"": 457, ""c_max"": 529}",
n100_os0.2_r10_uniform_16,n100_os0.2_r10_uniform,100,10,0.2006,10,uniform,patterson_albracht,pli,optimal,476,476,0.0,3.241,0.063,881.0,313.0,"{""c_min"": 476, ""c_max"": 535}",
n100_os0.2_r10_uniform_16,n100_os0.2_r10_uniform,100,10,0.2006,10,uniform,ritt_costa,pli,optimal,476,476,0.0,4.12,0.108,941.0,1515.0,"{""c_min"": 476, ""c_max"": 535}",
n100_os0.2_r10_uniform_17,n100_os0.2_r10_uniform,100,10,0.2006,10,uniform,patterson_albracht,pli,optimal,526,526,0.0,8.658,0.078,884.0,310.0,"{""c_min"": 526, ""c_max"": 592}",
n100_os0.2_r10_uniform_17,n100_os0.2_r10_uniform,100,10,0.2006,10,uniform,ritt_costa,pli,optimal,526,526,0.0,6.115,0.082,951.0,1514.0,"{""c_min"": 526, ""c_max"": 592}",
n100_os0.2_r10_uniform_18,n100_os0.2_r10_uniform,100,10,0.203,10,uniform,patterson_albracht,pli,optimal,473,473,0.0,4.5,0.059,897.0,291.0,"{""c_min"": 473, ""c_max"": 562}",
n100_os0.2_r10_uniform_18,n100_os0.2_r10_uniform,100,10,0.203,10,uniform,ritt_costa,pli,optimal,473,473,0.0,2.055,0.084,987.0,1457.0,"{""c_min"": 473, ""c_max"": 562}",
n100_os0.2_r10_uniform_19,n100_os0.2_r10_uniform,100,10,0.2057,10,uniform,patterson_albracht,pli,optimal,485,485,0.0,1.27,0.055,878.0,299.0,"{""c_min"": 485, ""c_max"": 564}",
n100_os0.2_r10_uniform_19,n100_os0.2_r10_uniform,100,10,0.2057,10,uniform,ritt_costa,pli,optimal,485,485,0.0,2.839,0.077,958.0,1446.0,"{""c_min"": 485, ""c_max"": 564}",
n100_os0.2_r10_uniform_20,n100_os0.2_r10_uniform,100,10,0.2105,10,uniform,patterson_albracht,pli,optimal,515,515,0.0,2.375,0.058,871.0,283.0,"{""c_min"": 515, ""c_max"": 605}",
n100_os0.2_r10_uniform_20,n100_os0.2_r10_uniform,100,10,0.2105,10,uniform,ritt_costa,pli,optimal,515,515,0.0,9.115,0.072,962.0,1321.0,"{""c_min"": 515, ""c_max"": 605}",
n100_os0.2_r10_uniform_21,n100_os0.2_r10_uniform,100,10,0.2002,10,uniform,patterson_albracht,pli,optimal,524,524,0.0,5.026,0.057,878.0,307.0,"{""c_min"": 524, ""c_max"": 564}",
n100_os0.2_r10_uniform_21,n100_os0.2_r10_uniform,100,10,0.2002,10,uniform,ritt_costa,pli,optimal,524,524,0.0,21.032,0.074,919.0,1472.0,"{""c_min"": 524, ""c_max"": 564}",
n100_os0.2_r10_uniform_22,n100_os0.2_r10_uniform,100,10,0.2077,10,uniform,patterson_albracht,pli,optimal,497,497,0.0,5.09,0.059,874.0,302.0,"{""c_min"": 497, ""c_max"": 568}",
n100_os0.2_r10_uniform_22,n100_os0.2_r10_uniform,100,10,0.2077,10,uniform,ritt_costa,pli,optimal,497,497,0.0,2.516,0.086,946.0,1441.0,"{""c_min"": 497, ""c_max"": 568}",
n100_os0.2_r10_uniform_23,n100_os0.2_r10_uniform,100,10,0.2012,10,uniform,patterson_albracht,pli,optimal,517,517,0.0,5.157,0.062,891.0,301.0,"{""c_min"": 517, ""c_max"": 598}",
n100_os0.2_r10_uniform_23,n100_os0.2_r10_uniform,100,10,0.2012,10,uniform,ritt_costa,pli,optimal,517,517,0.0,3.445,0.118,973.0,1492.0,"{""c_min"": 517, ""c_max"": 598}",
n100_os0.2_r10_uniform_24,n100_os0.2_r10_uniform,100,10,0.2014,10,uniform,patterson_albracht,pli,optimal,550,550,0.0,6.904,0.054,874.0,283.0,"{""c_min"": 550, ""c_max"": 613}",
n100_os0.2_r10_uniform_24,n100_os0.2_r10_uniform,100,10,0.2014,10,uniform,ritt_costa,pli,optimal,550,550,0.0,9.855,0.078,938.0,1305.0,"{""c_min"": 550, ""c_max"": 613}",
n100_os0.6_r3_uniform_00,n100_os0.6_r3_uniform,100,33,0.6,3,uniform,patterson_albracht,pli,feasible,136,133,0.022556,180.327,0.193,2084.0,358.0,"{""c_min"": 133, ""c_max"": 209}",
n100_os0.6_r3_uniform_00,n100_os0.6_r3_uniform,100,33,0.6,3,uniform,ritt_costa,pli,feasible,136,133,0.022556,180.887,0.507,2161.0,4761.0,"{""c_min"": 133, ""c_max"": 209}",
n100_os0.6_r3_uniform_01,n100_os0.6_r3_uniform,100,33,0.6022,3,uniform,patterson_albracht,pli,feasible,159,156,0.019231,180.643,0.178,2076.0,365.0,"{""c_min"": 156, ""c_max"": 237}",
n100_os0.6_r3_uniform_01,n100_os0.6_r3_uniform,100,33,0.6022,3,uniform,ritt_costa,pli,feasible,161,156,0.032051,182.041,0.998,2158.0,4751.0,"{""c_min"": 156, ""c_max"": 237}",
n100_os0.6_r3_uniform_02,n100_os0.6_r3_uniform,100,33,0.6002,3,uniform,patterson_albracht,pli,feasible,160,156,0.025641,180.262,0.15,2102.0,361.0,"{""c_min"": 156, ""c_max"": 242}",
n100_os0.6_r3_uniform_02,n100_os0.6_r3_uniform,100,33,0.6002,3,uniform,ritt_costa,pli,feasible,161,156,0.032051,180.834,0.486,2189.0,4820.0,"{""c_min"": 156, ""c_max"": 242}",
n100_os0.6_r3_uniform_03,n100_os0.6_r3_uniform,100,33,0.6024,3,uniform,patterson_albracht,pli,feasible,153,149,0.026846,180.293,0.164,2132.0,384.0,"{""c_min"": 149, ""c_max"": 236}",
n100_os0.6_r3_uniform_03,n100_os0.6_r3_uniform,100,33,0.6024,3,uniform,ritt_costa,pli,feasible,153,149,0.026846,181.198,0.653,2220.0,5301.0,"{""c_min"": 149, ""c_max"": 236}",
n100_os0.6_r3_uniform_04,n100_os0.6_r3_uniform,100,33,0.6024,3,uniform,patterson_albracht,pli,feasible,142,139,0.021583,180.381,0.244,2173.0,391.0,"{""c_min"": 139, ""c_max"": 230}",
n100_os0.6_r3_uniform_04,n100_os0.6_r3_uniform,100,33,0.6024,3,uniform,ritt_costa,pli,feasible,143,139,0.028777,180.909,0.511,2265.0,5585.0,"{""c_min"": 139, ""c_max"": 230}",
n100_os0.6_r3_uniform_05,n100_os0.6_r3_uniform,100,33,0.6046,3,uniform,patterson_albracht,pli,feasible,141,139,0.014388,180.274,0.139,2061.0,369.0,"{""c_min"": 139, ""c_max"": 207}",
n100_os0.6_r3_uniform_05,n100_os0.6_r3_uniform,100,33,0.6046,3,uniform,ritt_costa,pli,feasible,141,139,0.014388,181.054,0.564,2130.0,4765.0,"{""c_min"": 139, ""c_max"": 207}",
n100_os0.6_r3_uniform_06,n100_os0.6_r3_uniform,100,33,0.601,3,uniform,patterson_albracht,pli,feasible,152,149,0.020134,180.368,0.204,2144.0,380.0,"{""c_min"": 149, ""c_max"": 241}",
n100_os0.6_r3_uniform_06,n100_os0.6_r3_uniform,100,33,0.601,3,uniform,ritt_costa,pli,feasible,153,149,0.026846,180.829,0.497,2237.0,5276.0,"{""c_min"": 149, ""c_max"": 241}",
n100_os0.6_r3_uniform_07,n100_os0.6_r3_uniform,100,33,0.6016,3,uniform,patterson_albracht,pli,feasible,155,151,0.02649,180.222,0.145,2132.0,375.0,"{""c_min"": 151, ""c_max"": 241}",
n100_os0.6_r3_uniform_07,n100_os0.6_r3_uniform,100,33,0.6016,3,uniform,ritt_costa,pli,feasible,155,151,0.02649,180.758,0.458,2223.0,5196.0,"{""c_min"": 151, ""c_max"": 241}",
n100_os0.6_r3_uniform_08,n100_os0.6_r3_uniform,100,33,0.6,3,uniform,patterson_albracht,pli,feasible,158,155,0.019355,180.431,0.145,2092.0,388.0,"{""c_min"": 155, ""c_max"": 237}",
n100_os0.6_r3_uniform_08,n100_os0.6_r3_uniform,100,33,0.6,3,uniform,ritt_costa,pli,feasible,158,155,0.019355,180.775,0.46,2175.0,5163.0,"{""c_min"": 155, ""c_max"": 237}",
n100_os0.6_r3_uniform_09,n100_os0.6_r3_uniform,100,33,0.6044,3,uniform,patterson_albracht,pli,feasible,157,153,0.026144,180.206,0.138,2086.0,355.0,"{""c_min"": 153, ""c_max"": 241}",
n100_os0.6_r3_uniform_09,n100_os0.6_r3_uniform,100,33,0.6044,3,uniform,ritt_costa,pli,feasible,157,153,0.026144,181.215,0.775,2175.0,4733.0,"{""c_min"": 153, ""c_max"": 241}",
n100_os0.6_r3_uniform_10,n100_os0.6_r3_uniform,100,33,0.6002,3,uniform,patterson_albracht,pli,feasible,170,166,0.024096,180.179,0.123,1928.0,352.0,"{""c_min"": 166, ""c_max"": 231}",
n100_os0.6_r3_uniform_10,n100_os0.6_r3_uniform,100,33,0.6002,3,uniform,ritt_costa,pli,feasible,170,166,0.024096,180.595,0.327,1994.0,4065.0,"{""c_min"": 166, ""c_max"": 231}",
n100_os0.6_r3_uniform_11,n100_os0.6_r3_uniform,100,33,0.6036,3,uniform,patterson_albracht,pli,feasible,155,153,0.013072,180.206,0.136,2148.0,352.0,"{""c_min"": 153, ""c_max"": 248}",
n100_os0.6_r3_uniform_11,n100_os0.6_r3_uniform,100,33,0.6036,3,uniform,ritt_costa,pli,feasible,155,153,0.013072,180.773,0.458,2244.0,4879.0,"{""c_min"": 153, ""c_max"": 248}",
n100_os0.6_r3_uniform_12,n100_os0.6_r3_uniform,100,33,0.602,3,uniform,patterson_albracht,pli,feasible,173,169,0.023669,180.317,0.214,2082.0,373.0,"{""c_min"": 169, ""c_max"": 261}",
n100_os0.6_r3_uniform_12,n100_os0.6_r3_uniform,100,33,0.602,3,uniform,ritt_costa,pli,feasible,172,169,0.017751,180.726,0.429,2175.0,4925.0,"{""c_min"": 169, ""c_max"": 261}",
n100_os0.6_r3_uniform_13,n100_os0.6_r3_uniform,100,33,0.6042,3,uniform,patterson_albracht,pli,feasible,153,149,0.026846,180.291,0.164,2130.0,390.0,"{""c_min"": 149, ""c_max"": 237}",
n100_os0.6_r3_uniform_13,n100_os0.6_r3_uniform,100,33,0.6042,3,uniform,ritt_costa,pli,feasible,154,149,0.033557,180.802,0.462,2219.0,5407.0,"{""c_min"": 149, ""c_max"": 237}",
n100_os0.6_r3_uniform_14,n100_os0.6_r3_uniform,100,33,0.601,3,uniform,patterson_albracht,pli,feasible,163,159,0.025157,180.209,0.143,2074.0,382.0,"{""c_min"": 159, ""c_max"": 243}",
n100_os0.6_r3_uniform_14,n100_os0.6_r3_uniform,100,33,0.601,3,uniform,ritt_costa,pli,feasible,162,159,0.018868,181.383,0.426,2159.0,5050.0,"{""c_min"": 159, ""c_max"": 243}",
n100_os0.6_r3_uniform_15,n100_os0.6_r3_uniform,100,33,0.6024,3,uniform,patterson_albracht,pli,feasible,162,159,0.018868,180.307,0.214,2106.0,367.0,"{""c_min"": 159, ""c_max"": 250}",
n100_os0.6_r3_uniform_15,n100_os0.6_r3_uniform,100,33,0.6024,3,uniform,ritt_costa,pli,feasible,162,159,0.018868,180.722,0.43,2198.0,4921.0,"{""c_min"": 159, ""c_max"": 250}",
n100_os0.6_r3_uniform_16,n100_os0.6_r3_uniform,100,33,0.6002,3,uniform,patterson_albracht,pli,feasible,156,153,0.019608,180.246,0.143,2183.0,387.0,"{""c_min"": 153, ""c_max"": 247}",
n100_os0.6_r3_uniform_16,n100_os0.6_r3_uniform,100,33,0.6002,3,uniform,ritt_costa,pli,feasible,156,153,0.019608,181.185,0.498,2278.0,5499.0,"{""c_min"": 153, ""c_max"": 247}",
n100_os0.6_r3_uniform_17,n100_os0.6_r3_uniform,100,33,0.6004,3,uniform,patterson_albracht,pli,feasible,129,126,0.02381,180.514,0.234,2175.0,395.0,"{""c_min"": 126, ""c_max"": 213}",
n100_os0.6_r3_uniform_17,n100_os0.6_r3_uniform,100,33,0.6004,3,uniform,ritt_costa,pli,feasible,129,126,0.02381,181.04,0.64,2263.0,5675.0,"{""c_min"": 126, ""c_max"": 213}",
n100_os0.6_r3_uniform_18,n100_os0.6_r3_uniform,100,33,0.6,3,uniform,patterson_albracht,pli,feasible,158,156,0.012821,180.234,0.154,2113.0,377.0,"{""c_min"": 156, ""c_max"": 244}",
n100_os0.6_r3_uniform_18,n100_os0.6_r3_uniform,100,33,0.6,3,uniform,ritt_costa,pli,feasible,159,156,0.019231,180.77,0.451,2202.0,5114.0,"{""c_min"": 156, ""c_max"": 244}",
n100_os0.6_r3_uniform_19,n100_os0.6_r3_uniform,100,33,0.6018,3,uniform,patterson_albracht,pli,feasible,160,156,0.025641,180.188,0.142,2011.0,378.0,"{""c_min"": 156, ""c_max"": 227}",
n100_os0.6_r3_uniform_19,n100_os0.6_r3_uniform,100,33,0.6018,3,uniform,ritt_costa,pli,feasible,158,156,0.012821,180.657,0.379,2083.0,4715.0,"{""c_min"": 156, ""c_max"": 227}",
n100_os0.6_r3_uniform_20,n100_os0.6_r3_uniform,100,33,0.6006,3,uniform,patterson_albracht,pli,feasible,164,160,0.025,180.222,0.148,2127.0,373.0,"{""c_min"": 160, ""c_max"": 253}",
n100_os0.6_r3_uniform_20,n100_os0.6_r3_uniform,100,33,0.6006,3,uniform,ritt_costa,pli,feasible,165,160,0.03125,180.863,0.504,2221.0,5138.0,"{""c_min"": 160, ""c_max"": 253}",
n100_os0.6_r3_uniform_21,n100_os0.6_r3_uniform,100,33,0.601,3,uniform,patterson_albracht,pli,feasible,140,137,0.021898,180.204,0.135,2026.0,368.0,"{""c_min"": 137, ""c_max"": 203}",
n100_os0.6_r3_uniform_21,n100_os0.6_r3_uniform,100,33,0.601,3,uniform,ritt_costa,pli,feasible,139,137,0.014599,180.937,0.548,2093.0,4647.0,"{""c_min"": 137, ""c_max"": 203}",
n100_os0.6_r3_uniform_22,n100_os0.6_r3_uniform,100,33,0.6012,3,uniform,patterson_albracht,pli,feasible,166,163,0.018405,180.297,0.207,2059.0,373.0,"{""c_min"": 163, ""c_max"": 242}",
n100_os0.6_r3_uniform_22,n100_os0.6_r3_uniform,100,33,0.6012,3,uniform,ritt_costa,pli,feasible,168,163,0.030675,180.95,0.562,2139.0,4805.0,"{""c_min"": 163, ""c_max"": 242}",
n100_os0.6_r3_uniform_23,n100_os0.6_r3_uniform,100,33,0.6006,3,uniform,patterson_albracht,pli,feasible,154,150,0.026667,180.228,0.152,2046.0,368.0,"{""c_min"": 150, ""c_max"": 223}",
n100_os0.6_r3_uniform_23,n100_os0.6_r3_uniform,100,33,0.6006,3,uniform,ritt_costa,pli,feasible,154,150,0.026667,181.004,0.588,2120.0,4727.0,"{""c_min"": 150, ""c_max"": 223}",
n100_os0.6_r3_uniform_24,n100_os0.6_r3_uniform,100,33,0.6006,3,uniform,patterson_albracht,pli,feasible,182,178,0.022472,180.231,0.164,1989.0,392.0,"{""c_min"": 178, ""c_max"": 257}",
n100_os0.6_r3_uniform_24,n100_os0.6_r3_uniform,100,33,0.6006,3,uniform,ritt_costa,pli,feasible,182,178,0.022472,180.691,0.405,2069.0,4826.0,"{""c_min"": 178, ""c_max"": 257}",
n100_os0.6_r6_uniform_00,n100_os0.6_r6_uniform,100,17,0.6,6,uniform,patterson_albracht,pli,feasible,272,271,0.00369,180.114,0.069,1000.0,349.0,"{""c_min"": 271, ""c_max"": 346}",
n100_os0.6_r6_uniform_00,n100_os0.6_r6_uniform,100,17,0.6,6,uniform,ritt_costa,pli,optimal,271,271,0.0,17.314,0.127,1076.0,2053.0,"{""c_min"": 271, ""c_max"": 346}",
n100_os0.6_r6_uniform_01,n100_os0.6_r6_uniform,100,17,0.6,6,uniform,patterson_albracht,pli,feasible,271,270,0.003704,180.114,0.072,928.0,381.0,"{""c_min"": 270, ""c_max"": 316}",
n100_os0.6_r6_uniform_01,n100_os0.6_r6_uniform,100,17,0.6,6,uniform,ritt_costa,pli,feasible,271,270,0.003704,180.204,0.113,975.0,1973.0,"{""c_min"": 270, ""c_max"": 316}",
n100_os0.6_r6_uniform_02,n100_os0.6_r6_uniform,100,17,0.6008,6,uniform,patterson_albracht,pli,feasible,297,296,0.003378,180.12,0.068,948.0,357.0,"{""c_min"": 296, ""c_max"": 363}",
n100_os0.6_r6_uniform_02,n100_os0.6_r6_uniform,100,17,0.6008,6,uniform,ritt_costa,pli,feasible,297,296,0.003378,180.202,0.112,1016.0,1912.0,"{""c_min"": 296, ""c_max"": 363}",
n100_os0.6_r6_uniform_03,n100_os0.6_r6_uniform,100,17,0.6008,6,uniform,patterson_albracht,pli,feasible,306,305,0.003279,180.12,0.076,985.0,377.0,"{""c_min"": 305, ""c_max"": 387}",
n100_os0.6_r6_uniform_03,n100_os0.6_r6_uniform,100,17,0.6008,6,uniform,ritt_costa,pli,feasible,306,305,0.003279,180.244,0.134,1068.0,2173.0,"{""c_min"": 305, ""c_max"": 387}",
n100_os0.6_r6_uniform_04,n100_os0.6_r6_uniform,100,17,0.6016,6,uniform,patterson_albracht,pli,feasible,305,304,0.003289,180.111,0.068,992.0,341.0,"{""c_min"": 304, ""c_max"": 390}",
n100_os0.6_r6_uniform_04,n100_os0.6_r6_uniform,100,17,0.6016,6,uniform,ritt_costa,pli,optimal,304,304,0.0,13.561,0.128,1079.0,1977.0,"{""c_min"": 304, ""c_max"": 390}",
n100_os0.6_r6_uniform_05,n100_os0.6_r6_uniform,100,17,0.603,6,uniform,patterson_albracht,pli,feasible,299,298,0.003356,180.11,0.07,955.0,365.0,"{""c_min"": 298, ""c_max"": 373}",
n100_os0.6_r6_uniform_05,n100_os0.6_r6_uniform,100,17,0.603,6,uniform,ritt_costa,pli,feasible,299,298,0.003356,180.209,0.121,1031.0,2017.0,"{""c_min"": 298, ""c_max"": 373}",
n100_os0.6_r6_uniform_06,n100_os0.6_r6_uniform,100,17,0.6034,6,uniform,patterson_albracht,pli,optimal,311,311,0.0,68.255,0.066,974.0,339.0,"{""c_min"": 311, ""c_max"": 397}",
n100_os0.6_r6_uniform_06,n100_os0.6_r6_uniform,100,17,0.6034,6,uniform,ritt_costa,pli,optimal,311,311,0.0,81.84,0.129,1061.0,1907.0,"{""c_min"": 311, ""c_max"": 397}",
n100_os0.6_r6_uniform_07,n100_os0.6_r6_uniform,100,17,0.6004,6,uniform,patterson_albracht,pli,optimal,299,299,0.0,50.41,0.071,961.0,366.0,"{""c_min"": 299, ""c_max"": 376}",
n100_os0.6_r6_uniform_07,n100_os0.6_r6_uniform,100,17,0.6004,6,uniform,ritt_costa,pli,feasible,300,299,0.003344,180.218,0.122,1039.0,2036.0,"{""c_min"": 299, ""c_max"": 376}",
n100_os0.6_r6_uniform_08,n100_os0.6_r6_uniform,100,17,0.6022,6,uniform,patterson_albracht,pli,feasible,337,336,0.002976,180.112,0.068,963.0,357.0,"{""c_min"": 336, ""c_max"": 422}",
n100_os0.6_r6_uniform_08,n100_os0.6_r6_uniform,100,17,0.6022,6,uniform,ritt_costa,pli,optimal,336,336,0.0,17.136,0.14,1050.0,1975.0,"{""c_min"": 336, ""c_max"": 422}",
n100_os0.6_r6_uniform_09,n100_os0.6_r6_uniform,100,17,0.6097,6,uniform,patterson_albracht,pli,optimal,300,300,0.0,15.179,0.068,958.0,358.0,"{""c_min"": 300, ""c_max"": 384}",
n100_os0.6_r6_uniform_09,n100_os0.6_r6_uniform,100,17,0.6097,6,uniform,ritt_costa,pli,optimal,300,300,0.0,12.49,0.13,1043.0,2021.0,"{""c_min"": 300, ""c_max"": 384}",
n100_os0.6_r6_uniform_10,n100_os0.6_r6_uniform,100,17,0.6186,6,uniform,patterson_albracht,pli,optimal,290,290,0.0,5.343,0.066,999.0,327.0,"{""c_min"": 290, ""c_max"": 386}",
n100_os0.6_r6_uniform_10,n100_os0.6_r6_uniform,100,17,0.6186,6,uniform,ritt_costa,pli,optimal,290,290,0.0,13.884,0.133,1096.0,1935.0,"{""c_min"": 290, ""c_max"": 386}",
n100_os0.6_r6_uniform_11,n100_os0.6_r6_uniform,100,17,0.6002,6,uniform,patterson_albracht,pli,optimal,255,255,0.0,12.726,0.083,1018.0,359.0,"{""c_min"": 255, ""c_max"": 345}",
n100_os0.6_r6_uniform_11,n100_os0.6_r6_uniform,100,17,0.6002,6,uniform,ritt_costa,pli,feasible,256,255,0.003922,180.341,0.149,1109.0,2231.0,"{""c_min"": 255, ""c_max"": 345}",
n100_os0.6_r6_uniform_12,n100_os0.6_r6_uniform,100,17,0.6,6,uniform,patterson_albracht,pli,feasible,305,304,0.003289,180.599,0.149,994.0,353.0,"{""c_min"": 304, ""c_max"": 395}",
n100_os0.6_r6_uniform_12,n100_os0.6_r6_uniform,100,17,0.6,6,uniform,ritt_costa,pli,feasible,305,304,0.003289,180.269,0.153,1086.0,2085.0,"{""c_min"": 304, ""c_max"": 395}",
n100_os0.6_r6_uniform_13,n100_os0.6_r6_uniform,100,17,0.6055,6,uniform,patterson_albracht,pli,feasible,286,285,0.003509,180.111,0.066,929.0,339.0,"{""c_min"": 285, ""c_max"": 348}",
n100_os0.6_r6_uniform_13,n100_os0.6_r6_uniform,100,17,0.6055,6,uniform,ritt_costa,pli,feasible,286,285,0.003509,180.198,0.103,993.0,1752.0,"{""c_min"": 285, ""c_max"": 348}",
n100_os0.6_r6_uniform_14,n100_os0.6_r6_uniform,100,17,0.6,6,uniform,patterson_albracht,pli,optimal,288,288,0.0,75.704,0.109,988.0,369.0,"{""c_min"": 288, ""c_max"": 368}",
n100_os0.6_r6_uniform_14,n100_os0.6_r6_uniform,100,17,0.6,6,uniform,ritt_costa,pli,optimal,288,288,0.0,131.975,0.15,1069.0,2144.0,"{""c_min"": 288, ""c_max"": 368}",
n100_os0.6_r6_uniform_15,n100_os0.6_r6_uniform,100,17,0.603,6,uniform,patterson_albracht,pli,feasible,304,303,0.0033,180.172,0.113,947.0,351.0,"{""c_min"": 303, ""c_max"": 380}",
n100_os0.6_r6_uniform_15,n100_os0.6_r6_uniform,100,17,0.603,6,uniform,ritt_costa,pli,optimal,303,303,0.0,150.216,0.125,1025.0,1919.0,"{""c_min"": 303, ""c_max"": 380}",
n100_os0.6_r6_uniform_16,n100_os0.6_r6_uniform,100,17,0.6004,6,uniform,patterson_albracht,pli,feasible,283,282,0.003546,180.106,0.069,952.0,356.0,"{""c_min"": 282, ""c_max"": 346}",
n100_os0.6_r6_uniform_16,n100_os0.6_r6_uniform,100,17,0.6004,6,uniform,ritt_costa,pli,feasible,283,282,0.003546,180.207,0.113,1017.0,1923.0,"{""c_min"": 282, ""c_max"": 346}",
n100_os0.6_r6_uniform_17,n100_os0.6_r6_uniform,100,17,0.6,6,uniform,patterson_albracht,pli,feasible,302,301,0.003322,180.108,0.068,958.0,358.0,"{""c_min"": 301, ""c_max"": 375}",
n100_os0.6_r6_uniform_17,n100_os0.6_r6_uniform,100,17,0.6,6,uniform,ritt_costa,pli,feasible,302,301,0.003322,180.212,0.119,1033.0,1963.0,"{""c_min"": 301, ""c_max"": 375}",
n100_os0.6_r6_uniform_18,n100_os0.6_r6_uniform,100,17,0.602,6,uniform,patterson_albracht,pli,feasible,289,288,0.003472,180.11,0.067,962.0,349.0,"{""c_min"": 288, ""c_max"": 361}",
n100_os0.6_r6_uniform_18,n100_os0.6_r6_uniform,100,17,0.602,6,uniform,ritt_costa,pli,feasible,289,288,0.003472,180.216,0.123,1036.0,1967.0,"{""c_min"": 288, ""c_max"": 361}",
n100_os0.6_r6_uniform_19,n100_os0.6_r6_uniform,100,17,0.6034,6,uniform,patterson_albracht,pli,feasible,308,307,0.003257,180.098,0.065,915.0,349.0,"{""c_min"": 307, ""c_max"": 372}",
n100_os0.6_r6_uniform_19,n100_os0.6_r6_uniform,100,17,0.6034,6,uniform,ritt_costa,pli,feasible,308,307,0.003257,180.2,0.108,981.0,1796.0,"{""c_min"": 307, ""c_max"": 372}",
n100_os0.6_r6_uniform_20,n100_os0.6_r6_uniform,100,17,0.6014,6,uniform,patterson_albracht,pli,optimal,313,313,0.0,29.396,0.069,958.0,355.0,"{""c_min"": 313, ""c_max"": 386}",
n100_os0.6_r6_uniform_20,n100_os0.6_r6_uniform,100,17,0.6014,6,uniform,ritt_costa,pli,optimal,313,313,0.0,19.386,0.119,1032.0,1957.0,"{""c_min"": 313, ""c_max"": 386}",
n100_os0.6_r6_uniform_21,n100_os0.6_r6_uniform,100,17,0.6,6,uniform,patterson_albracht,pli,feasible,315,314,0.003185,180.114,0.07,987.0,355.0,"{""c_min"": 314, ""c_max"": 413}",
n100_os0.6_r6_uniform_21,n100_os0.6_r6_uniform,100,17,0.6,6,uniform,ritt_costa,pli,optimal,314,314,0.0,24.386,0.154,1087.0,2067.0,"{""c_min"": 314, ""c_max"": 413}",
n100_os0.6_r6_uniform_22,n100_os0.6_r6_uniform,100,17,0.6032,6,uniform,patterson_albracht,pli,feasible,320,319,0.003135,180.093,0.063,985.0,320.0,"{""c_min"": 319, ""c_max"": 413}",
n100_os0.6_r6_uniform_22,n100_os0.6_r6_uniform,100,17,0.6032,6,uniform,ritt_costa,pli,feasible,320,319,0.003135,180.227,0.129,1080.0,1877.0,"{""c_min"": 319, ""c_max"": 413}",
n100_os0.6_r6_uniform_23,n100_os0.6_r6_uniform,100,17,0.6016,6,uniform,patterson_albracht,pli,optimal,298,298,0.0,13.325,0.065,979.0,333.0,"{""c_min"": 298, ""c_max"": 388}",
n100_os0.6_r6_uniform_23,n100_os0.6_r6_uniform,100,17,0.6016,6,uniform,ritt_costa,pli,optimal,298,298,0.0,143.652,0.139,1070.0,1912.0,"{""c_min"": 298, ""c_max"": 388}",
n100_os0.6_r6_uniform_24,n100_os0.6_r6_uniform,100,17,0.6038,6,uniform,patterson_albracht,pli,feasible,283,282,0.003546,180.11,0.068,941.0,353.0,"{""c_min"": 282, ""c_max"": 348}",
n100_os0.6_r6_uniform_24,n100_os0.6_r6_uniform,100,17,0.6038,6,uniform,ritt_costa,pli,feasible,283,282,0.003546,180.222,0.118,1008.0,1931.0,"{""c_min"": 282, ""c_max"": 348}",
n100_os0.6_r10_uniform_00,n100_os0.6_r10_uniform,100,10,0.6008,10,uniform,patterson_albracht,pli,optimal,522,522,0.0,2.493,0.043,540.0,364.0,"{""c_min"": 522, ""c_max"": 593}",
n100_os0.6_r10_uniform_00,n100_os0.6_r10_uniform,100,10,0.6008,10,uniform,ritt_costa,pli,optimal,522,522,0.0,2.517,0.051,612.0,1021.0,"{""c_min"": 522, ""c_max"": 593}",
n100_os0.6_r10_uniform_01,n100_os0.6_r10_uniform,100,10,0.6016,10,uniform,patterson_albracht,pli,optimal,504,504,0.0,2.041,0.044,552.0,356.0,"{""c_min"": 504, ""c_max"": 585}",
n100_os0.6_r10_uniform_01,n100_os0.6_r10_uniform,100,10,0.6016,10,uniform,ritt_costa,pli,optimal,504,504,0.0,3.16,0.055,634.0,1058.0,"{""c_min"": 504, ""c_max"": 585}",
n100_os0.6_r10_uniform_02,n100_os0.6_r10_uniform,100,10,0.6016,10,uniform,patterson_albracht,pli,optimal,511,511,0.0,3.061,0.043,560.0,343.0,"{""c_min"": 511, ""c_max"": 598}",
n100_os0.6_r10_uniform_02,n100_os0.6_r10_uniform,100,10,0.6016,10,uniform,ritt_costa,pli,optimal,511,511,0.0,6.12,0.057,648.0,1020.0,"{""c_min"": 511, ""c_max"": 598}",
n100_os0.6_r10_uniform_03,n100_os0.6_r10_uniform,100,10,0.6008,10,uniform,patterson_albracht,pli,optimal,511,511,0.0,0.948,0.043,545.0,354.0,"{""c_min"": 511, ""c_max"": 592}",
n100_os0.6_r10_uniform_03,n100_os0.6_r10_uniform,100,10,0.6008,10,uniform,ritt_costa,pli,optimal,511,511,0.0,1.038,0.051,627.0,1007.0,"{""c_min"": 511, ""c_max"": 592}",
n100_os0.6_r10_uniform_04,n100_os0.6_r10_uniform,100,10,0.6014,10,uniform,patterson_albracht,pli,optimal,480,480,0.0,1.374,0.044,518.0,368.0,"{""c_min"": 480, ""c_max"": 521}",
n100_os0.6_r10_uniform_04,n100_os0.6_r10_uniform,100,10,0.6014,10,uniform,ritt_costa,pli,optimal,480,480,0.0,2.971,0.042,560.0,939.0,"{""c_min"": 480, ""c_max"": 521}",
n100_os0.6_r10_uniform_05,n100_os0.6_r10_uniform,100,10,0.6032,10,uniform,patterson_albracht,pli,optimal,516,516,0.0,3.526,0.042,552.0,353.0,"{""c_min"": 516, ""c_max"": 585}",
n100_os0.6_r10_uniform_05,n100_os0.6_r10_uniform,100,10,0.6032,10,uniform,ritt_costa,pli,optimal,516,516,0.0,1.655,0.05,622.0,1013.0,"{""c_min"": 516, ""c_max"": 585}",
n100_os0.6_r10_uniform_06,n100_os0.6_r10_uniform,100,10,0.6016,10,uniform,patterson_albracht,pli,optimal,510,510,0.0,7.168,0.043,534.0,360.0,"{""c_min"": 510, ""c_max"": 566}",
n100_os0.6_r10_uniform_06,n100_os0.6_r10_uniform,100,10,0.6016,10,uniform,ritt_costa,pli,optimal,510,510,0.0,13.098,0.046,591.0,967.0,"{""c_min"": 510, ""c_max"": 566}",
n100_os0.6_r10_uniform_07,n100_os0.6_r10_uniform,100,10,0.6061,10,uniform,patterson_albracht,pli,optimal,492,492,0.0,4.455,0.045,540.0,344.0,"{""c_min"": 492, ""c_max"": 553}",
n100_os0.6_r10_uniform_07,n100_os0.6_r10_uniform,100,10,0.6061,10,uniform,ritt_costa,pli,optimal,492,492,0.0,4.126,0.047,602.0,937.0,"{""c_min"": 492, ""c_max"": 553}",
n100_os0.6_r10_uniform_08,n100_os0.6_r10_uniform,100,10,0.6024,10,uniform,patterson_albracht,pli,optimal,497,497,0.0,0.891,0.042,550.0,351.0,"{""c_min"": 497, ""c_max"": 575}",
n100_os0.6_r10_uniform_08,n100_os0.6_r10_uniform,100,10,0.6024,10,uniform,ritt_costa,pli,optimal,497,497,0.0,17.136,0.053,629.0,1016.0,"{""c_min"": 497, ""c_max"": 575}",
n100_os0.6_r10_uniform_09,n100_os0.6_r10_uniform,100,10,0.6002,10,uniform,patterson_albracht,pli,optimal,475,475,0.0,2.305,0.044,546.0,345.0,"{""c_min"": 475, ""c_max"": 542}",
n100_os0.6_r10_uniform_09,n100_os0.6_r10_uniform,100,10,0.6002,10,uniform,ritt_costa,pli,optimal,475,475,0.0,1.862,0.05,614.0,990.0,"{""c_min"": 475, ""c_max"": 542}",
n100_os0.6_r10_uniform_10,n100_os0.6_r10_uniform,100,10,0.6006,10,uniform,patterson_albracht,pli,optimal,572,572,0.0,7.463,0.046,563.0,328.0,"{""c_min"": 572, ""c_max"": 667}",
n100_os0.6_r10_uniform_10,n100_os0.6_r10_uniform,100,10,0.6006,10,uniform,ritt_costa,pli,optimal,572,572,0.0,4.339,0.061,659.0,964.0,"{""c_min"": 572, ""c_max"": 667}",
n100_os0.6_r10_uniform_11,n100_os0.6_r10_uniform,100,10,0.6016,10,uniform,patterson_albracht,pli,optimal,541,541,0.0,4.798,0.039,549.0,324.0,"{""c_min"": 541, ""c_max"": 610}",
n100_os0.6_r10_uniform_11,n100_os0.6_r10_uniform,100,10,0.6016,10,uniform,ritt_costa,pli,optimal,541,541,0.0,38.609,0.047,619.0,922.0,"{""c_min"": 541, ""c_max"": 610}",
n100_os0.6_r10_uniform_12,n100_os0.6_r10_uniform,100,10,0.6071,10,uniform,patterson_albracht,pli,optimal,516,516,0.0,2.474,0.042,538.0,359.0,"{""c_min"": 516, ""c_max"": 579}",
n100_os0.6_r10_uniform_12,n100_os0.6_r10_uniform,100,10,0.6071,10,uniform,ritt_costa,pli,optimal,516,516,0.0,2.422,0.05,602.0,988.0,"{""c_min"": 516, ""c_max"": 579}",
n100_os0.6_r10_uniform_13,n100_os0.6_r10_uniform,100,10,0.6006,10,uniform,patterson_albracht,pli,optimal,486,486,0.0,1.64,0.044,571.0,358.0,"{""c_min"": 486, ""c_max"": 574}",
n100_os0.6_r10_uniform_13,n100_os0.6_r10_uniform,100,10,0.6006,10,uniform,ritt_costa,pli,optimal,486,486,0.0,2.956,0.06,660.0,1122.0,"{""c_min"": 486, ""c_max"": 574}",
n100_os0.6_r10_uniform_14,n100_os0.6_r10_uniform,100,10,0.6006,10,uniform,patterson_albracht,pli,optimal,498,498,0.0,3.919,0.046,574.0,356.0,"{""c_min"": 498, ""c_max"": 582}",
n100_os0.6_r10_uniform_14,n100_os0.6_r10_uniform,100,10,0.6006,10,uniform,ritt_costa,pli,optimal,498,498,0.0,5.142,0.06,659.0,1101.0,"{""c_min"": 498, ""c_max"": 582}",
n100_os0.6_r10_uniform_15,n100_os0.6_r10_uniform,100,10,0.6044,10,uniform,patterson_albracht,pli,optimal,465,465,0.0,2.383,0.044,546.0,367.0,"{""c_min"": 465, ""c_max"": 528}",
n100_os0.6_r10_uniform_15,n100_os0.6_r10_uniform,100,10,0.6044,10,uniform,ritt_costa,pli,optimal,465,465,0.0,20.145,0.051,610.0,1044.0,"{""c_min"": 465, ""c_max"": 528}",
n100_os0.6_r10_uniform_16,n100_os0.6_r10_uniform,100,10,0.6028,10,uniform,patterson_albracht,pli,optimal,504,504,0.0,2.154,0.043,544.0,355.0,"{""c_min"": 504, ""c_max"": 565}",
n100_os0.6_r10_uniform_16,n100_os0.6_r10_uniform,100,10,0.6028,10,uniform,ritt_costa,pli,optimal,504,504,0.0,1.211,0.049,606.0,1012.0,"{""c_min"": 504, ""c_max"": 565}",
n100_os0.6_r10_uniform_17,n100_os0.6_r10_uniform,100,10,0.6016,10,uniform,patterson_albracht,pli,optimal,479,479,0.0,5.509,0.045,569.0,340.0,"{""c_min"": 479, ""c_max"": 563}",
n100_os0.6_r10_uniform_17,n100_os0.6_r10_uniform,100,10,0.6016,10,uniform,ritt_costa,pli,optimal,479,479,0.0,4.214,0.061,654.0,1041.0,"{""c_min"": 479, ""c_max"": 563}",
n100_os0.6_r10_uniform_18,n100_os0.6_r10_uniform,100,10,0.6038,10,uniform,patterson_albracht,pli,optimal,511,511,0.0,2.868,0.041,534.0,349.0,"{""c_min"": 511, ""c_max"": 575}",
n100_os0.6_r10_uniform_18,n100_os0.6_r10_uniform,100,10,0.6038,10,uniform,ritt_costa,pli,optimal,511,511,0.0,5.231,0.045,599.0,950.0,"{""c_min"": 511, ""c_max"": 575}",
n100_os0.6_r10_uniform_19,n100_os0.6_r10_uniform,100,10,0.601,10,uniform,patterson_albracht,pli,optimal,521,521,0.0,3.673,0.044,557.0,356.0,"{""c_min"": 521, ""c_max"": 598}",
n100_os0.6_r10_uniform_19,n100_os0.6_r10_uniform,100,10,0.601,10,uniform,ritt_costa,pli,optimal,521,521,0.0,4.589,0.056,635.0,1065.0,"{""c_min"": 521, ""c_max"": 598}",
n100_os0.6_r10_uniform_20,n100_os0.6_r10_uniform,100,10,0.6016,10,uniform,patterson_albracht,pli,optimal,538,538,0.0,6.909,0.041,512.0,356.0,"{""c_min"": 538, ""c_max"": 572}",
n100_os0.6_r10_uniform_20,n100_os0.6_r10_uniform,100,10,0.6016,10,uniform,ritt_costa,pli,optimal,538,538,0.0,4.453,0.048,547.0,875.0,"{""c_min"": 538, ""c_max"": 572}",
n100_os0.6_r10_uniform_21,n100_os0.6_r10_uniform,100,10,0.6075,10,uniform,patterson_albracht,pli,optimal,508,508,0.0,6.662,0.041,562.0,334.0,"{""c_min"": 508, ""c_max"": 595}",
n100_os0.6_r10_uniform_21,n100_os0.6_r10_uniform,100,10,0.6075,10,uniform,ritt_costa,pli,optimal,508,508,0.0,13.066,0.055,650.0,1001.0,"{""c_min"": 508, ""c_max"": 595}",
n100_os0.6_r10_uniform_22,n100_os0.6_r10_uniform,100,10,0.6079,10,uniform,patterson_albracht,pli,optimal,505,505,0.0,2.693,0.047,539.0,374.0,"{""c_min"": 505, ""c_max"": 577}",
n100_os0.6_r10_uniform_22,n100_os0.6_r10_uniform,100,10,0.6079,10,uniform,ritt_costa,pli,optimal,505,505,0.0,1.445,0.052,612.0,1042.0,"{""c_min"": 505, ""c_max"": 577}",
n100_os0.6_r10_uniform_23,n100_os0.6_r10_uniform,100,10,0.6046,10,uniform,patterson_albracht,pli,optimal,473,473,0.0,2.556,0.045,568.0,359.0,"{""c_min"": 473, ""c_max"": 556}",
n100_os0.6_r10_uniform_23,n100_os0.6_r10_uniform,100,10,0.6046,10,uniform,ritt_costa,pli,optimal,473,473,0.0,4.177,0.059,652.0,1119.0,"{""c_min"": 473, ""c_max"": 556}",
n100_os0.6_r10_uniform_24,n100_os0.6_r10_uniform,100,10,0.6,10,uniform,patterson_albracht,pli,optimal,553,553,0.0,4.503,0.042,528.0,356.0,"{""c_min"": 553, ""c_max"": 602}",
n100_os0.6_r10_uniform_24,n100_os0.6_r10_uniform,100,10,0.6,10,uniform,ritt_costa,pli,optimal,553,553,0.0,6.452,0.043,578.0,933.0,"{""c_min"": 553, ""c_max"": 602}",
n100_os0.9_r3_uniform_00,n100_os0.9_r3_uniform,100,33,0.9002,3,uniform,patterson_albracht,pli,feasible,163,160,0.01875,180.18,0.087,1440.0,335.0,"{""c_min"": 159, ""c_max"": 242}",
n100_os0.9_r3_uniform_00,n100_os0.9_r3_uniform,100,33,0.9002,3,uniform,ritt_costa,pli,optimal,163,163,0.0,117.366,0.349,1524.0,3628.0,"{""c_min"": 159, ""c_max"": 242}",
n100_os0.9_r3_uniform_01,n100_os0.9_r3_uniform,100,33,0.9018,3,uniform,patterson_albracht,pli,feasible,172,167,0.02994,180.731,0.082,1415.0,321.0,"{""c_min"": 162, ""c_max"": 245}",
n100_os0.9_r3_uniform_01,n100_os0.9_r3_uniform,100,33,0.9018,3,uniform,ritt_costa,pli,feasible,172,170,0.011765,180.493,0.308,1499.0,3411.0,"{""c_min"": 162, ""c_max"": 245}",
n100_os0.9_r3_uniform_02,n100_os0.9_r3_uniform,100,33,0.9008,3,uniform,patterson_albracht,pli,feasible,160,157,0.019108,180.142,0.091,1502.0,328.0,"{""c_min"": 156, ""c_max"": 246}",
n100_os0.9_r3_uniform_02,n100_os0.9_r3_uniform,100,33,0.9008,3,uniform,ritt_costa,pli,optimal,160,160,0.0,50.552,0.474,1593.0,3741.0,"{""c_min"": 156, ""c_max"": 246}",
n100_os0.9_r3_uniform_03,n100_os0.9_r3_uniform,100,33,0.901,3,uniform,patterson_albracht,pli,feasible,168,163,0.030675,180.169,0.108,1413.0,329.0,"{""c_min"": 163, ""c_max"": 245}",
n100_os0.9_r3_uniform_03,n100_os0.9_r3_uniform,100,33,0.901,3,uniform,ritt_costa,pli,optimal,167,167,0.0,70.913,0.438,1496.0,3489.0,"{""c_min"": 163, ""c_max"": 245}",
n100_os0.9_r3_uniform_04,n100_os0.9_r3_uniform,100,33,0.9004,3,uniform,patterson_albracht,pli,feasible,171,166,0.03012,180.167,0.106,1476.0,327.0,"{""c_min"": 162, ""c_max"": 254}",
n100_os0.9_r3_uniform_04,n100_os0.9_r3_uniform,100,33,0.9004,3,uniform,ritt_costa,pli,optimal,171,171,0.0,151.369,0.414,1569.0,3656.0,"{""c_min"": 162, ""c_max"": 254}",
n100_os0.9_r3_uniform_05,n100_os0.9_r3_uniform,100,33,0.9002,3,uniform,patterson_albracht,pli,feasible,151,150,0.006667,180.174,0.123,1362.0,342.0,"{""c_min"": 146, ""c_max"": 213}",
n100_os0.9_r3_uniform_05,n100_os0.9_r3_uniform,100,33,0.9002,3,uniform,ritt_costa,pli,optimal,151,151,0.0,58.247,0.326,1430.0,3429.0,"{""c_min"": 146, ""c_max"": 213}",
n100_os0.9_r3_uniform_06,n100_os0.9_r3_uniform,100,33,0.9014,3,uniform,patterson_albracht,pli,feasible,166,162,0.024691,180.181,0.127,1448.0,324.0,"{""c_min"": 159, ""c_max"": 243}",
n100_os0.9_r3_uniform_06,n100_os0.9_r3_uniform,100,33,0.9014,3,uniform,ritt_costa,pli,feasible,166,164,0.012195,180.674,0.399,1533.0,3525.0,"{""c_min"": 159, ""c_max"": 243}",
n100_os0.9_r3_uniform_07,n100_os0.9_r3_uniform,100,33,0.9006,3,uniform,patterson_albracht,pli,feasible,167,166,0.006024,180.147,0.09,1498.0,332.0,"{""c_min"": 159, ""c_max"": 252}",
n100_os0.9_r3_uniform_07,n100_os0.9_r3_uniform,100,33,0.9006,3,uniform,ritt_costa,pli,optimal,167,167,0.0,46.509,0.36,1592.0,3811.0,"{""c_min"": 159, ""c_max"": 252}",
n100_os0.9_r3_uniform_08,n100_os0.9_r3_uniform,100,33,0.901,3,uniform,patterson_albracht,pli,feasible,172,169,0.017751,180.131,0.085,1417.0,330.0,"{""c_min"": 166, ""c_max"": 251}",
n100_os0.9_r3_uniform_08,n100_os0.9_r3_uniform,100,33,0.901,3,uniform,ritt_costa,pli,optimal,172,172,0.0,91.774,0.332,1503.0,3512.0,"{""c_min"": 166, ""c_max"": 251}",
n100_os0.9_r3_uniform_09,n100_os0.9_r3_uniform,100,33,0.9002,3,uniform,patterson_albracht,pli,feasible,152,150,0.013333,180.158,0.084,1372.0,331.0,"{""c_min"": 147, ""c_max"": 215}",
n100_os0.9_r3_uniform_09,n100_os0.9_r3_uniform,100,33,0.9002,3,uniform,ritt_costa,pli,optimal,152,152,0.0,39.035,0.274,1441.0,3349.0,"{""c_min"": 147, ""c_max"": 215}",
n100_os0.9_r3_uniform_10,n100_os0.9_r3_uniform,100,33,0.9002,3,uniform,patterson_albracht,pli,feasible,156,155,0.006452,180.164,0.077,1183.0,343.0,"{""c_min"": 149, ""c_max"": 203}",
n100_os0.9_r3_uniform_10,n100_os0.9_r3_uniform,100,33,0.9002,3,uniform,ritt_costa,pli,optimal,156,156,0.0,31.877,0.216,1238.0,2926.0,"{""c_min"": 149, ""c_max"": 203}",
n100_os0.9_r3_uniform_11,n100_os0.9_r3_uniform,100,33,0.9044,3,uniform,patterson_albracht,pli,feasible,181,180,0.005556,180.141,0.08,1414.0,312.0,"{""c_min"": 170, ""c_max"": 258}",
n100_os0.9_r3_uniform_11,n100_os0.9_r3_uniform,100,33,0.9044,3,uniform,ritt_costa,pli,optimal,181,181,0.0,46.928,0.315,1503.0,3326.0,"{""c_min"": 170, ""c_max"": 258}",
n100_os0.9_r3_uniform_12,n100_os0.9_r3_uniform,100,33,0.9004,3,uniform,patterson_albracht,pli,feasible,152,151,0.006623,180.148,0.094,1526.0,335.0,"{""c_min"": 145, ""c_max"": 233}",
n100_os0.9_r3_uniform_12,n100_os0.9_r3_uniform,100,33,0.9004,3,uniform,ritt_costa,pli,optimal,152,152,0.0,27.284,0.361,1615.0,3927.0,"{""c_min"": 145, ""c_max"": 233}",
n100_os0.9_r3_uniform_13,n100_os0.9_r3_uniform,100,33,0.9012,3,uniform,patterson_albracht,pli,feasible,159,158,0.006329,180.143,0.093,1517.0,331.0,"{""c_min"": 148, ""c_max"": 237}",
n100_os0.9_r3_uniform_13,n100_os0.9_r3_uniform,100,33,0.9012,3,uniform,ritt_costa,pli,optimal,159,159,0.0,17.597,0.356,1607.0,3818.0,"{""c_min"": 148, ""c_max"": 237}",
n100_os0.9_r3_uniform_14,n100_os0.9_r3_uniform,100,33,0.9002,3,uniform,patterson_albracht,pli,optimal,154,154,0.0,47.098,0.094,1515.0,339.0,"{""c_min"": 147, ""c_max"": 233}",
n100_os0.9_r3_uniform_14,n100_os0.9_r3_uniform,100,33,0.9002,3,uniform,ritt_costa,pli,optimal,154,154,0.0,32.277,0.393,1602.0,3917.0,"{""c_min"": 147, ""c_max"": 233}",
n100_os0.9_r3_uniform_15,n100_os0.9_r3_uniform,100,33,0.9004,3,uniform,patterson_albracht,pli,feasible,155,139,0.115108,180.15,0.097,1575.0,333.0,"{""c_min"": 139, ""c_max"": 228}",
n100_os0.9_r3_uniform_15,n100_os0.9_r3_uniform,100,33,0.9004,3,uniform,ritt_costa,pli,feasible,155,151,0.02649,180.659,0.42,1665.0,4042.0,"{""c_min"": 139, ""c_max"": 228}",
n100_os0.9_r3_uniform_16,n100_os0.9_r3_uniform,100,33,0.9,3,uniform,patterson_albracht,pli,feasible,167,162,0.030864,180.139,0.086,1392.0,337.0,"{""c_min"": 162, ""c_max"": 242}",
n100_os0.9_r3_uniform_16,n100_os0.9_r3_uniform,100,33,0.9,3,uniform,ritt_costa,pli,optimal,167,167,0.0,131.358,0.305,1473.0,3499.0,"{""c_min"": 162, ""c_max"": 242}",
n100_os0.9_r3_uniform_17,n100_os0.9_r3_uniform,100,33,0.9,3,uniform,patterson_albracht,pli,feasible,155,152,0.019737,180.153,0.102,1520.0,342.0,"{""c_min"": 147, ""c_max"": 234}",
n100_os0.9_r3_uniform_17,n100_os0.9_r3_uniform,100,33,0.9,3,uniform,ritt_costa,pli,optimal,155,155,0.0,31.405,0.267,1608.0,3985.0,"{""c_min"": 147, ""c_max"": 234}",
n100_os0.9_r3_uniform_18,n100_os0.9_r3_uniform,100,33,0.9014,3,uniform,patterson_albracht,pli,feasible,170,169,0.005917,180.392,0.158,1461.0,330.0,"{""c_min"": 162, ""c_max"": 251}",
n100_os0.9_r3_uniform_18,n100_os0.9_r3_uniform,100,33,0.9014,3,uniform,ritt_costa,pli,optimal,170,170,0.0,24.893,0.44,1551.0,3657.0,"{""c_min"": 162, ""c_max"": 251}",
n100_os0.9_r3_uniform_19,n100_os0.9_r3_uniform,100,33,0.9,3,uniform,patterson_albracht,pli,feasible,162,156,0.038462,180.201,0.138,1524.0,340.0,"{""c_min"": 154, ""c_max"": 244}",
n100_os0.9_r3_uniform_19,n100_os0.9_r3_uniform,100,33,0.9,3,uniform,ritt_costa,pli,optimal,162,162,0.0,25.417,0.433,1615.0,3942.0,"{""c_min"": 154, ""c_max"": 244}",
n100_os0.9_r3_uniform_20,n100_os0.9_r3_uniform,100,33,0.902,3,uniform,patterson_albracht,pli,feasible,157,152,0.032895,180.174,0.115,1572.0,332.0,"{""c_min"": 145, ""c_max"": 238}",
n100_os0.9_r3_uniform_20,n100_os0.9_r3_uniform,100,33,0.902,3,uniform,ritt_costa,pli,optimal,157,157,0.0,21.027,0.488,1666.0,4018.0,"{""c_min"": 145, ""c_max"": 238}",
n100_os0.9_r3_uniform_21,n100_os0.9_r3_uniform,100,33,0.9004,3,uniform,patterson_albracht,pli,optimal,156,156,0.0,61.354,0.11,1505.0,324.0,"{""c_min"": 148, ""c_max"": 235}",
n100_os0.9_r3_uniform_21,n100_os0.9_r3_uniform,100,33,0.9004,3,uniform,ritt_costa,pli,optimal,156,156,0.0,18.325,0.407,1593.0,3702.0,"{""c_min"": 148, ""c_max"": 235}",
n100_os0.9_r3_uniform_22,n100_os0.9_r3_uniform,100,33,0.9002,3,uniform,patterson_albracht,pli,optimal,160,160,0.0,124.649,0.103,1406.0,326.0,"{""c_min"": 149, ""c_max"": 220}",
n100_os0.9_r3_uniform_22,n100_os0.9_r3_uniform,100,33,0.9002,3,uniform,ritt_costa,pli,optimal,160,160,0.0,86.602,0.488,1478.0,3375.0,"{""c_min"": 149, ""c_max"": 220}",
n100_os0.9_r3_uniform_23,n100_os0.9_r3_uniform,100,33,0.9032,3,uniform,patterson_albracht,pli,feasible,176,169,0.04142,180.181,0.114,1483.0,309.0,"{""c_min"": 169, ""c_max"": 264}",
n100_os0.9_r3_uniform_23,n100_os0.9_r3_uniform,100,33,0.9032,3,uniform,ritt_costa,pli,feasible,175,174,0.005747,180.69,0.435,1579.0,3465.0,"{""c_min"": 169, ""c_max"": 264}",
n100_os0.9_r3_uniform_24,n100_os0.9_r3_uniform,100,33,0.9,3,uniform,patterson_albracht,pli,feasible,154,153,0.006536,180.185,0.12,1592.0,328.0,"{""c_min"": 142, ""c_max"": 234}",
n100_os0.9_r3_uniform_24,n100_os0.9_r3_uniform,100,33,0.9,3,uniform,ritt_costa,pli,optimal,154,154,0.0,23.089,0.482,1685.0,4004.0,"{""c_min"": 142, ""c_max"": 234}",
n100_os0.9_r6_uniform_00,n100_os0.9_r6_uniform,100,17,0.9016,6,uniform,patterson_albracht,pli,optimal,279,279,0.0,71.737,0.038,610.0,299.0,"{""c_min"": 275, ""c_max"": 358}",
n100_os0.9_r6_uniform_00,n100_os0.9_r6_uniform,100,17,0.9016,6,uniform,ritt_costa,pli,optimal,279,279,0.0,10.885,0.155,694.0,1280.0,"{""c_min"": 275, ""c_max"": 358}",
n100_os0.9_r6_uniform_01,n100_os0.9_r6_uniform,100,17,0.9008,6,uniform,patterson_albracht,pli,optimal,268,268,0.0,21.941,0.062,588.0,314.0,"{""c_min"": 266, ""c_max"": 339}",
n100_os0.9_r6_uniform_01,n100_os0.9_r6_uniform,100,17,0.9008,6,uniform,ritt_costa,pli,optimal,268,268,0.0,2.629,0.136,662.0,1281.0,"{""c_min"": 266, ""c_max"": 339}",
n100_os0.9_r6_uniform_02,n100_os0.9_r6_uniform,100,17,0.903,6,uniform,patterson_albracht,pli,optimal,284,284,0.0,109.937,0.044,585.0,311.0,"{""c_min"": 278, ""c_max"": 352}",
n100_os0.9_r6_uniform_02,n100_os0.9_r6_uniform,100,17,0.903,6,uniform,ritt_costa,pli,optimal,284,284,0.0,9.479,0.132,660.0,1264.0,"{""c_min"": 278, ""c_max"": 352}",
n100_os0.9_r6_uniform_03,n100_os0.9_r6_uniform,100,17,0.9008,6,uniform,patterson_albracht,pli,optimal,314,314,0.0,52.364,0.058,590.0,300.0,"{""c_min"": 312, ""c_max"": 397}",
n100_os0.9_r6_uniform_03,n100_os0.9_r6_uniform,100,17,0.9008,6,uniform,ritt_costa,pli,optimal,314,314,0.0,7.169,0.143,676.0,1201.0,"{""c_min"": 312, ""c_max"": 397}",
n100_os0.9_r6_uniform_04,n100_os0.9_r6_uniform,100,17,0.9024,6,uniform,patterson_albracht,pli,optimal,333,333,0.0,11.771,0.049,567.0,291.0,"{""c_min"": 327, ""c_max"": 414}",
n100_os0.9_r6_uniform_04,n100_os0.9_r6_uniform,100,17,0.9024,6,uniform,ritt_costa,pli,optimal,333,333,0.0,4.866,0.103,655.0,1143.0,"{""c_min"": 327, ""c_max"": 414}",
n100_os0.9_r6_uniform_05,n100_os0.9_r6_uniform,100,17,0.9002,6,uniform,patterson_albracht,pli,optimal,297,297,0.0,56.827,0.047,575.0,325.0,"{""c_min"": 295, ""c_max"": 373}",
n100_os0.9_r6_uniform_05,n100_os0.9_r6_uniform,100,17,0.9002,6,uniform,ritt_costa,pli,optimal,297,297,0.0,5.086,0.124,654.0,1270.0,"{""c_min"": 295, ""c_max"": 373}",
n100_os0.9_r6_uniform_06,n100_os0.9_r6_uniform,100,17,0.9004,6,uniform,patterson_albracht,pli,optimal,313,313,0.0,72.969,0.063,600.0,328.0,"{""c_min"": 309, ""c_max"": 401}",
n100_os0.9_r6_uniform_06,n100_os0.9_r6_uniform,100,17,0.9004,6,uniform,ritt_costa,pli,optimal,313,313,0.0,5.391,0.134,693.0,1378.0,"{""c_min"": 309, ""c_max"": 401}",
n100_os0.9_r6_uniform_07,n100_os0.9_r6_uniform,100,17,0.901,6,uniform,patterson_albracht,pli,optimal,286,286,0.0,29.051,0.054,552.0,315.0,"{""c_min"": 283, ""c_max"": 349}",
n100_os0.9_r6_uniform_07,n100_os0.9_r6_uniform,100,17,0.901,6,uniform,ritt_costa,pli,optimal,286,286,0.0,8.732,0.126,619.0,1152.0,"{""c_min"": 283, ""c_max"": 349}",
n100_os0.9_r6_uniform_08,n100_os0.9_r6_uniform,100,17,0.9004,6,uniform,patterson_albracht,pli,optimal,289,289,0.0,11.935,0.063,641.0,293.0,"{""c_min"": 285, ""c_max"": 379}",
n100_os0.9_r6_uniform_08,n100_os0.9_r6_uniform,100,17,0.9004,6,uniform,ritt_costa,pli,optimal,289,289,0.0,4.77,0.154,736.0,1346.0,"{""c_min"": 285, ""c_max"": 379}",
n100_os0.9_r6_uniform_09,n100_os0.9_r6_uniform,100,17,0.9012,6,uniform,patterson_albracht,pli,optimal,319,319,0.0,42.511,0.063,602.0,318.0,"{""c_min"": 313, ""c_max"": 403}",
n100_os0.9_r6_uniform_09,n100_os0.9_r6_uniform,100,17,0.9012,6,uniform,ritt_costa,pli,optimal,319,319,0.0,4.706,0.17,693.0,1354.0,"{""c_min"": 313, ""c_max"": 403}",
n100_os0.9_r6_uniform_10,n100_os0.9_r6_uniform,100,17,0.9002,6,uniform,patterson_albracht,pli,optimal,324,324,0.0,17.421,0.056,579.0,291.0,"{""c_min"": 321, ""c_max"": 410}",
n100_os0.9_r6_uniform_10,n100_os0.9_r6_uniform,100,17,0.9002,6,uniform,ritt_costa,pli,optimal,324,324,0.0,4.391,0.143,669.0,1165.0,"{""c_min"": 321, ""c_max"": 410}",
n100_os0.9_r6_uniform_11,n100_os0.9_r6_uniform,100,17,0.9002,6,uniform,patterson_albracht,pli,optimal,326,326,0.0,102.577,0.056,531.0,317.0,"{""c_min"": 321, ""c_max"": 394}",
n100_os0.9_r6_uniform_11,n100_os0.9_r6_uniform,100,17,0.9002,6,uniform,ritt_costa,pli,optimal,326,326,0.0,8.15,0.123,605.0,1114.0,"{""c_min"": 321, ""c_max"": 394}",
n100_os0.9_r6_uniform_12,n100_os0.9_r6_uniform,100,17,0.9006,6,uniform,patterson_albracht,pli,optimal,316,316,0.0,59.296,0.058,565.0,325.0,"{""c_min"": 313, ""c_max"": 394}",
n100_os0.9_r6_uniform_12,n100_os0.9_r6_uniform,100,17,0.9006,6,uniform,ritt_costa,pli,optimal,316,316,0.0,3.136,0.144,647.0,1251.0,"{""c_min"": 313, ""c_max"": 394}",
n100_os0.9_r6_uniform_13,n100_os0.9_r6_uniform,100,17,0.9002,6,uniform,patterson_albracht,pli,optimal,300,300,0.0,6.159,0.049,505.0,323.0,"{""c_min"": 298, ""c_max"": 357}",
n100_os0.9_r6_uniform_13,n100_os0.9_r6_uniform,100,17,0.9002,6,uniform,ritt_costa,pli,optimal,300,300,0.0,5.59,0.106,565.0,1040.0,"{""c_min"": 298, ""c_max"": 357}",
n100_os0.9_r6_uniform_14,n100_os0.9_r6_uniform,100,17,0.9004,6,uniform,patterson_albracht,pli,optimal,282,282,0.0,34.603,0.059,580.0,308.0,"{""c_min"": 279, ""c_max"": 355}",
n100_os0.9_r6_uniform_14,n100_os0.9_r6_uniform,100,17,0.9004,6,uniform,ritt_costa,pli,optimal,282,282,0.0,7.51,0.113,657.0,1223.0,"{""c_min"": 279, ""c_max"": 355}",
n100_os0.9_r6_uniform_15,n100_os0.9_r6_uniform,100,17,0.9,6,uniform,patterson_albracht,pli,optimal,283,283,0.0,9.829,0.042,567.0,314.0,"{""c_min"": 279, ""c_max"": 352}",
n100_os0.9_r6_uniform_15,n100_os0.9_r6_uniform,100,17,0.9,6,uniform,ritt_costa,pli,optimal,283,283,0.0,5.699,0.129,641.0,1233.0,"{""c_min"": 279, ""c_max"": 352}",
n100_os0.9_r6_uniform_16,n100_os0.9_r6_uniform,100,17,0.9004,6,uniform,patterson_albracht,pli,optimal,310,310,0.0,64.959,0.051,554.0,321.0,"{""c_min"": 306, ""c_max"": 379}",
n100_os0.9_r6_uniform_16,n100_os0.9_r6_uniform,100,17,0.9004,6,uniform,ritt_costa,pli,optimal,310,310,0.0,10.597,0.13,628.0,1191.0,"{""c_min"": 306, ""c_max"": 379}",
n100_os0.9_r6_uniform_17,n100_os0.9_r6_uniform,100,17,0.9008,6,uniform,patterson_albracht,pli,optimal,303,303,0.0,23.856,0.042,507.0,313.0,"{""c_min"": 300, ""c_max"": 360}",
n100_os0.9_r6_uniform_17,n100_os0.9_r6_uniform,100,17,0.9008,6,uniform,ritt_costa,pli,optimal,303,303,0.0,4.451,0.07,568.0,1016.0,"{""c_min"": 300, ""c_max"": 360}",
n100_os0.9_r6_uniform_18,n100_os0.9_r6_uniform,100,17,0.9002,6,uniform,patterson_albracht,pli,optimal,308,308,0.0,28.278,0.061,539.0,326.0,"{""c_min"": 307, ""c_max"": 378}",
n100_os0.9_r6_uniform_18,n100_os0.9_r6_uniform,100,17,0.9002,6,uniform,ritt_costa,pli,optimal,308,308,0.0,5.257,0.087,611.0,1165.0,"{""c_min"": 307, ""c_max"": 378}",
n100_os0.9_r6_uniform_19,n100_os0.9_r6_uniform,100,17,0.9014,6,uniform,patterson_albracht,pli,optimal,301,301,0.0,109.313,0.046,594.0,310.0,"{""c_min"": 297, ""c_max"": 382}",
n100_os0.9_r6_uniform_19,n100_os0.9_r6_uniform,100,17,0.9014,6,uniform,ritt_costa,pli,optimal,301,301,0.0,4.424,0.103,680.0,1272.0,"{""c_min"": 297, ""c_max"": 382}",
n100_os0.9_r6_uniform_20,n100_os0.9_r6_uniform,100,17,0.9014,6,uniform,patterson_albracht,pli,optimal,297,297,0.0,26.429,0.043,592.0,308.0,"{""c_min"": 295, ""c_max"": 378}",
n100_os0.9_r6_uniform_20,n100_os0.9_r6_uniform,100,17,0.9014,6,uniform,ritt_costa,pli,optimal,297,297,0.0,16.671,0.119,676.0,1254.0,"{""c_min"": 295, ""c_max"": 378}",
n100_os0.9_r6_uniform_21,n100_os0.9_r6_uniform,100,17,0.9002,6,uniform,patterson_albracht,pli,optimal,294,294,0.0,3.741,0.035,501.0,316.0,"{""c_min"": 290, ""c_max"": 348}",
n100_os0.9_r6_uniform_21,n100_os0.9_r6_uniform,100,17,0.9002,6,uniform,ritt_costa,pli,optimal,294,294,0.0,2.216,0.104,560.0,1017.0,"{""c_min"": 290, ""c_max"": 348}",
n100_os0.9_r6_uniform_22,n100_os0.9_r6_uniform,100,17,0.9004,6,uniform,patterson_albracht,pli,optimal,299,299,0.0,7.313,0.036,518.0,310.0,"{""c_min"": 295, ""c_max"": 360}",
n100_os0.9_r6_uniform_22,n100_os0.9_r6_uniform,100,17,0.9004,6,uniform,ritt_costa,pli,optimal,299,299,0.0,4.928,0.073,584.0,1052.0,"{""c_min"": 295, ""c_max"": 360}",
n100_os0.9_r6_uniform_23,n100_os0.9_r6_uniform,100,17,0.9006,6,uniform,patterson_albracht,pli,optimal,308,308,0.0,48.994,0.045,594.0,315.0,"{""c_min"": 306, ""c_max"": 391}",
n100_os0.9_r6_uniform_23,n100_os0.9_r6_uniform,100,17,0.9006,6,uniform,ritt_costa,pli,optimal,308,308,0.0,6.401,0.099,680.0,1291.0,"{""c_min"": 306, ""c_max"": 391}",
n100_os0.9_r6_uniform_24,n100_os0.9_r6_uniform,100,17,0.9,6,uniform,patterson_albracht,pli,optimal,312,312,0.0,8.978,0.039,601.0,309.0,"{""c_min"": 307, ""c_max"": 397}",
n100_os0.9_r6_uniform_24,n100_os0.9_r6_uniform,100,17,0.9,6,uniform,ritt_costa,pli,optimal,312,312,0.0,4.52,0.109,692.0,1297.0,"{""c_min"": 307, ""c_max"": 397}",
n100_os0.9_r10_uniform_00,n100_os0.9_r10_uniform,100,10,0.9,10,uniform,patterson_albracht,pli,optimal,481,481,0.0,0.601,0.025,286.0,319.0,"{""c_min"": 478, ""c_max"": 535}",
n100_os0.9_r10_uniform_00,n100_os0.9_r10_uniform,100,10,0.9,10,uniform,ritt_costa,pli,optimal,481,481,0.0,0.592,0.029,344.0,510.0,"{""c_min"": 478, ""c_max"": 535}",
n100_os0.9_r10_uniform_01,n100_os0.9_r10_uniform,100,10,0.901,10,uniform,patterson_albracht,pli,optimal,495,495,0.0,0.359,0.023,290.0,320.0,"{""c_min"": 494, ""c_max"": 564}",
n100_os0.9_r10_uniform_01,n100_os0.9_r10_uniform,100,10,0.901,10,uniform,ritt_costa,pli,optimal,495,495,0.0,0.947,0.033,361.0,523.0,"{""c_min"": 494, ""c_max"": 564}",
n100_os0.9_r10_uniform_02,n100_os0.9_r10_uniform,100,10,0.9002,10,uniform,patterson_albracht,pli,optimal,522,522,0.0,0.456,0.02,266.0,293.0,"{""c_min"": 512, ""c_max"": 563}",
n100_os0.9_r10_uniform_02,n100_os0.9_r10_uniform,100,10,0.9002,10,uniform,ritt_costa,pli,optimal,522,522,0.0,0.407,0.023,318.0,416.0,"{""c_min"": 512, ""c_max"": 563}",
n100_os0.9_r10_uniform_03,n100_os0.9_r10_uniform,100,10,0.9,10,uniform,patterson_albracht,pli,optimal,504,504,0.0,0.777,0.022,307.0,296.0,"{""c_min"": 502, ""c_max"": 584}",
n100_os0.9_r10_uniform_03,n100_os0.9_r10_uniform,100,10,0.9,10,uniform,ritt_costa,pli,optimal,504,504,0.0,0.495,0.04,390.0,541.0,"{""c_min"": 502, ""c_max"": 584}",
n100_os0.9_r10_uniform_04,n100_os0.9_r10_uniform,100,10,0.9002,10,uniform,patterson_albracht,pli,optimal,498,498,0.0,1.211,0.023,309.0,306.0,"{""c_min"": 497, ""c_max"": 573}",
n100_os0.9_r10_uniform_04,n100_os0.9_r10_uniform,100,10,0.9002,10,uniform,ritt_costa,pli,optimal,498,498,0.0,0.756,0.049,386.0,556.0,"{""c_min"": 497, ""c_max"": 573}",
n100_os0.9_r10_uniform_05,n100_os0.9_r10_uniform,100,10,0.9004,10,uniform,patterson_albracht,pli,optimal,522,522,0.0,0.896,0.023,304.0,307.0,"{""c_min"": 520, ""c_max"": 600}",
n100_os0.9_r10_uniform_05,n100_os0.9_r10_uniform,100,10,0.9004,10,uniform,ritt_costa,pli,optimal,522,522,0.0,0.478,0.041,385.0,546.0,"{""c_min"": 520, ""c_max"": 600}",
n100_os0.9_r10_uniform_06,n100_os0.9_r10_uniform,100,10,0.901,10,uniform,patterson_albracht,pli,optimal,495,495,0.0,1.854,0.031,309.0,303.0,"{""c_min"": 493, ""c_max"": 575}",
n100_os0.9_r10_uniform_06,n100_os0.9_r10_uniform,100,10,0.901,10,uniform,ritt_costa,pli,optimal,495,495,0.0,0.843,0.04,392.0,562.0,"{""c_min"": 493, ""c_max"": 575}",
n100_os0.9_r10_uniform_07,n100_os0.9_r10_uniform,100,10,0.9,10,uniform,patterson_albracht,pli,optimal,522,522,0.0,0.582,0.021,263.0,305.0,"{""c_min"": 521, ""c_max"": 571}",
n100_os0.9_r10_uniform_07,n100_os0.9_r10_uniform,100,10,0.9,10,uniform,ritt_costa,pli,optimal,522,522,0.0,0.394,0.024,314.0,417.0,"{""c_min"": 521, ""c_max"": 571}",
n100_os0.9_r10_uniform_08,n100_os0.9_r10_uniform,100,10,0.9002,10,uniform,patterson_albracht,pli,optimal,474,474,0.0,1.262,0.022,288.0,308.0,"{""c_min"": 473, ""c_max"": 529}",
n100_os0.9_r10_uniform_08,n100_os0.9_r10_uniform,100,10,0.9002,10,uniform,ritt_costa,pli,optimal,474,474,0.0,0.424,0.029,345.0,499.0,"{""c_min"": 473, ""c_max"": 529}",
n100_os0.9_r10_uniform_09,n100_os0.9_r10_uniform,100,10,0.9002,10,uniform,patterson_albracht,pli,optimal,499,499,0.0,1.066,0.024,298.0,319.0,"{""c_min"": 497, ""c_max"": 566}",
n100_os0.9_r10_uniform_09,n100_os0.9_r10_uniform,100,10,0.9002,10,uniform,ritt_costa,pli,optimal,499,499,0.0,0.636,0.034,368.0,540.0,"{""c_min"": 497, ""c_max"": 566}",
n100_os0.9_r10_uniform_10,n100_os0.9_r10_uniform,100,10,0.9002,10,uniform,patterson_albracht,pli,optimal,484,484,0.0,0.22,0.024,301.0,311.0,"{""c_min"": 484, ""c_max"": 552}",
n100_os0.9_r10_uniform_10,n100_os0.9_r10_uniform,100,10,0.9002,10,uniform,ritt_costa,pli,optimal,484,484,0.0,0.435,0.034,370.0,523.0,"{""c_min"": 484, ""c_max"": 552}",
n100_os0.9_r10_uniform_11,n100_os0.9_r10_uniform,100,10,0.9,10,uniform,patterson_albracht,pli,optimal,607,607,0.0,2.272,0.024,300.0,318.0,"{""c_min"": 601, ""c_max"": 689}",
n100_os0.9_r10_uniform_11,n100_os0.9_r10_uniform,100,10,0.9,10,uniform,ritt_costa,pli,optimal,607,607,0.0,1.082,0.037,389.0,549.0,"{""c_min"": 601, ""c_max"": 689}",
n100_os0.9_r10_uniform_12,n100_os0.9_r10_uniform,100,10,0.9,10,uniform,patterson_albracht,pli,optimal,510,510,0.0,0.883,0.021,277.0,298.0,"{""c_min"": 508, ""c_max"": 564}",
n100_os0.9_r10_uniform_12,n100_os0.9_r10_uniform,100,10,0.9,10,uniform,ritt_costa,pli,optimal,510,510,0.0,0.713,0.026,334.0,450.0,"{""c_min"": 508, ""c_max"": 564}",
n100_os0.9_r10_uniform_13,n100_os0.9_r10_uniform,100,10,0.904,10,uniform,patterson_albracht,pli,optimal,498,498,0.0,3.153,0.022,288.0,302.0,"{""c_min"": 495, ""c_max"": 558}",
n100_os0.9_r10_uniform_13,n100_os0.9_r10_uniform,100,10,0.904,10,uniform,ritt_costa,pli,optimal,498,498,0.0,0.836,0.03,352.0,485.0,"{""c_min"": 495, ""c_max"": 558}",
n100_os0.9_r10_uniform_14,n100_os0.9_r10_uniform,100,10,0.9006,10,uniform,patterson_albracht,pli,optimal,505,505,0.0,2.354,0.022,281.0,316.0,"{""c_min"": 500, ""c_max"": 560}",
n100_os0.9_r10_uniform_14,n100_os0.9_r10_uniform,100,10,0.9006,10,uniform,ritt_costa,pli,optimal,505,505,0.0,1.221,0.027,342.0,476.0,"{""c_min"": 500, ""c_max"": 560}",
n100_os0.9_r10_uniform_15,n100_os0.9_r10_uniform,100,10,0.9002,10,uniform,patterson_albracht,pli,optimal,459,459,0.0,2.862,0.025,344.0,309.0,"{""c_min"": 456, ""c_max"": 545}",
n100_os0.9_r10_uniform_15,n100_os0.9_r10_uniform,100,10,0.9002,10,uniform,ritt_costa,pli,optimal,459,459,0.0,0.878,0.05,434.0,669.0,"{""c_min"": 456, ""c_max"": 545}",
n100_os0.9_r10_uniform_16,n100_os0.9_r10_uniform,100,10,0.9004,10,uniform,patterson_albracht,pli,optimal,462,462,0.0,2.311,0.02,279.0,299.0,"{""c_min"": 461, ""c_max"": 512}",
n100_os0.9_r10_uniform_16,n100_os0.9_r10_uniform,100,10,0.9004,10,uniform,ritt_costa,pli,optimal,462,462,0.0,0.946,0.026,331.0,452.0,"{""c_min"": 461, ""c_max"": 512}",
n100_os0.9_r10_uniform_17,n100_os0.9_r10_uniform,100,10,0.9004,10,uniform,patterson_albracht,pli,optimal,525,525,0.0,1.38,0.023,291.0,317.0,"{""c_min"": 523, ""c_max"": 593}",
n100_os0.9_r10_uniform_17,n100_os0.9_r10_uniform,100,10,0.9004,10,uniform,ritt_costa,pli,optimal,525,525,0.0,0.713,0.034,362.0,528.0,"{""c_min"": 523, ""c_max"": 593}",
n100_os0.9_r10_uniform_18,n100_os0.9_r10_uniform,100,10,0.9014,10,uniform,patterson_albracht,pli,optimal,527,527,0.0,0.808,0.021,277.0,300.0,"{""c_min"": 525, ""c_max"": 585}",
n100_os0.9_r10_uniform_18,n100_os0.9_r10_uniform,100,10,0.9014,10,uniform,ritt_costa,pli,optimal,527,527,0.0,0.697,0.027,338.0,448.0,"{""c_min"": 525, ""c_max"": 585}",
n100_os0.9_r10_uniform_19,n100_os0.9_r10_uniform,100,10,0.9002,10,uniform,patterson_albracht,pli,optimal,527,527,0.0,0.446,0.021,267.0,313.0,"{""c_min"": 525, ""c_max"": 583}",
n100_os0.9_r10_uniform_19,n100_os0.9_r10_uniform,100,10,0.9002,10,uniform,ritt_costa,pli,optimal,527,527,0.0,0.457,0.025,326.0,442.0,"{""c_min"": 525, ""c_max"": 583}",
n100_os0.9_r10_uniform_20,n100_os0.9_r10_uniform,100,10,0.9016,10,uniform,patterson_albracht,pli,optimal,516,516,0.0,1.779,0.022,303.0,292.0,"{""c_min"": 514, ""c_max"": 589}",
n100_os0.9_r10_uniform_20,n100_os0.9_r10_uniform,100,10,0.9016,10,uniform,ritt_costa,pli,optimal,516,516,0.0,1.058,0.035,379.0,516.0,"{""c_min"": 514, ""c_max"": 589}",
n100_os0.9_r10_uniform_21,n100_os0.9_r10_uniform,100,10,0.9002,10,uniform,patterson_albracht,pli,optimal,528,528,0.0,1.396,0.021,303.0,293.0,"{""c_min"": 524, ""c_max"": 599}",
n100_os0.9_r10_uniform_21,n100_os0.9_r10_uniform,100,10,0.9002,10,uniform,ritt_costa,pli,optimal,528,528,0.0,0.873,0.036,379.0,519.0,"{""c_min"": 524, ""c_max"": 599}",
n100_os0.9_r10_uniform_22,n100_os0.9_r10_uniform,100,10,0.9014,10,uniform,patterson_albracht,pli,optimal,509,509,0.0,1.365,0.023,321.0,304.0,"{""c_min"": 507, ""c_max"": 600}",
n100_os0.9_r10_uniform_22,n100_os0.9_r10_uniform,100,10,0.9014,10,uniform,ritt_costa,pli,optimal,509,509,0.0,0.566,0.044,415.0,608.0,"{""c_min"": 507, ""c_max"": 600}",
n100_os0.9_r10_uniform_23,n100_os0.9_r10_uniform,100,10,0.9,10,uniform,patterson_albracht,pli,optimal,549,549,0.0,1.524,0.021,295.0,286.0,"{""c_min"": 548, ""c_max"": 619}",
n100_os0.9_r10_uniform_23,n100_os0.9_r10_uniform,100,10,0.9,10,uniform,ritt_costa,pli,optimal,549,549,0.0,1.063,0.034,367.0,478.0,"{""c_min"": 548, ""c_max"": 619}",
n100_os0.9_r10_uniform_24,n100_os0.9_r10_uniform,100,10,0.9,10,uniform,patterson_albracht,pli,optimal,561,561,0.0,3.452,0.035,313.0,320.0,"{""c_min"": 559, ""c_max"": 652}",
n100_os0.9_r10_uniform_24,n100_os0.9_r10_uniform,100,10,0.9,10,uniform,ritt_costa,pli,optimal,561,561,0.0,0.902,0.06,407.0,585.0,"{""c_min"": 559, ""c_max"": 652}",
n200_os0.2_r3_uniform_00,n200_os0.2_r3_uniform,200,67,0.2079,3,uniform,patterson_albracht,pli,feasible,164,159,0.031447,181.434,1.087,11807.0,742.0,"{""c_min"": 159, ""c_max"": 256}",
n200_os0.2_r3_uniform_00,n200_os0.2_r3_uniform,200,67,0.2079,3,uniform,ritt_costa,pli,feasible,167,159,0.050314,189.136,5.447,11905.0,26781.0,"{""c_min"": 159, ""c_max"": 256}",
n200_os0.2_r3_uniform_01,n200_os0.2_r3_uniform,200,67,0.2003,3,uniform,patterson_albracht,pli,feasible,146,144,0.013889,181.097,0.771,11926.0,690.0,"{""c_min"": 144, ""c_max"": 236}",
n200_os0.2_r3_uniform_01,n200_os0.2_r3_uniform,200,67,0.2003,3,uniform,ritt_costa,pli,feasible,150,144,0.041667,188.999,5.579,12019.0,24253.0,"{""c_min"": 144, ""c_max"": 236}",
n200_os0.2_r3_uniform_02,n200_os0.2_r3_uniform,200,67,0.2014,3,uniform,patterson_albracht,pli,feasible,153,151,0.013245,181.283,0.893,11793.0,738.0,"{""c_min"": 151, ""c_max"": 237}",
n200_os0.2_r3_uniform_02,n200_os0.2_r3_uniform,200,67,0.2014,3,uniform,ritt_costa,pli,feasible,155,151,0.02649,187.314,4.327,11880.0,26150.0,"{""c_min"": 151, ""c_max"": 237}",
n200_os0.2_r3_uniform_03,n200_os0.2_r3_uniform,200,67,0.2003,3,uniform,patterson_albracht,pli,feasible,155,152,0.019737,181.321,0.944,11808.0,716.0,"{""c_min"": 152, ""c_max"": 235}",
n200_os0.2_r3_uniform_03,n200_os0.2_r3_uniform,200,67,0.2003,3,uniform,ritt_costa,pli,feasible,156,152,0.026316,187.45,4.513,11892.0,25171.0,"{""c_min"": 152, ""c_max"": 235}",
n200_os0.2_r3_uniform_04,n200_os0.2_r3_uniform,200,67,0.2017,3,uniform,patterson_albracht,pli,feasible,148,145,0.02069,181.296,0.983,11831.0,779.0,"{""c_min"": 145, ""c_max"": 241}",
n200_os0.2_r3_uniform_04,n200_os0.2_r3_uniform,200,67,0.2017,3,uniform,ritt_costa,pli,feasible,152,145,0.048276,189.594,5.523,11928.0,28713.0,"{""c_min"": 145, ""c_max"": 241}",
n200_os0.2_r3_uniform_05,n200_os0.2_r3_uniform,200,67,0.2002,3,uniform,patterson_albracht,pli,feasible,167,164,0.018293,181.34,0.973,11739.0,759.0,"{""c_min"": 164, ""c_max"": 244}",
n200_os0.2_r3_uniform_05,n200_os0.2_r3_uniform,200,67,0.2002,3,uniform,ritt_costa,pli,feasible,171,164,0.042683,187.296,4.275,11820.0,27016.0,"{""c_min"": 164, ""c_max"": 244}",
n200_os0.2_r3_uniform_06,n200_os0.2_r3_uniform,200,67,0.2013,3,uniform,patterson_albracht,pli,feasible,161,157,0.025478,181.149,0.802,11905.0,755.0,"{""c_min"": 157, ""c_max"": 252}",
n200_os0.2_r3_uniform_06,n200_os0.2_r3_uniform,200,67,0.2013,3,uniform,ritt_costa,pli,feasible,163,157,0.038217,188.908,5.081,12001.0,27470.0,"{""c_min"": 157, ""c_max"": 252}",
n200_os0.2_r3_uniform_07,n200_os0.2_r3_uniform,200,67,0.2047,3,uniform,patterson_albracht,pli,feasible,153,150,0.02,181.342,0.953,11808.0,736.0,"{""c_min"": 150, ""c_max"": 243}",
n200_os0.2_r3_uniform_07,n200_os0.2_r3_uniform,200,67,0.2047,3,uniform,ritt_costa,pli,feasible,155,150,0.033333,186.983,4.174,11902.0,26207.0,"{""c_min"": 150, ""c_max"": 243}",
n200_os0.2_r3_uniform_08,n200_os0.2_r3_uniform,200,67,0.2003,3,uniform,patterson_albracht,pli,feasible,160,154,0.038961,181.13,0.818,11835.0,780.0,"{""c_min"": 154, ""c_max"": 248}",
n200_os0.2_r3_uniform_08,n200_os0.2_r3_uniform,200,67,0.2003,3,uniform,ritt_costa,pli,feasible,159,154,0.032468,187.621,4.565,11930.0,28621.0,"{""c_min"": 154, ""c_max"": 248}",
n200_os0.2_r3_uniform_09,n200_os0.2_r3_uniform,200,67,0.2008,3,uniform,patterson_albracht,pli,feasible,162,158,0.025316,181.102,0.818,11806.0,697.0,"{""c_min"": 158, ""c_max"": 249}",
n200_os0.2_r3_uniform_09,n200_os0.2_r3_uniform,200,67,0.2008,3,uniform,ritt_costa,pli,feasible,163,158,0.031646,186.399,3.812,11898.0,23953.0,"{""c_min"": 158, ""c_max"": 249}",
n200_os0.2_r6_uniform_00,n200_os0.2_r6_uniform,200,33,0.2001,6,uniform,patterson_albracht,pli,feasible,322,320,0.00625,180.553,0.377,5694.0,704.0,"{""c_min"": 320, ""c_max"": 409}",
n200_os0.2_r6_uniform_00,n200_os0.2_r6_uniform,200,33,0.2001,6,uniform,ritt_costa,pli,feasible,324,320,0.0125,182.318,1.403,5784.0,12198.0,"{""c_min"": 320, ""c_max"": 409}",
n200_os0.2_r6_uniform_01,n200_os0.2_r6_uniform,200,33,0.2005,6,uniform,patterson_albracht,pli,feasible,288,287,0.003484,180.718,0.462,5687.0,687.0,"{""c_min"": 287, ""c_max"": 361}",
n200_os0.2_r6_uniform_01,n200_os0.2_r6_uniform,200,33,0.2005,6,uniform,ritt_costa,pli,feasible,290,287,0.010453,182.054,1.187,5762.0,11819.0,"{""c_min"": 287, ""c_max"": 361}",
n200_os0.2_r6_uniform_02,n200_os0.2_r6_uniform,200,33,0.2005,6,uniform,patterson_albracht,pli,feasible,293,292,0.003425,181.094,0.411,5713.0,699.0,"{""c_min"": 292, ""c_max"": 379}",
n200_os0.2_r6_uniform_02,n200_os0.2_r6_uniform,200,33,0.2005,6,uniform,ritt_costa,pli,feasible,295,292,0.010274,182.391,1.35,5801.0,12133.0,"{""c_min"": 292, ""c_max"": 379}",
n200_os0.2_r6_uniform_03,n200_os0.2_r6_uniform,200,33,0.2024,6,uniform,patterson_albracht,pli,feasible,306,303,0.009901,180.967,0.522,5691.0,725.0,"{""c_min"": 303, ""c_max"": 383}",
n200_os0.2_r6_uniform_03,n200_os0.2_r6_uniform,200,33,0.2024,6,uniform,ritt_costa,pli,feasible,307,303,0.013201,183.59,2.105,5772.0,12664.0,"{""c_min"": 303, ""c_max"": 383}",
n200_os0.2_r6_uniform_04,n200_os0.2_r6_uniform,200,33,0.2,6,uniform,patterson_albracht,pli,feasible,305,304,0.003289,180.712,0.463,5716.0,713.0,"{""c_min"": 304, ""c_max"": 394}",
n200_os0.2_r6_uniform_04,n200_os0.2_r6_uniform,200,33,0.2,6,uniform,ritt_costa,pli,feasible,306,304,0.006579,182.623,1.509,5807.0,12459.0,"{""c_min"": 304, ""c_max"": 394}",
n200_os0.2_r6_uniform_05,n200_os0.2_r6_uniform,200,33,0.2008,6,uniform,patterson_albracht,pli,feasible,311,310,0.003226,180.706,0.449,5659.0,688.0,"{""c_min"": 310, ""c_max"": 389}",
n200_os0.2_r6_uniform_05,n200_os0.2_r6_uniform,200,33,0.2008,6,uniform,ritt_costa,pli,feasible,312,310,0.006452,182.429,1.395,5739.0,11688.0,"{""c_min"": 310, ""c_max"": 389}",
n200_os0.2_r6_uniform_06,n200_os0.2_r6_uniform,200,33,0.202,6,uniform,patterson_albracht,pli,feasible,302,301,0.003322,180.676,0.47,5704.0,698.0,"{""c_min"": 301, ""c_max"": 397}",
n200_os0.2_r6_uniform_06,n200_os0.2_r6_uniform,200,33,0.202,6,uniform,ritt_costa,pli,feasible,303,301,0.006645,182.872,1.555,5801.0,12064.0,"{""c_min"": 301, ""c_max"": 397}",
n200_os0.2_r6_uniform_07,n200_os0.2_r6_uniform,200,33,0.2004,6,uniform,patterson_albracht,pli,feasible,313,311,0.006431,180.848,0.588,5650.0,669.0,"{""c_min"": 311, ""c_max"": 391}",
n200_os0.2_r6_uniform_07,n200_os0.2_r6_uniform,200,33,0.2004,6,uniform,ritt_costa,pli,feasible,314,311,0.009646,182.298,1.331,5731.0,11132.0,"{""c_min"": 311, ""c_max"": 391}",
n200_os0.2_r6_uniform_08,n200_os0.2_r6_uniform,200,33,0.2001,6,uniform,patterson_albracht,pli,feasible,340,338,0.005917,180.989,0.642,5595.0,719.0,"{""c_min"": 338, ""c_max"": 406}",
n200_os0.2_r6_uniform_08,n200_os0.2_r6_uniform,200,33,0.2001,6,uniform,ritt_costa,pli,feasible,341,338,0.008876,181.872,1.054,5664.0,12047.0,"{""c_min"": 338, ""c_max"": 406}",
n200_os0.2_r6_uniform_09,n200_os0.2_r6_uniform,200,33,0.2002,6,uniform,patterson_albracht,pli,feasible,324,323,0.003096,180.522,0.362,5684.0,689.0,"{""c_min"": 323, ""c_max"": 403}",
n200_os0.2_r6_uniform_09,n200_os0.2_r6_uniform,200,33,0.2002,6,uniform,ritt_costa,pli,feasible,326,323,0.009288,181.861,1.049,5765.0,11741.0,"{""c_min"": 323, ""c_max"": 403}",
n200_os0.2_r10_uniform_00,n200_os0.2_r10_uniform,200,20,0.2015,10,uniform,patterson_albracht,pli,optimal,490,490,0.0,61.257,0.322,3423.0,709.0,"{""c_min"": 490, ""c_max"": 559}",
n200_os0.2_r10_uniform_00,n200_os0.2_r10_uniform,200,20,0.2015,10,uniform,ritt_costa,pli,feasible,491,490,0.002041,181.8,0.604,3493.0,7299.0,"{""c_min"": 490, ""c_max"": 559}",
n200_os0.2_r10_uniform_01,n200_os0.2_r10_uniform,200,20,0.2021,10,uniform,patterson_albracht,pli,optimal,510,510,0.0,26.096,0.266,3420.0,687.0,"{""c_min"": 510, ""c_max"": 594}",
n200_os0.2_r10_uniform_01,n200_os0.2_r10_uniform,200,20,0.2021,10,uniform,ritt_costa,pli,optimal,510,510,0.0,91.491,0.476,3505.0,6966.0,"{""c_min"": 510, ""c_max"": 594}",
n200_os0.2_r10_uniform_02,n200_os0.2_r10_uniform,200,20,0.2001,10,uniform,patterson_albracht,pli,optimal,498,498,0.0,50.45,0.222,3413.0,671.0,"{""c_min"": 498, ""c_max"": 562}",
n200_os0.2_r10_uniform_02,n200_os0.2_r10_uniform,200,20,0.2001,10,uniform,ritt_costa,pli,optimal,498,498,0.0,156.386,0.435,3478.0,6754.0,"{""c_min"": 498, ""c_max"": 562}",
n200_os0.2_r10_uniform_03,n200_os0.2_r10_uniform,200,20,0.2002,10,uniform,patterson_albracht,pli,optimal,474,474,0.0,90.366,0.23,3442.0,696.0,"{""c_min"": 474, ""c_max"": 545}",
n200_os0.2_r10_uniform_03,n200_os0.2_r10_uniform,200,20,0.2002,10,uniform,ritt_costa,pli,optimal,474,474,0.0,119.114,0.486,3514.0,7113.0,"{""c_min"": 474, ""c_max"": 545}",
n200_os0.2_r10_uniform_04,n200_os0.2_r10_uniform,200,20,0.2013,10,uniform,patterson_albracht,pli,optimal,503,503,0.0,84.707,0.235,3426.0,698.0,"{""c_min"": 503, ""c_max"": 582}",
n200_os0.2_r10_uniform_04,n200_os0.2_r10_uniform,200,20,0.2013,10,uniform,ritt_costa,pli,feasible,504,503,0.001988,181.845,0.485,3506.0,7159.0,"{""c_min"": 503, ""c_max"": 582}",
n200_os0.2_r10_uniform_05,n200_os0.2_r10_uniform,200,20,0.2032,10,uniform,patterson_albracht,pli,optimal,511,511,0.0,66.369,0.215,3417.0,644.0,"{""c_min"": 511, ""c_max"": 567}",
n200_os0.2_r10_uniform_05,n200_os0.2_r10_uniform,200,20,0.2032,10,uniform,ritt_costa,pli,optimal,511,511,0.0,50.768,0.412,3474.0,6312.0,"{""c_min"": 511, ""c_max"": 567}",
n200_os0.2_r10_uniform_06,n200_os0.2_r10_uniform,200,20,0.2015,10,uniform,patterson_albracht,pli,optimal,506,506,0.0,42.796,0.221,3451.0,669.0,"{""c_min"": 506, ""c_max"": 601}",
n200_os0.2_r10_uniform_06,n200_os0.2_r10_uniform,200,20,0.2015,10,uniform,ritt_costa,pli,feasible,507,506,0.001976,180.831,0.459,3547.0,6929.0,"{""c_min"": 506, ""c_max"": 601}",
n200_os0.2_r10_uniform_07,n200_os0.2_r10_uniform,200,20,0.2084,10,uniform,patterson_albracht,pli,optimal,478,478,0.0,52.997,0.241,3409.0,729.0,"{""c_min"": 478, ""c_max"": 565}",
n200_os0.2_r10_uniform_07,n200_os0.2_r10_uniform,200,20,0.2084,10,uniform,ritt_costa,pli,feasible,479,478,0.002092,180.926,0.501,3497.0,7593.0,"{""c_min"": 478, ""c_max"": 565}",
n200_os0.2_r10_uniform_08,n200_os0.2_r10_uniform,200,20,0.2002,10,uniform,patterson_albracht,pli,optimal,489,489,0.0,26.063,0.215,3422.0,654.0,"{""c_min"": 489, ""c_max"": 578}",
n200_os0.2_r10_uniform_08,n200_os0.2_r10_uniform,200,20,0.2002,10,uniform,ritt_costa,pli,optimal,489,489,0.0,60.715,0.442,3512.0,6630.0,"{""c_min"": 489, ""c_max"": 578}",
n200_os0.2_r10_uniform_09,n200_os0.2_r10_uniform,200,20,0.2004,10,uniform,patterson_albracht,pli,optimal,499,499,0.0,40.587,0.231,3433.0,689.0,"{""c_min"": 499, ""c_max"": 591}",
n200_os0.2_r10_uniform_09,n200_os0.2_r10_uniform,200,20,0.2004,10,uniform,ritt_costa,pli,feasible,500,499,0.002004,180.912,0.465,3526.0,7128.0,"{""c_min"": 499, ""c_max"": 591}",
n200_os0.6_r3_uniform_00,n200_os0.6_r3_uniform,200,67,0.6001,3,uniform,patterson_albracht,pli,feasible,163,158,0.031646,180.915,0.643,8510.0,827.0,"{""c_min"": 158, ""c_max"": 251}",
n200_os0.6_r3_uniform_00,n200_os0.6_r3_uniform,200,67,0.6001,3,uniform,ritt_costa,pli,feasible,166,158,0.050633,184.974,3.022,8604.0,23739.0,"{""c_min"": 158, ""c_max"": 251}",
n200_os0.6_r3_uniform_01,n200_os0.6_r3_uniform,200,67,0.601,3,uniform,patterson_albracht,pli,feasible,151,147,0.027211,180.895,0.633,8402.0,821.0,"{""c_min"": 147, ""c_max"": 229}",
n200_os0.6_r3_uniform_01,n200_os0.6_r3_uniform,200,67,0.601,3,uniform,ritt_costa,pli,feasible,153,147,0.040816,184.671,3.183,8485.0,23184.0,"{""c_min"": 147, ""c_max"": 229}",
n200_os0.6_r3_uniform_02,n200_os0.6_r3_uniform,200,67,0.6001,3,uniform,patterson_albracht,pli,feasible,150,146,0.027397,181.065,0.713,8610.0,844.0,"{""c_min"": 146, ""c_max"": 235}",
n200_os0.6_r3_uniform_02,n200_os0.6_r3_uniform,200,67,0.6001,3,uniform,ritt_costa,pli,feasible,153,146,0.047945,185.817,3.45,8700.0,24823.0,"{""c_min"": 146, ""c_max"": 235}",
n200_os0.6_r3_uniform_03,n200_os0.6_r3_uniform,200,67,0.6007,3,uniform,patterson_albracht,pli,feasible,171,165,0.036364,180.957,0.691,8328.0,803.0,"{""c_min"": 165, ""c_max"": 254}",
n200_os0.6_r3_uniform_03,n200_os0.6_r3_uniform,200,67,0.6007,3,uniform,ritt_costa,pli,feasible,172,165,0.042424,184.941,2.951,8418.0,22316.0,"{""c_min"": 165, ""c_max"": 254}",
n200_os0.6_r3_uniform_04,n200_os0.6_r3_uniform,200,67,0.6003,3,uniform,patterson_albracht,pli,feasible,154,150,0.026667,180.987,0.67,8571.0,848.0,"{""c_min"": 150, ""c_max"": 244}",
n200_os0.6_r3_uniform_04,n200_os0.6_r3_uniform,200,67,0.6003,3,uniform,ritt_costa,pli,feasible,157,150,0.046667,185.246,3.191,8666.0,24859.0,"{""c_min"": 150, ""c_max"": 244}",
n200_os0.6_r3_uniform_05,n200_os0.6_r3_uniform,200,67,0.6026,3,uniform,patterson_albracht,pli,feasible,163,159,0.025157,180.874,0.633,8322.0,824.0,"{""c_min"": 159, ""c_max"": 241}",
n200_os0.6_r3_uniform_05,n200_os0.6_r3_uniform,200,67,0.6026,3,uniform,ritt_costa,pli,feasible,166,159,0.044025,184.739,2.834,8405.0,22833.0,"{""c_min"": 159, ""c_max"": 241}",
n200_os0.6_r3_uniform_06,n200_os0.6_r3_uniform,200,67,0.6006,3,uniform,patterson_albracht,pli,feasible,146,143,0.020979,180.855,0.619,8723.0,775.0,"{""c_min"": 143, ""c_max"": 239}",
n200_os0.6_r3_uniform_06,n200_os0.6_r3_uniform,200,67,0.6006,3,uniform,ritt_costa,pli,feasible,149,143,0.041958,185.034,3.071,8820.0,22915.0,"{""c_min"": 143, ""c_max"": 239}",
n200_os0.6_r3_uniform_07,n200_os0.6_r3_uniform,200,67,0.6015,3,uniform,patterson_albracht,pli,feasible,153,150,0.02,180.932,0.692,8569.0,876.0,"{""c_min"": 150, ""c_max"": 243}",
n200_os0.6_r3_uniform_07,n200_os0.6_r3_uniform,200,67,0.6015,3,uniform,ritt_costa,pli,feasible,157,150,0.046667,185.482,3.288,8663.0,25949.0,"{""c_min"": 150, ""c_max"": 243}",
n200_os0.6_r3_uniform_08,n200_os0.6_r3_uniform,200,67,0.6001,3,uniform,patterson_albracht,pli,feasible,162,158,0.025316,180.947,0.683,8372.0,850.0,"{""c_min"": 158, ""c_max"": 248}",
n200_os0.6_r3_uniform_08,n200_os0.6_r3_uniform,200,67,0.6001,3,uniform,ritt_costa,pli,feasible,163,158,0.031646,185.03,3.021,8463.0,24220.0,"{""c_min"": 158, ""c_max"": 248}",
n200_os0.6_r3_uniform_09,n200_os0.6_r3_uniform,200,67,0.6008,3,uniform,patterson_albracht,pli,feasible,147,144,0.020833,180.905,0.644,8637.0,820.0,"{""c_min"": 144, ""c_max"": 236}",
n200_os0.6_r3_uniform_09,n200_os0.6_r3_uniform,200,67,0.6008,3,uniform,ritt_costa,pli,feasible,148,144,0.027778,185.162,3.092,8730.0,24181.0,"{""c_min"": 144, ""c_max"": 236}",
n200_os0.6_r6_uniform_00,n200_os0.6_r6_uniform,200,33,0.6016,6,uniform,patterson_albracht,pli,feasible,296,294,0.006803,180.436,0.272,3572.0,781.0,"{""c_min"": 294, ""c_max"": 372}",
n200_os0.6_r6_uniform_00,n200_os0.6_r6_uniform,200,33,0.6016,6,uniform,ritt_costa,pli,feasible,296,294,0.006803,181.154,0.654,3651.0,8703.0,"{""c_min"": 294, ""c_max"": 372}",
n200_os0.6_r6_uniform_01,n200_os0.6_r6_uniform,200,33,0.601,6,uniform,patterson_albracht,pli,feasible,304,303,0.0033,180.427,0.3,3679.0,795.0,"{""c_min"": 303, ""c_max"": 393}",
n200_os0.6_r6_uniform_01,n200_os0.6_r6_uniform,200,33,0.601,6,uniform,ritt_costa,pli,feasible,304,303,0.0033,181.293,0.746,3770.0,9405.0,"{""c_min"": 303, ""c_max"": 393}",
n200_os0.6_r6_uniform_02,n200_os0.6_r6_uniform,200,33,0.604,6,uniform,patterson_albracht,pli,feasible,319,316,0.009494,180.458,0.318,3650.0,797.0,"{""c_min"": 316, ""c_max"": 405}",
n200_os0.6_r6_uniform_02,n200_os0.6_r6_uniform,200,33,0.604,6,uniform,ritt_costa,pli,feasible,320,316,0.012658,181.399,0.74,3740.0,9168.0,"{""c_min"": 316, ""c_max"": 405}",
n200_os0.6_r6_uniform_03,n200_os0.6_r6_uniform,200,33,0.6011,6,uniform,patterson_albracht,pli,feasible,312,311,0.003215,180.483,0.338,3695.0,807.0,"{""c_min"": 311, ""c_max"": 407}",
n200_os0.6_r6_uniform_03,n200_os0.6_r6_uniform,200,33,0.6011,6,uniform,ritt_costa,pli,feasible,314,311,0.009646,181.66,0.994,3792.0,9537.0,"{""c_min"": 311, ""c_max"": 407}",
n200_os0.6_r6_uniform_04,n200_os0.6_r6_uniform,200,33,0.6025,6,uniform,patterson_albracht,pli,feasible,305,302,0.009934,180.543,0.385,3619.0,806.0,"{""c_min"": 302, ""c_max"": 383}",
n200_os0.6_r6_uniform_04,n200_os0.6_r6_uniform,200,33,0.6025,6,uniform,ritt_costa,pli,feasible,305,302,0.009934,182.102,1.206,3701.0,9181.0,"{""c_min"": 302, ""c_max"": 383}",
n200_os0.6_r6_uniform_05,n200_os0.6_r6_uniform,200,33,0.6005,6,uniform,patterson_albracht,pli,feasible,310,308,0.006494,180.542,0.388,3676.0,750.0,"{""c_min"": 308, ""c_max"": 397}",
n200_os0.6_r6_uniform_05,n200_os0.6_r6_uniform,200,33,0.6005,6,uniform,ritt_costa,pli,feasible,310,308,0.006494,181.446,0.854,3766.0,8571.0,"{""c_min"": 308, ""c_max"": 397}",
n200_os0.6_r6_uniform_06,n200_os0.6_r6_uniform,200,33,0.6004,6,uniform,patterson_albracht,pli,feasible,285,282,0.010638,180.609,0.458,3770.0,816.0,"{""c_min"": 282, ""c_max"": 373}",
n200_os0.6_r6_uniform_06,n200_os0.6_r6_uniform,200,33,0.6004,6,uniform,ritt_costa,pli,feasible,284,282,0.007092,181.723,1.0,3862.0,9881.0,"{""c_min"": 282, ""c_max"": 373}",
n200_os0.6_r6_uniform_07,n200_os0.6_r6_uniform,200,33,0.6013,6,uniform,patterson_albracht,pli,feasible,317,314,0.009554,181.044,0.4,3549.0,807.0,"{""c_min"": 314, ""c_max"": 392}",
n200_os0.6_r6_uniform_07,n200_os0.6_r6_uniform,200,33,0.6013,6,uniform,ritt_costa,pli,feasible,317,314,0.009554,181.585,0.9,3628.0,8980.0,"{""c_min"": 314, ""c_max"": 392}",
n200_os0.6_r6_uniform_08,n200_os0.6_r6_uniform,200,33,0.6,6,uniform,patterson_albracht,pli,feasible,318,316,0.006329,180.542,0.396,3635.0,836.0,"{""c_min"": 316, ""c_max"": 400}",
n200_os0.6_r6_uniform_08,n200_os0.6_r6_uniform,200,33,0.6,6,uniform,ritt_costa,pli,feasible,319,316,0.009494,182.38,0.931,3720.0,9612.0,"{""c_min"": 316, ""c_max"": 400}",
n200_os0.6_r6_uniform_09,n200_os0.6_r6_uniform,200,33,0.6021,6,uniform,patterson_albracht,pli,feasible,305,301,0.013289,180.506,0.373,3655.0,798.0,"{""c_min"": 301, ""c_max"": 376}",
n200_os0.6_r6_uniform_09,n200_os0.6_r6_uniform,200,33,0.6021,6,uniform,ritt_costa,pli,feasible,305,301,0.013289,181.489,0.839,3731.0,9125.0,"{""c_min"": 301, ""c_max"": 376}",
n200_os0.6_r10_uniform_00,n200_os0.6_r10_uniform,200,20,0.6021,10,uniform,patterson_albracht,pli,optimal,458,458,0.0,79.862,0.211,1998.0,788.0,"{""c_min"": 458, ""c_max"": 518}",
n200_os0.6_r10_uniform_00,n200_os0.6_r10_uniform,200,20,0.6021,10,uniform,ritt_costa,pli,optimal,458,458,0.0,44.621,0.288,2059.0,4468.0,"{""c_min"": 458, ""c_max"": 518}",
n200_os0.6_r10_uniform_01,n200_os0.6_r10_uniform,200,20,0.6011,10,uniform,patterson_albracht,pli,feasible,530,529,0.00189,180.327,0.234,2072.0,812.0,"{""c_min"": 529, ""c_max"": 609}",
n200_os0.6_r10_uniform_01,n200_os0.6_r10_uniform,200,20,0.6011,10,uniform,ritt_costa,pli,optimal,529,529,0.0,62.479,0.365,2153.0,4973.0,"{""c_min"": 529, ""c_max"": 609}",
n200_os0.6_r10_uniform_02,n200_os0.6_r10_uniform,200,20,0.6,10,uniform,patterson_albracht,pli,feasible,523,522,0.001916,180.355,0.246,2113.0,780.0,"{""c_min"": 522, ""c_max"": 609}",
n200_os0.6_r10_uniform_02,n200_os0.6_r10_uniform,200,20,0.6,10,uniform,ritt_costa,pli,optimal,522,522,0.0,177.337,0.427,2201.0,4866.0,"{""c_min"": 522, ""c_max"": 609}",
n200_os0.6_r10_uniform_03,n200_os0.6_r10_uniform,200,20,0.6031,10,uniform,patterson_albracht,pli,optimal,501,501,0.0,75.908,0.339,2125.0,826.0,"{""c_min"": 501, ""c_max"": 587}",
n200_os0.6_r10_uniform_03,n200_os0.6_r10_uniform,200,20,0.6031,10,uniform,ritt_costa,pli,feasible,502,501,0.001996,180.771,0.41,2212.0,5209.0,"{""c_min"": 501, ""c_max"": 587}",
n200_os0.6_r10_uniform_04,n200_os0.6_r10_uniform,200,20,0.6,10,uniform,patterson_albracht,pli,feasible,522,521,0.001919,180.489,0.343,2074.0,770.0,"{""c_min"": 521, ""c_max"": 597}",
n200_os0.6_r10_uniform_04,n200_os0.6_r10_uniform,200,20,0.6,10,uniform,ritt_costa,pli,feasible,523,521,0.003839,180.696,0.375,2151.0,4663.0,"{""c_min"": 521, ""c_max"": 597}",
n200_os0.6_r10_uniform_05,n200_os0.6_r10_uniform,200,20,0.6007,10,uniform,patterson_albracht,pli,feasible,534,533,0.001876,180.368,0.225,2012.0,807.0,"{""c_min"": 533, ""c_max"": 604}",
n200_os0.6_r10_uniform_05,n200_os0.6_r10_uniform,200,20,0.6007,10,uniform,ritt_costa,pli,optimal,533,533,0.0,72.206,0.353,2084.0,4666.0,"{""c_min"": 533, ""c_max"": 604}",
n200_os0.6_r10_uniform_06,n200_os0.6_r10_uniform,200,20,0.6029,10,uniform,patterson_albracht,pli,feasible,513,512,0.001953,180.867,0.235,2111.0,789.0,"{""c_min"": 512, ""c_max"": 602}",
n200_os0.6_r10_uniform_06,n200_os0.6_r10_uniform,200,20,0.6029,10,uniform,ritt_costa,pli,optimal,512,512,0.0,171.906,0.389,2202.0,4968.0,"{""c_min"": 512, ""c_max"": 602}",
n200_os0.6_r10_uniform_07,n200_os0.6_r10_uniform,200,20,0.6003,10,uniform,patterson_albracht,pli,feasible,513,512,0.001953,180.371,0.244,2082.0,770.0,"{""c_min"": 512, ""c_max"": 589}",
n200_os0.6_r10_uniform_07,n200_os0.6_r10_uniform,200,20,0.6003,10,uniform,ritt_costa,pli,feasible,513,512,0.001953,180.74,0.434,2160.0,4667.0,"{""c_min"": 512, ""c_max"": 589}",
n200_os0.6_r10_uniform_08,n200_os0.6_r10_uniform,200,20,0.6,10,uniform,patterson_albracht,pli,optimal,477,477,0.0,95.105,0.247,2066.0,742.0,"{""c_min"": 477, ""c_max"": 548}",
n200_os0.6_r10_uniform_08,n200_os0.6_r10_uniform,200,20,0.6,10,uniform,ritt_costa,pli,optimal,477,477,0.0,38.874,0.359,2138.0,4438.0,"{""c_min"": 477, ""c_max"": 548}",
n200_os0.6_r10_uniform_09,n200_os0.6_r10_uniform,200,20,0.6002,10,uniform,patterson_albracht,pli,optimal,503,503,0.0,141.162,0.309,2049.0,774.0,"{""c_min"": 503, ""c_max"": 572}",
n200_os0.6_r10_uniform_09,n200_os0.6_r10_uniform,200,20,0.6002,10,uniform,ritt_costa,pli,optimal,503,503,0.0,137.012,0.338,2119.0,4582.0,"{""c_min"": 503, ""c_max"": 572}",
n200_os0.9_r3_uniform_00,n200_os0.9_r3_uniform,200,67,0.9,3,uniform,patterson_albracht,pli,feasible,172,164,0.04878,180.623,0.437,5467.0,738.0,"{""c_min"": 164, ""c_max"": 245}",
n200_os0.9_r3_uniform_00,n200_os0.9_r3_uniform,200,67,0.9,3,uniform,ritt_costa,pli,feasible,175,165,0.060606,184.438,2.581,5549.0,15755.0,"{""c_min"": 164, ""c_max"": 245}",
n200_os0.9_r3_uniform_01,n200_os0.9_r3_uniform,200,67,0.9006,3,uniform,patterson_albracht,pli,feasible,160,151,0.059603,180.861,0.603,6188.0,715.0,"{""c_min"": 151, ""c_max"": 246}",
n200_os0.9_r3_uniform_01,n200_os0.9_r3_uniform,200,67,0.9006,3,uniform,ritt_costa,pli,feasible,161,151,0.066225,185.559,3.414,6284.0,17500.0,"{""c_min"": 151, ""c_max"": 246}",
n200_os0.9_r3_uniform_02,n200_os0.9_r3_uniform,200,67,0.9005,3,uniform,patterson_albracht,pli,feasible,158,148,0.067568,180.728,0.522,5963.0,719.0,"{""c_min"": 148, ""c_max"": 235}",
n200_os0.9_r3_uniform_02,n200_os0.9_r3_uniform,200,67,0.9005,3,uniform,ritt_costa,pli,feasible,156,148,0.054054,184.672,2.947,6051.0,16910.0,"{""c_min"": 148, ""c_max"": 235}",
n200_os0.9_r3_uniform_03,n200_os0.9_r3_uniform,200,67,0.9001,3,uniform,patterson_albracht,pli,feasible,161,153,0.052288,180.613,0.432,6068.0,738.0,"{""c_min"": 153, ""c_max"": 246}",
n200_os0.9_r3_uniform_03,n200_os0.9_r3_uniform,200,67,0.9001,3,uniform,ritt_costa,pli,feasible,162,153,0.058824,183.424,2.104,6162.0,17810.0,"{""c_min"": 153, ""c_max"": 246}",
n200_os0.9_r3_uniform_04,n200_os0.9_r3_uniform,200,67,0.9007,3,uniform,patterson_albracht,pli,feasible,162,154,0.051948,180.584,0.431,6150.0,738.0,"{""c_min"": 154, ""c_max"": 251}",
n200_os0.9_r3_uniform_04,n200_os0.9_r3_uniform,200,67,0.9007,3,uniform,ritt_costa,pli,feasible,160,155,0.032258,183.487,2.198,6248.0,18109.0,"{""c_min"": 154, ""c_max"": 251}",
n200_os0.9_r3_uniform_05,n200_os0.9_r3_uniform,200,67,0.9014,3,uniform,patterson_albracht,pli,feasible,155,148,0.047297,180.57,0.392,5746.0,722.0,"{""c_min"": 148, ""c_max"": 228}",
n200_os0.9_r3_uniform_05,n200_os0.9_r3_uniform,200,67,0.9014,3,uniform,ritt_costa,pli,feasible,154,148,0.040541,182.926,1.802,5827.0,16270.0,"{""c_min"": 148, ""c_max"": 228}",
n200_os0.9_r3_uniform_06,n200_os0.9_r3_uniform,200,67,0.9002,3,uniform,patterson_albracht,pli,feasible,158,153,0.03268,180.575,0.427,5870.0,752.0,"{""c_min"": 153, ""c_max"": 239}",
n200_os0.9_r3_uniform_06,n200_os0.9_r3_uniform,200,67,0.9002,3,uniform,ritt_costa,pli,feasible,158,154,0.025974,183.118,1.958,5957.0,17434.0,"{""c_min"": 153, ""c_max"": 239}",
n200_os0.9_r3_uniform_07,n200_os0.9_r3_uniform,200,67,0.9001,3,uniform,patterson_albracht,pli,feasible,148,141,0.049645,180.565,0.396,5739.0,748.0,"{""c_min"": 141, ""c_max"": 216}",
n200_os0.9_r3_uniform_07,n200_os0.9_r3_uniform,200,67,0.9001,3,uniform,ritt_costa,pli,feasible,148,141,0.049645,183.074,1.95,5815.0,16801.0,"{""c_min"": 141, ""c_max"": 216}",
n200_os0.9_r3_uniform_08,n200_os0.9_r3_uniform,200,67,0.9001,3,uniform,patterson_albracht,pli,feasible,154,148,0.040541,180.589,0.419,6065.0,741.0,"{""c_min"": 148, ""c_max"": 238}",
n200_os0.9_r3_uniform_08,n200_os0.9_r3_uniform,200,67,0.9001,3,uniform,ritt_costa,pli,feasible,154,149,0.033557,183.368,2.085,6156.0,17896.0,"{""c_min"": 148, ""c_max"": 238}",
n200_os0.9_r3_uniform_09,n200_os0.9_r3_uniform,200,67,0.9002,3,uniform,patterson_albracht,pli,feasible,162,152,0.065789,180.709,0.536,6119.0,738.0,"{""c_min"": 152, ""c_max"": 245}",
n200_os0.9_r3_uniform_09,n200_os0.9_r3_uniform,200,67,0.9002,3,uniform,ritt_costa,pli,feasible,159,152,0.046053,183.389,2.098,6213.0,17899.0,"{""c_min"": 152, ""c_max"": 245}",
n200_os0.9_r6_uniform_00,n200_os0.9_r6_uniform,200,33,0.9001,6,uniform,patterson_albracht,pli,feasible,322,320,0.00625,180.237,0.143,2089.0,690.0,"{""c_min"": 320, ""c_max"": 408}",
n200_os0.9_r6_uniform_00,n200_os0.9_r6_uniform,200,33,0.9001,6,uniform,ritt_costa,pli,feasible,324,320,0.0125,180.717,0.463,2178.0,5314.0,"{""c_min"": 320, ""c_max"": 408}",
n200_os0.9_r6_uniform_01,n200_os0.9_r6_uniform,200,33,0.9011,6,uniform,patterson_albracht,pli,feasible,334,329,0.015198,180.821,0.132,1974.0,669.0,"{""c_min"": 329, ""c_max"": 408}",
n200_os0.9_r6_uniform_01,n200_os0.9_r6_uniform,200,33,0.9011,6,uniform,ritt_costa,pli,feasible,333,329,0.012158,180.625,0.391,2054.0,4760.0,"{""c_min"": 329, ""c_max"": 408}",
n200_os0.9_r6_uniform_02,n200_os0.9_r6_uniform,200,33,0.9,6,uniform,patterson_albracht,pli,feasible,303,300,0.01,180.211,0.144,2119.0,685.0,"{""c_min"": 300, ""c_max"": 382}",
n200_os0.9_r6_uniform_02,n200_os0.9_r6_uniform,200,33,0.9,6,uniform,ritt_costa,pli,feasible,302,300,0.006667,180.683,0.439,2202.0,5331.0,"{""c_min"": 300, ""c_max"": 382}",
n200_os0.9_r6_uniform_03,n200_os0.9_r6_uniform,200,33,0.9008,6,uniform,patterson_albracht,pli,feasible,311,307,0.013029,180.236,0.137,2095.0,661.0,"{""c_min"": 307, ""c_max"": 391}",
n200_os0.9_r6_uniform_03,n200_os0.9_r6_uniform,200,33,0.9008,6,uniform,ritt_costa,pli,feasible,311,307,0.013029,180.677,0.433,2180.0,5107.0,"{""c_min"": 307, ""c_max"": 391}",
n200_os0.9_r6_uniform_04,n200_os0.9_r6_uniform,200,33,0.9026,6,uniform,patterson_albracht,pli,feasible,333,328,0.015244,180.259,0.142,2019.0,697.0,"{""c_min"": 328, ""c_max"": 411}",
n200_os0.9_r6_uniform_04,n200_os0.9_r6_uniform,200,33,0.9026,6,uniform,ritt_costa,pli,feasible,331,328,0.009146,180.682,0.424,2103.0,5116.0,"{""c_min"": 328, ""c_max"": 411}",
n200_os0.9_r6_uniform_05,n200_os0.9_r6_uniform,200,33,0.9005,6,uniform,patterson_albracht,pli,feasible,309,306,0.009804,180.247,0.167,2103.0,688.0,"{""c_min"": 306, ""c_max"": 389}",
n200_os0.9_r6_uniform_05,n200_os0.9_r6_uniform,200,33,0.9005,6,uniform,ritt_costa,pli,feasible,309,306,0.009804,180.715,0.442,2187.0,5324.0,"{""c_min"": 306, ""c_max"": 389}",
n200_os0.9_r6_uniform_06,n200_os0.9_r6_uniform,200,33,0.9004,6,uniform,patterson_albracht,pli,feasible,303,299,0.013378,180.254,0.153,2186.0,705.0,"{""c_min"": 299, ""c_max"": 389}",
n200_os0.9_r6_uniform_06,n200_os0.9_r6_uniform,200,33,0.9004,6,uniform,ritt_costa,pli,feasible,302,299,0.010033,180.781,0.504,2277.0,5784.0,"{""c_min"": 299, ""c_max"": 389}",
n200_os0.9_r6_uniform_07,n200_os0.9_r6_uniform,200,33,0.9002,6,uniform,patterson_albracht,pli,feasible,306,302,0.013245,180.259,0.153,2184.0,715.0,"{""c_min"": 302, ""c_max"": 391}",
n200_os0.9_r6_uniform_07,n200_os0.9_r6_uniform,200,33,0.9002,6,uniform,ritt_costa,pli,feasible,304,303,0.0033,180.785,0.492,2274.0,5851.0,"{""c_min"": 302, ""c_max"": 391}",
n200_os0.9_r6_uniform_08,n200_os0.9_r6_uniform,200,33,0.9004,6,uniform,patterson_albracht,pli,feasible,291,287,0.013937,180.247,0.148,2077.0,727.0,"{""c_min"": 287, ""c_max"": 362}",
n200_os0.9_r6_uniform_08,n200_os0.9_r6_uniform,200,33,0.9004,6,uniform,ritt_costa,pli,feasible,290,287,0.010453,180.757,0.43,2153.0,5528.0,"{""c_min"": 287, ""c_max"": 362}",
n200_os0.9_r6_uniform_09,n200_os0.9_r6_uniform,200,33,0.9001,6,uniform,patterson_albracht,pli,feasible,304,300,0.013333,180.239,0.138,1986.0,695.0,"{""c_min"": 300, ""c_max"": 373}",
n200_os0.9_r6_uniform_09,n200_os0.9_r6_uniform,200,33,0.9001,6,uniform,ritt_costa,pli,feasible,303,300,0.01,180.611,0.389,2060.0,4978.0,"{""c_min"": 300, ""c_max"": 373}",
n200_os0.9_r10_uniform_00,n200_os0.9_r10_uniform,200,20,0.9009,10,uniform,patterson_albracht,pli,optimal,480,480,0.0,95.685,0.072,953.0,676.0,"{""c_min"": 480, ""c_max"": 538}",
n200_os0.9_r10_uniform_00,n200_os0.9_r10_uniform,200,20,0.9009,10,uniform,ritt_costa,pli,optimal,480,480,0.0,15.213,0.113,1012.0,1980.0,"{""c_min"": 480, ""c_max"": 538}",
n200_os0.9_r10_uniform_01,n200_os0.9_r10_uniform,200,20,0.9004,10,uniform,patterson_albracht,pli,feasible,502,500,0.004,180.2,0.08,1054.0,694.0,"{""c_min"": 500, ""c_max"": 576}",
n200_os0.9_r10_uniform_01,n200_os0.9_r10_uniform,200,20,0.9004,10,uniform,ritt_costa,pli,feasible,501,500,0.002,180.29,0.165,1131.0,2346.0,"{""c_min"": 500, ""c_max"": 576}",
n200_os0.9_r10_uniform_02,n200_os0.9_r10_uniform,200,20,0.9003,10,uniform,patterson_albracht,pli,feasible,513,511,0.003914,180.161,0.098,1087.0,659.0,"{""c_min"": 511, ""c_max"": 594}",
n200_os0.9_r10_uniform_02,n200_os0.9_r10_uniform,200,20,0.9003,10,uniform,ritt_costa,pli,optimal,511,511,0.0,37.403,0.176,1171.0,2357.0,"{""c_min"": 511, ""c_max"": 594}",
n200_os0.9_r10_uniform_03,n200_os0.9_r10_uniform,200,20,0.9002,10,uniform,patterson_albracht,pli,feasible,482,481,0.002079,180.173,0.075,993.0,683.0,"{""c_min"": 481, ""c_max"": 546}",
n200_os0.9_r10_uniform_03,n200_os0.9_r10_uniform,200,20,0.9002,10,uniform,ritt_costa,pli,feasible,482,481,0.002079,180.222,0.125,1059.0,2115.0,"{""c_min"": 481, ""c_max"": 546}",
n200_os0.9_r10_uniform_04,n200_os0.9_r10_uniform,200,20,0.9009,10,uniform,patterson_albracht,pli,feasible,493,492,0.002033,180.135,0.074,1006.0,672.0,"{""c_min"": 492, ""c_max"": 557}",
n200_os0.9_r10_uniform_04,n200_os0.9_r10_uniform,200,20,0.9009,10,uniform,ritt_costa,pli,optimal,492,492,0.0,64.282,0.131,1072.0,2132.0,"{""c_min"": 492, ""c_max"": 557}",
n200_os0.9_r10_uniform_05,n200_os0.9_r10_uniform,200,20,0.9003,10,uniform,patterson_albracht,pli,optimal,540,540,0.0,69.315,0.123,969.0,662.0,"{""c_min"": 540, ""c_max"": 606}",
n200_os0.9_r10_uniform_05,n200_os0.9_r10_uniform,200,20,0.9003,10,uniform,ritt_costa,pli,optimal,540,540,0.0,60.139,0.158,1036.0,1976.0,"{""c_min"": 540, ""c_max"": 606}",
n200_os0.9_r10_uniform_06,n200_os0.9_r10_uniform,200,20,0.9006,10,uniform,patterson_albracht,pli,feasible,525,524,0.001908,180.179,0.097,1139.0,641.0,"{""c_min"": 524, ""c_max"": 619}",
n200_os0.9_r10_uniform_06,n200_os0.9_r10_uniform,200,20,0.9006,10,uniform,ritt_costa,pli,optimal,524,524,0.0,32.304,0.244,1235.0,2432.0,"{""c_min"": 524, ""c_max"": 619}",
n200_os0.9_r10_uniform_07,n200_os0.9_r10_uniform,200,20,0.9003,10,uniform,patterson_albracht,pli,optimal,452,452,0.0,53.746,0.11,1155.0,669.0,"{""c_min"": 452, ""c_max"": 538}",
n200_os0.9_r10_uniform_07,n200_os0.9_r10_uniform,200,20,0.9003,10,uniform,ritt_costa,pli,optimal,452,452,0.0,11.356,0.246,1242.0,2639.0,"{""c_min"": 452, ""c_max"": 538}",
n200_os0.9_r10_uniform_08,n200_os0.9_r10_uniform,200,20,0.9,10,uniform,patterson_albracht,pli,feasible,491,490,0.002041,180.204,0.128,935.0,703.0,"{""c_min"": 490, ""c_max"": 543}",
n200_os0.9_r10_uniform_08,n200_os0.9_r10_uniform,200,20,0.9,10,uniform,ritt_costa,pli,optimal,490,490,0.0,18.927,0.165,989.0,1949.0,"{""c_min"": 490, ""c_max"": 543}",
n200_os0.9_r10_uniform_09,n200_os0.9_r10_uniform,200,20,0.9006,10,uniform,patterson_albracht,pli,optimal,478,478,0.0,84.036,0.098,1036.0,662.0,"{""c_min"": 478, ""c_max"": 551}",
n200_os0.9_r10_uniform_09,n200_os0.9_r10_uniform,200,20,0.9006,10,uniform,ritt_costa,pli,optimal,478,478,0.0,27.331,0.187,1110.0,2203.0,"{""c_min"": 478, ""c_max"": 551}",
n200_os0.2_r3_uniform_10,n200_os0.2_r3_uniform,200,67,0.2003,3,uniform,patterson_albracht,pli,feasible,152,149,0.020134,181.379,1.009,11892.0,728.0,"{""c_min"": 149, ""c_max"": 245}",
n200_os0.2_r3_uniform_10,n200_os0.2_r3_uniform,200,67,0.2003,3,uniform,ritt_costa,pli,feasible,153,149,0.026846,188.671,5.109,11989.0,26211.0,"{""c_min"": 149, ""c_max"": 245}",
n200_os0.2_r3_uniform_11,n200_os0.2_r3_uniform,200,67,0.2008,3,uniform,patterson_albracht,pli,feasible,144,141,0.021277,181.522,1.013,11886.0,729.0,"{""c_min"": 141, ""c_max"": 234}",
n200_os0.2_r3_uniform_11,n200_os0.2_r3_uniform,200,67,0.2008,3,uniform,ritt_costa,pli,feasible,147,141,0.042553,188.916,5.301,11980.0,26331.0,"{""c_min"": 141, ""c_max"": 234}",
n200_os0.2_r3_uniform_12,n200_os0.2_r3_uniform,200,67,0.2011,3,uniform,patterson_albracht,pli,feasible,160,156,0.025641,181.377,1.02,11693.0,767.0,"{""c_min"": 156, ""c_max"": 235}",
n200_os0.2_r3_uniform_12,n200_os0.2_r3_uniform,200,67,0.2011,3,uniform,ritt_costa,pli,feasible,160,156,0.025641,188.953,5.308,11773.0,27438.0,"{""c_min"": 156, ""c_max"": 235}",
n200_os0.2_r3_uniform_13,n200_os0.2_r3_uniform,200,67,0.2008,3,uniform,patterson_albracht,pli,feasible,154,150,0.026667,181.475,1.005,11849.0,719.0,"{""c_min"": 150, ""c_max"": 246}",
n200_os0.2_r3_uniform_13,n200_os0.2_r3_uniform,200,67,0.2008,3,uniform,ritt_costa,pli,feasible,158,150,0.053333,188.71,5.136,11946.0,25575.0,"{""c_min"": 150, ""c_max"": 246}",
n200_os0.2_r3_uniform_14,n200_os0.2_r3_uniform,200,67,0.2006,3,uniform,patterson_albracht,pli,feasible,167,161,0.037267,181.843,1.284,11784.0,738.0,"{""c_min"": 161, ""c_max"": 249}",
n200_os0.2_r3_uniform_14,n200_os0.2_r3_uniform,200,67,0.2006,3,uniform,ritt_costa,pli,feasible,168,161,0.043478,190.719,5.844,11873.0,26233.0,"{""c_min"": 161, ""c_max"": 249}",
n200_os0.2_r3_uniform_15,n200_os0.2_r3_uniform,200,67,0.2005,3,uniform,patterson_albracht,pli,feasible,163,159,0.025157,181.723,1.231,11764.0,723.0,"{""c_min"": 159, ""c_max"": 247}",
n200_os0.2_r3_uniform_15,n200_os0.2_r3_uniform,200,67,0.2005,3,uniform,ritt_costa,pli,feasible,167,159,0.050314,187.849,4.62,11853.0,25439.0,"{""c_min"": 159, ""c_max"": 247}",
n200_os0.2_r3_uniform_16,n200_os0.2_r3_uniform,200,67,0.2004,3,uniform,patterson_albracht,pli,feasible,155,152,0.019737,181.055,0.763,11816.0,745.0,"{""c_min"": 152, ""c_max"": 244}",
n200_os0.2_r3_uniform_16,n200_os0.2_r3_uniform,200,67,0.2004,3,uniform,ritt_costa,pli,feasible,158,152,0.039474,187.105,4.174,11909.0,26860.0,"{""c_min"": 152, ""c_max"": 244}",
n200_os0.2_r3_uniform_17,n200_os0.2_r3_uniform,200,67,0.2022,3,uniform,patterson_albracht,pli,feasible,149,146,0.020548,181.059,0.752,11740.0,727.0,"{""c_min"": 146, ""c_max"": 227}",
n200_os0.2_r3_uniform_17,n200_os0.2_r3_uniform,200,67,0.2022,3,uniform,ritt_costa,pli,feasible,150,146,0.027397,186.616,3.971,11822.0,25473.0,"{""c_min"": 146, ""c_max"": 227}",
n200_os0.2_r3_uniform_18,n200_os0.2_r3_uniform,200,67,0.2002,3,uniform,patterson_albracht,pli,feasible,161,157,0.025478,181.027,0.755,11913.0,735.0,"{""c_min"": 157, ""c_max"": 255}",
n200_os0.2_r3_uniform_18,n200_os0.2_r3_uniform,200,67,0.2002,3,uniform,ritt_costa,pli,feasible,164,157,0.044586,187.111,4.159,12012.0,26530.0,"{""c_min"": 157, ""c_max"": 255}",
n200_os0.2_r3_uniform_19,n200_os0.2_r3_uniform,200,67,0.201,3,uniform,patterson_albracht,pli,feasible,159,156,0.019231,181.061,0.773,11654.0,749.0,"{""c_min"": 156, ""c_max"": 237}",
n200_os0.2_r3_uniform_19,n200_os0.2_r3_uniform,200,67,0.201,3,uniform,ritt_costa,pli,feasible,162,156,0.038462,186.818,4.017,11736.0,26200.0,"{""c_min"": 156, ""c_max"": 237}",
n200_os0.2_r3_uniform_20,n200_os0.2_r3_uniform,200,67,0.2003,3,uniform,patterson_albracht,pli,feasible,149,145,0.027586,181.311,0.764,11917.0,747.0,"{""c_min"": 145, ""c_max"": 240}",
n200_os0.2_r3_uniform_20,n200_os0.2_r3_uniform,200,67,0.2003,3,uniform,ritt_costa,pli,feasible,150,145,0.034483,188.905,5.241,12013.0,27356.0,"{""c_min"": 145, ""c_max"": 240}",
n200_os0.2_r3_uniform_21,n200_os0.2_r3_uniform,200,67,0.202,3,uniform,patterson_albracht,pli,feasible,154,150,0.026667,181.19,0.856,11755.0,702.0,"{""c_min"": 150, ""c_max"": 233}",
n200_os0.2_r3_uniform_21,n200_os0.2_r3_uniform,200,67,0.202,3,uniform,ritt_costa,pli,feasible,155,150,0.033333,187.065,3.962,11839.0,24225.0,"{""c_min"": 150, ""c_max"": 233}",
n200_os0.2_r3_uniform_22,n200_os0.2_r3_uniform,200,67,0.2058,3,uniform,patterson_albracht,pli,feasible,160,156,0.025641,181.949,1.328,11787.0,741.0,"{""c_min"": 156, ""c_max"": 247}",
n200_os0.2_r3_uniform_22,n200_os0.2_r3_uniform,200,67,0.2058,3,uniform,ritt_costa,pli,feasible,161,156,0.032051,188.145,4.996,11879.0,26576.0,"{""c_min"": 156, ""c_max"": 247}",
n200_os0.2_r3_uniform_23,n200_os0.2_r3_uniform,200,67,0.2003,3,uniform,patterson_albracht,pli,feasible,160,157,0.019108,181.246,0.872,11760.0,759.0,"{""c_min"": 157, ""c_max"": 244}",
n200_os0.2_r3_uniform_23,n200_os0.2_r3_uniform,200,67,0.2003,3,uniform,ritt_costa,pli,feasible,161,157,0.025478,190.175,6.614,11848.0,27117.0,"{""c_min"": 157, ""c_max"": 244}",
n200_os0.2_r3_uniform_24,n200_os0.2_r3_uniform,200,67,0.2002,3,uniform,patterson_albracht,pli,feasible,154,151,0.019868,181.533,1.112,11857.0,763.0,"{""c_min"": 151, ""c_max"": 237}",
n200_os0.2_r3_uniform_24,n200_os0.2_r3_uniform,200,67,0.2002,3,uniform,ritt_costa,pli,feasible,155,151,0.02649,188.131,4.569,11944.0,27630.0,"{""c_min"": 151, ""c_max"": 237}",
n200_os0.2_r6_uniform_10,n200_os0.2_r6_uniform,200,33,0.2002,6,uniform,patterson_albracht,pli,feasible,322,320,0.00625,180.742,0.455,5718.0,718.0,"{""c_min"": 320, ""c_max"": 416}",
n200_os0.2_r6_uniform_10,n200_os0.2_r6_uniform,200,33,0.2002,6,uniform,ritt_costa,pli,feasible,324,320,0.0125,182.186,1.155,5815.0,12589.0,"{""c_min"": 320, ""c_max"": 416}",
n200_os0.2_r6_uniform_11,n200_os0.2_r6_uniform,200,33,0.2027,6,uniform,patterson_albracht,pli,feasible,319,318,0.003145,180.684,0.455,5699.0,687.0,"{""c_min"": 318, ""c_max"": 404}",
n200_os0.2_r6_uniform_11,n200_os0.2_r6_uniform,200,33,0.2027,6,uniform,ritt_costa,pli,feasible,322,318,0.012579,182.576,1.327,5786.0,11685.0,"{""c_min"": 318, ""c_max"": 404}",
n200_os0.2_r6_uniform_12,n200_os0.2_r6_uniform,200,33,0.2001,6,uniform,patterson_albracht,pli,feasible,313,311,0.006431,180.65,0.426,5647.0,701.0,"{""c_min"": 311, ""c_max"": 389}",
n200_os0.2_r6_uniform_12,n200_os0.2_r6_uniform,200,33,0.2001,6,uniform,ritt_costa,pli,feasible,314,311,0.009646,182.145,1.154,5726.0,11859.0,"{""c_min"": 311, ""c_max"": 389}",
n200_os0.2_r6_uniform_13,n200_os0.2_r6_uniform,200,33,0.2014,6,uniform,patterson_albracht,pli,feasible,311,310,0.003226,180.768,0.458,5691.0,735.0,"{""c_min"": 310, ""c_max"": 400}",
n200_os0.2_r6_uniform_13,n200_os0.2_r6_uniform,200,33,0.2014,6,uniform,ritt_costa,pli,feasible,313,310,0.009677,182.645,1.389,5782.0,12868.0,"{""c_min"": 310, ""c_max"": 400}",
n200_os0.2_r6_uniform_14,n200_os0.2_r6_uniform,200,33,0.201,6,uniform,patterson_albracht,pli,feasible,311,310,0.003226,180.642,0.394,5706.0,686.0,"{""c_min"": 310, ""c_max"": 396}",
n200_os0.2_r6_uniform_14,n200_os0.2_r6_uniform,200,33,0.201,6,uniform,ritt_costa,pli,feasible,313,310,0.009677,182.215,1.323,5793.0,11803.0,"{""c_min"": 310, ""c_max"": 396}",
n200_os0.2_r6_uniform_15,n200_os0.2_r6_uniform,200,33,0.202,6,uniform,patterson_albracht,pli,feasible,312,310,0.006452,180.675,0.44,5682.0,718.0,"{""c_min"": 310, ""c_max"": 400}",
n200_os0.2_r6_uniform_15,n200_os0.2_r6_uniform,200,33,0.202,6,uniform,ritt_costa,pli,feasible,313,310,0.009677,182.367,1.324,5773.0,12518.0,"{""c_min"": 310, ""c_max"": 400}",
n200_os0.2_r6_uniform_16,n200_os0.2_r6_uniform,200,33,0.2011,6,uniform,patterson_albracht,pli,feasible,306,304,0.006579,180.585,0.372,5660.0,697.0,"{""c_min"": 304, ""c_max"": 382}",
n200_os0.2_r6_uniform_16,n200_os0.2_r6_uniform,200,33,0.2011,6,uniform,ritt_costa,pli,feasible,307,304,0.009868,182.432,1.516,5739.0,11769.0,"{""c_min"": 304, ""c_max"": 382}",
n200_os0.2_r6_uniform_17,n200_os0.2_r6_uniform,200,33,0.2085,6,uniform,patterson_albracht,pli,feasible,318,317,0.003155,180.751,0.417,5648.0,690.0,"{""c_min"": 317, ""c_max"": 400}",
n200_os0.2_r6_uniform_17,n200_os0.2_r6_uniform,200,33,0.2085,6,uniform,ritt_costa,pli,feasible,319,317,0.006309,182.048,1.105,5732.0,11663.0,"{""c_min"": 317, ""c_max"": 400}",
n200_os0.2_r6_uniform_18,n200_os0.2_r6_uniform,200,33,0.2022,6,uniform,patterson_albracht,pli,feasible,287,285,0.007018,180.61,0.402,5706.0,684.0,"{""c_min"": 285, ""c_max"": 372}",
n200_os0.2_r6_uniform_18,n200_os0.2_r6_uniform,200,33,0.2022,6,uniform,ritt_costa,pli,feasible,287,285,0.007018,183.245,1.623,5794.0,11805.0,"{""c_min"": 285, ""c_max"": 372}",
n200_os0.2_r6_uniform_19,n200_os0.2_r6_uniform,200,33,0.201,6,uniform,patterson_albracht,pli,feasible,307,306,0.003268,180.686,0.411,5698.0,709.0,"{""c_min"": 306, ""c_max"": 401}",
n200_os0.2_r6_uniform_19,n200_os0.2_r6_uniform,200,33,0.201,6,uniform,ritt_costa,pli,feasible,308,306,0.006536,182.181,1.158,5794.0,12280.0,"{""c_min"": 306, ""c_max"": 401}",
n200_os0.2_r6_uniform_20,n200_os0.2_r6_uniform,200,33,0.2006,6,uniform,patterson_albracht,pli,feasible,311,310,0.003226,180.701,0.415,5626.0,716.0,"{""c_min"": 310, ""c_max"": 379}",
n200_os0.2_r6_uniform_20,n200_os0.2_r6_uniform,200,33,0.2006,6,uniform,ritt_costa,pli,feasible,312,310,0.006452,182.238,1.315,5696.0,12167.0,"{""c_min"": 310, ""c_max"": 379}",
n200_os0.2_r6_uniform_21,n200_os0.2_r6_uniform,200,33,0.2014,6,uniform,patterson_albracht,pli,feasible,330,327,0.009174,180.686,0.444,5697.0,691.0,"{""c_min"": 327, ""c_max"": 421}",
n200_os0.2_r6_uniform_21,n200_os0.2_r6_uniform,200,33,0.2014,6,uniform,ritt_costa,pli,feasible,331,327,0.012232,182.161,1.212,5792.0,11880.0,"{""c_min"": 327, ""c_max"": 421}",
n200_os0.2_r6_uniform_22,n200_os0.2_r6_uniform,200,33,0.2018,6,uniform,patterson_albracht,pli,feasible,308,307,0.003257,180.853,0.502,5734.0,674.0,"{""c_min"": 307, ""c_max"": 406}",
n200_os0.2_r6_uniform_22,n200_os0.2_r6_uniform,200,33,0.2018,6,uniform,ritt_costa,pli,feasible,310,307,0.009772,182.387,1.24,5834.0,11662.0,"{""c_min"": 307, ""c_max"": 406}",
n200_os0.2_r6_uniform_23,n200_os0.2_r6_uniform,200,33,0.2007,6,uniform,patterson_albracht,pli,feasible,304,303,0.0033,181.575,0.557,5687.0,694.0,"{""c_min"": 303, ""c_max"": 383}",
n200_os0.2_r6_uniform_23,n200_os0.2_r6_uniform,200,33,0.2007,6,uniform,ritt_costa,pli,feasible,307,303,0.013201,182.31,1.314,5768.0,11939.0,"{""c_min"": 303, ""c_max"": 383}",
n200_os0.2_r6_uniform_24,n200_os0.2_r6_uniform,200,33,0.2007,6,uniform,patterson_albracht,pli,feasible,287,286,0.003497,180.683,0.394,5720.0,701.0,"{""c_min"": 286, ""c_max"": 376}",
n200_os0.2_r6_uniform_24,n200_os0.2_r6_uniform,200,33,0.2007,6,uniform,ritt_costa,pli,feasible,288,286,0.006993,182.667,1.604,5811.0,12269.0,"{""c_min"": 286, ""c_max"": 376}",
n200_os0.2_r10_uniform_10,n200_os0.2_r10_uniform,200,20,0.2004,10,uniform,patterson_albracht,pli,optimal,502,502,0.0,94.097,0.231,3428.0,691.0,"{""c_min"": 502, ""c_max"": 590}",
n200_os0.2_r10_uniform_10,n200_os0.2_r10_uniform,200,20,0.2004,10,uniform,ritt_costa,pli,feasible,503,502,0.001992,181.052,0.476,3517.0,7055.0,"{""c_min"": 502, ""c_max"": 590}",
n200_os0.2_r10_uniform_11,n200_os0.2_r10_uniform,200,20,0.2007,10,uniform,patterson_albracht,pli,optimal,552,552,0.0,126.327,0.247,3438.0,689.0,"{""c_min"": 552, ""c_max"": 647}",
n200_os0.2_r10_uniform_11,n200_os0.2_r10_uniform,200,20,0.2007,10,uniform,ritt_costa,pli,feasible,554,552,0.003623,180.944,0.501,3534.0,7101.0,"{""c_min"": 552, ""c_max"": 647}",
n200_os0.2_r10_uniform_12,n200_os0.2_r10_uniform,200,20,0.2005,10,uniform,patterson_albracht,pli,optimal,512,512,0.0,37.83,0.231,3433.0,596.0,"{""c_min"": 512, ""c_max"": 601}",
n200_os0.2_r10_uniform_12,n200_os0.2_r10_uniform,200,20,0.2005,10,uniform,ritt_costa,pli,optimal,512,512,0.0,32.54,0.395,3523.0,5728.0,"{""c_min"": 512, ""c_max"": 601}",
n200_os0.2_r10_uniform_13,n200_os0.2_r10_uniform,200,20,0.2012,10,uniform,patterson_albracht,pli,optimal,510,510,0.0,78.075,0.225,3401.0,678.0,"{""c_min"": 510, ""c_max"": 588}",
n200_os0.2_r10_uniform_13,n200_os0.2_r10_uniform,200,20,0.2012,10,uniform,ritt_costa,pli,feasible,511,510,0.001961,180.907,0.449,3480.0,6762.0,"{""c_min"": 510, ""c_max"": 588}",
n200_os0.2_r10_uniform_14,n200_os0.2_r10_uniform,200,20,0.2002,10,uniform,patterson_albracht,pli,optimal,512,512,0.0,45.288,0.234,3436.0,682.0,"{""c_min"": 512, ""c_max"": 601}",
n200_os0.2_r10_uniform_14,n200_os0.2_r10_uniform,200,20,0.2002,10,uniform,ritt_costa,pli,optimal,512,512,0.0,13.625,0.476,3526.0,6988.0,"{""c_min"": 512, ""c_max"": 601}",
n200_os0.2_r10_uniform_15,n200_os0.2_r10_uniform,200,20,0.2019,10,uniform,patterson_albracht,pli,feasible,497,496,0.002016,180.363,0.24,3414.0,725.0,"{""c_min"": 496, ""c_max"": 575}",
n200_os0.2_r10_uniform_15,n200_os0.2_r10_uniform,200,20,0.2019,10,uniform,ritt_costa,pli,feasible,497,496,0.002016,180.924,0.505,3494.0,7436.0,"{""c_min"": 496, ""c_max"": 575}",
n200_os0.2_r10_uniform_16,n200_os0.2_r10_uniform,200,20,0.2003,10,uniform,patterson_albracht,pli,optimal,524,524,0.0,79.271,0.229,3409.0,697.0,"{""c_min"": 524, ""c_max"": 596}",
n200_os0.2_r10_uniform_16,n200_os0.2_r10_uniform,200,20,0.2003,10,uniform,ritt_costa,pli,feasible,526,524,0.003817,180.869,0.465,3482.0,7103.0,"{""c_min"": 524, ""c_max"": 596}",
n200_os0.2_r10_uniform_17,n200_os0.2_r10_uniform,200,20,0.2008,10,uniform,patterson_albracht,pli,optimal,518,518,0.0,38.372,0.25,3420.0,676.0,"{""c_min"": 518, ""c_max"": 592}",
n200_os0.2_r10_uniform_17,n200_os0.2_r10_uniform,200,20,0.2008,10,uniform,ritt_costa,pli,feasible,519,518,0.001931,180.891,0.489,3495.0,6817.0,"{""c_min"": 518, ""c_max"": 592}",
n200_os0.2_r10_uniform_18,n200_os0.2_r10_uniform,200,20,0.2002,10,uniform,patterson_albracht,pli,feasible,498,497,0.002012,180.336,0.219,3486.0,661.0,"{""c_min"": 497, ""c_max"": 592}",
n200_os0.2_r10_uniform_18,n200_os0.2_r10_uniform,200,20,0.2002,10,uniform,ritt_costa,pli,feasible,499,497,0.004024,181.011,0.464,3582.0,6877.0,"{""c_min"": 497, ""c_max"": 592}",
n200_os0.2_r10_uniform_19,n200_os0.2_r10_uniform,200,20,0.2001,10,uniform,patterson_albracht,pli,optimal,489,489,0.0,61.837,0.368,3443.0,743.0,"{""c_min"": 489, ""c_max"": 579}",
n200_os0.2_r10_uniform_19,n200_os0.2_r10_uniform,200,20,0.2001,10,uniform,ritt_costa,pli,feasible,490,489,0.002045,181.438,0.736,3534.0,7841.0,"{""c_min"": 489, ""c_max"": 579}",
n200_os0.2_r10_uniform_20,n200_os0.2_r10_uniform,200,20,0.2035,10,uniform,patterson_albracht,pli,feasible,498,497,0.002012,180.77,0.249,3411.0,690.0,"{""c_min"": 497, ""c_max"": 581}",
n200_os0.2_r10_uniform_20,n200_os0.2_r10_uniform,200,20,0.2035,10,uniform,ritt_costa,pli,optimal,497,497,0.0,88.352,0.651,3496.0,6976.0,"{""c_min"": 497, ""c_max"": 581}",
n200_os0.2_r10_uniform_21,n200_os0.2_r10_uniform,200,20,0.202,10,uniform,patterson_albracht,pli,optimal,514,514,0.0,110.943,0.326,3426.0,736.0,"{""c_min"": 514, ""c_max"": 600}",
n200_os0.2_r10_uniform_21,n200_os0.2_r10_uniform,200,20,0.202,10,uniform,ritt_costa,pli,optimal,514,514,0.0,116.157,0.727,3513.0,7729.0,"{""c_min"": 514, ""c_max"": 600}",
n200_os0.2_r10_uniform_22,n200_os0.2_r10_uniform,200,20,0.2003,10,uniform,patterson_albracht,pli,optimal,509,509,0.0,61.695,0.263,3427.0,682.0,"{""c_min"": 509, ""c_max"": 582}",
n200_os0.2_r10_uniform_22,n200_os0.2_r10_uniform,200,20,0.2003,10,uniform,ritt_costa,pli,optimal,509,509,0.0,73.911,0.545,3501.0,6933.0,"{""c_min"": 509, ""c_max"": 582}",
n200_os0.2_r10_uniform_23,n200_os0.2_r10_uniform,200,20,0.2002,10,uniform,patterson_albracht,pli,optimal,498,498,0.0,107.574,0.223,3421.0,668.0,"{""c_min"": 498, ""c_max"": 582}",
n200_os0.2_r10_uniform_23,n200_os0.2_r10_uniform,200,20,0.2002,10,uniform,ritt_costa,pli,feasible,499,498,0.002008,180.865,0.446,3506.0,6731.0,"{""c_min"": 498, ""c_max"": 582}",
n200_os0.2_r10_uniform_24,n200_os0.2_r10_uniform,200,20,0.2001,10,uniform,patterson_albracht,pli,optimal,503,503,0.0,18.942,0.238,3453.0,717.0,"{""c_min"": 503, ""c_max"": 587}",
n200_os0.2_r10_uniform_24,n200_os0.2_r10_uniform,200,20,0.2001,10,uniform,ritt_costa,pli,optimal,503,503,0.0,63.037,0.51,3538.0,7540.0,"{""c_min"": 503, ""c_max"": 587}",
n200_os0.6_r3_uniform_10,n200_os0.6_r3_uniform,200,67,0.6043,3,uniform,patterson_albracht,pli,feasible,164,159,0.031447,180.911,0.595,8363.0,796.0,"{""c_min"": 159, ""c_max"": 247}",
n200_os0.6_r3_uniform_10,n200_os0.6_r3_uniform,200,67,0.6043,3,uniform,ritt_costa,pli,feasible,166,159,0.044025,185.941,3.508,8452.0,22263.0,"{""c_min"": 159, ""c_max"": 247}",
n200_os0.6_r3_uniform_11,n200_os0.6_r3_uniform,200,67,0.6016,3,uniform,ritt_costa,pli,feasible,165,159,0.037736,185.557,3.184,8586.0,24693.0,"{""c_min"": 159, ""c_max"": 256}",
n200_os0.6_r3_uniform_12,n200_os0.6_r3_uniform,200,67,0.6,3,uniform,patterson_albracht,pli,feasible,159,154,0.032468,180.958,0.661,8500.0,833.0,"{""c_min"": 154, ""c_max"": 247}",
n200_os0.6_r3_uniform_12,n200_os0.6_r3_uniform,200,67,0.6,3,uniform,ritt_costa,pli,feasible,163,154,0.058442,187.282,3.221,8594.0,24100.0,"{""c_min"": 154, ""c_max"": 247}",
n200_os0.6_r3_uniform_13,n200_os0.6_r3_uniform,200,67,0.6019,3,uniform,patterson_albracht,pli,feasible,157,153,0.026144,180.879,0.631,8305.0,824.0,"{""c_min"": 153, ""c_max"": 235}",
n200_os0.6_r3_uniform_13,n200_os0.6_r3_uniform,200,67,0.6019,3,uniform,ritt_costa,pli,feasible,159,153,0.039216,184.742,2.84,8388.0,22894.0,"{""c_min"": 153, ""c_max"": 235}",
n200_os0.6_r3_uniform_14,n200_os0.6_r3_uniform,200,67,0.6012,3,uniform,patterson_albracht,pli,feasible,153,148,0.033784,180.979,0.656,8360.0,849.0,"{""c_min"": 148, ""c_max"": 233}",
n200_os0.6_r3_uniform_14,n200_os0.6_r3_uniform,200,67,0.6012,3,uniform,ritt_costa,pli,feasible,156,148,0.054054,185.546,3.282,8446.0,24073.0,"{""c_min"": 148, ""c_max"": 233}",
n200_os0.6_r3_uniform_15,n200_os0.6_r3_uniform,200,67,0.6031,3,uniform,patterson_albracht,pli,feasible,151,147,0.027211,180.854,0.621,8120.0,817.0,"{""c_min"": 147, ""c_max"": 219}",
n200_os0.6_r3_uniform_15,n200_os0.6_r3_uniform,200,67,0.6031,3,uniform,ritt_costa,pli,feasible,151,147,0.027211,184.664,2.753,8193.0,21844.0,"{""c_min"": 147, ""c_max"": 219}",
n200_os0.6_r3_uniform_16,n200_os0.6_r3_uniform,200,67,0.6008,3,uniform,patterson_albracht,pli,feasible,164,159,0.031447,180.969,0.66,8071.0,825.0,"{""c_min"": 159, ""c_max"": 234}",
n200_os0.6_r3_uniform_16,n200_os0.6_r3_uniform,200,67,0.6008,3,uniform,ritt_costa,pli,feasible,164,159,0.031447,185.42,3.001,8147.0,21876.0,"{""c_min"": 159, ""c_max"": 234}",
n200_os0.6_r3_uniform_17,n200_os0.6_r3_uniform,200,67,0.602,3,uniform,patterson_albracht,pli,feasible,151,147,0.027211,181.142,0.804,8449.0,838.0,"{""c_min"": 147, ""c_max"": 230}",
n200_os0.6_r3_uniform_17,n200_os0.6_r3_uniform,200,67,0.602,3,uniform,ritt_costa,pli,feasible,152,147,0.034014,186.23,3.761,8533.0,23851.0,"{""c_min"": 147, ""c_max"": 230}",
n200_os0.6_r3_uniform_18,n200_os0.6_r3_uniform,200,67,0.6,3,uniform,patterson_albracht,pli,feasible,162,158,0.025316,181.184,0.821,8505.0,827.0,"{""c_min"": 158, ""c_max"": 249}",
n200_os0.6_r3_uniform_18,n200_os0.6_r3_uniform,200,67,0.6,3,uniform,ritt_costa,pli,feasible,162,158,0.025316,188.995,5.34,8597.0,23756.0,"{""c_min"": 158, ""c_max"": 249}",
n200_os0.6_r3_uniform_19,n200_os0.6_r3_uniform,200,67,0.6021,3,uniform,patterson_albracht,pli,feasible,159,154,0.032468,181.221,0.805,8222.0,828.0,"{""c_min"": 154, ""c_max"": 236}",
n200_os0.6_r3_uniform_19,n200_os0.6_r3_uniform,200,67,0.6021,3,uniform,ritt_costa,pli,feasible,162,154,0.051948,186.381,3.707,8305.0,22781.0,"{""c_min"": 154, ""c_max"": 236}",
n200_os0.6_r3_uniform_20,n200_os0.6_r3_uniform,200,67,0.6004,3,uniform,patterson_albracht,pli,feasible,155,151,0.02649,181.174,0.894,8270.0,863.0,"{""c_min"": 151, ""c_max"": 231}",
n200_os0.6_r3_uniform_21,n200_os0.6_r3_uniform,200,67,0.6019,3,uniform,patterson_albracht,pli,feasible,148,143,0.034965,181.225,0.871,8471.0,810.0,"{""c_min"": 143, ""c_max"": 230}",
n200_os0.6_r3_uniform_21,n200_os0.6_r3_uniform,200,67,0.6019,3,uniform,ritt_costa,pli,feasible,150,143,0.048951,185.996,3.638,8559.0,23155.0,"{""c_min"": 143, ""c_max"": 230}",
n200_os0.6_r3_uniform_22,n200_os0.6_r3_uniform,200,67,0.6004,3,uniform,patterson_albracht,pli,feasible,156,152,0.026316,181.096,0.825,8382.0,820.0,"{""c_min"": 152, ""c_max"": 237}",
n200_os0.6_r3_uniform_22,n200_os0.6_r3_uniform,200,67,0.6004,3,uniform,ritt_costa,pli,feasible,159,152,0.046053,186.107,3.595,8468.0,23158.0,"{""c_min"": 152, ""c_max"": 237}",
n200_os0.6_r3_uniform_23,n200_os0.6_r3_uniform,200,67,0.6009,3,uniform,patterson_albracht,pli,feasible,154,149,0.033557,180.932,0.647,8627.0,796.0,"{""c_min"": 149, ""c_max"": 245}",
n200_os0.6_r3_uniform_23,n200_os0.6_r3_uniform,200,67,0.6009,3,uniform,ritt_costa,pli,feasible,155,149,0.040268,186.089,3.201,8724.0,23245.0,"{""c_min"": 149, ""c_max"": 245}",
n200_os0.6_r3_uniform_24,n200_os0.6_r3_uniform,200,67,0.6006,3,uniform,patterson_albracht,pli,feasible,157,153,0.026144,181.059,0.781,8484.0,824.0,"{""c_min"": 153, ""c_max"": 245}",
n200_os0.6_r3_uniform_24,n200_os0.6_r3_uniform,200,67,0.6006,3,uniform,ritt_costa,pli,feasible,161,153,0.052288,186.718,4.242,8577.0,23733.0,"{""c_min"": 153, ""c_max"": 245}",
n200_os0.6_r6_uniform_10,n200_os0.6_r6_uniform,200,33,0.6036,6,uniform,patterson_albracht,pli,feasible,306,303,0.009901,180.521,0.291,3691.0,792.0,"{""c_min"": 303, ""c_max"": 391}",
n200_os0.6_r6_uniform_10,n200_os0.6_r6_uniform,200,33,0.6036,6,uniform,ritt_costa,pli,feasible,306,303,0.009901,181.428,0.839,3780.0,9251.0,"{""c_min"": 303, ""c_max"": 391}",
n200_os0.6_r6_uniform_11,n200_os0.6_r6_uniform,200,33,0.6,6,uniform,patterson_albracht,pli,feasible,332,327,0.015291,180.457,0.32,3584.0,817.0,"{""c_min"": 327, ""c_max"": 410}",
n200_os0.6_r6_uniform_11,n200_os0.6_r6_uniform,200,33,0.6,6,uniform,ritt_costa,pli,feasible,331,327,0.012232,181.721,0.733,3668.0,9194.0,"{""c_min"": 327, ""c_max"": 410}",
n200_os0.6_r6_uniform_12,n200_os0.6_r6_uniform,200,33,0.6006,6,uniform,patterson_albracht,pli,feasible,300,298,0.006711,180.453,0.314,3715.0,781.0,"{""c_min"": 298, ""c_max"": 391}",
n200_os0.6_r6_uniform_12,n200_os0.6_r6_uniform,200,33,0.6006,6,uniform,ritt_costa,pli,feasible,300,298,0.006711,181.412,0.834,3809.0,9274.0,"{""c_min"": 298, ""c_max"": 391}",
n200_os0.6_r6_uniform_13,n200_os0.6_r6_uniform,200,33,0.6002,6,uniform,patterson_albracht,pli,feasible,332,328,0.012195,180.482,0.332,3570.0,821.0,"{""c_min"": 328, ""c_max"": 409}",
n200_os0.6_r6_uniform_13,n200_os0.6_r6_uniform,200,33,0.6002,6,uniform,ritt_costa,pli,feasible,332,328,0.012195,181.882,0.804,3652.0,9191.0,"{""c_min"": 328, ""c_max"": 409}",
n200_os0.6_r6_uniform_14,n200_os0.6_r6_uniform,200,33,0.6007,6,uniform,patterson_albracht,pli,feasible,303,300,0.01,180.524,0.368,3699.0,818.0,"{""c_min"": 300, ""c_max"": 382}",
n200_os0.6_r6_uniform_14,n200_os0.6_r6_uniform,200,33,0.6007,6,uniform,ritt_costa,pli,feasible,302,300,0.006667,181.821,0.977,3782.0,9572.0,"{""c_min"": 300, ""c_max"": 382}",
n200_os0.6_r6_uniform_15,n200_os0.6_r6_uniform,200,33,0.6001,6,uniform,patterson_albracht,pli,feasible,318,315,0.009524,180.525,0.374,3702.0,816.0,"{""c_min"": 315, ""c_max"": 406}",
n200_os0.6_r6_uniform_15,n200_os0.6_r6_uniform,200,33,0.6001,6,uniform,ritt_costa,pli,feasible,318,315,0.009524,181.426,0.767,3794.0,9619.0,"{""c_min"": 315, ""c_max"": 406}",
n200_os0.6_r6_uniform_16,n200_os0.6_r6_uniform,200,33,0.6017,6,uniform,patterson_albracht,pli,feasible,309,305,0.013115,180.49,0.327,3639.0,790.0,"{""c_min"": 305, ""c_max"": 391}",
n200_os0.6_r6_uniform_16,n200_os0.6_r6_uniform,200,33,0.6017,6,uniform,ritt_costa,pli,feasible,308,305,0.009836,181.34,0.753,3726.0,9078.0,"{""c_min"": 305, ""c_max"": 391}",
n200_os0.6_r6_uniform_17,n200_os0.6_r6_uniform,200,33,0.6004,6,uniform,patterson_albracht,pli,feasible,300,299,0.003344,180.498,0.318,3813.0,772.0,"{""c_min"": 299, ""c_max"": 397}",
n200_os0.6_r6_uniform_17,n200_os0.6_r6_uniform,200,33,0.6004,6,uniform,ritt_costa,pli,feasible,300,299,0.003344,181.737,1.075,3912.0,9466.0,"{""c_min"": 299, ""c_max"": 397}",
n200_os0.6_r6_uniform_18,n200_os0.6_r6_uniform,200,33,0.6004,6,uniform,patterson_albracht,pli,feasible,329,327,0.006116,180.519,0.333,3610.0,753.0,"{""c_min"": 327, ""c_max"": 409}",
n200_os0.6_r6_uniform_18,n200_os0.6_r6_uniform,200,33,0.6004,6,uniform,ritt_costa,pli,feasible,329,327,0.006116,181.17,0.668,3693.0,8381.0,"{""c_min"": 327, ""c_max"": 409}",
n200_os0.6_r6_uniform_19,n200_os0.6_r6_uniform,200,33,0.6006,6,uniform,patterson_albracht,pli,feasible,301,299,0.006689,180.537,0.3,3703.0,796.0,"{""c_min"": 299, ""c_max"": 386}",
n200_os0.6_r6_uniform_19,n200_os0.6_r6_uniform,200,33,0.6006,6,uniform,ritt_costa,pli,feasible,301,299,0.006689,181.443,0.837,3791.0,9355.0,"{""c_min"": 299, ""c_max"": 386}",
n200_os0.6_r6_uniform_20,n200_os0.6_r6_uniform,200,33,0.6045,6,uniform,patterson_albracht,pli,feasible,294,293,0.003413,180.543,0.381,3698.0,801.0,"{""c_min"": 293, ""c_max"": 384}",
n200_os0.6_r6_uniform_20,n200_os0.6_r6_uniform,200,33,0.6045,6,uniform,ritt_costa,pli,feasible,296,293,0.010239,181.381,0.805,3790.0,9464.0,"{""c_min"": 293, ""c_max"": 384}",
n200_os0.6_r6_uniform_21,n200_os0.6_r6_uniform,200,33,0.6001,6,uniform,patterson_albracht,pli,feasible,321,319,0.00627,180.274,0.153,3652.0,785.0,"{""c_min"": 319, ""c_max"": 408}",
n200_os0.6_r6_uniform_21,n200_os0.6_r6_uniform,200,33,0.6001,6,uniform,ritt_costa,pli,feasible,322,319,0.009404,181.55,0.748,3742.0,9051.0,"{""c_min"": 319, ""c_max"": 408}",
n200_os0.6_r6_uniform_22,n200_os0.6_r6_uniform,200,33,0.6003,6,uniform,patterson_albracht,pli,feasible,326,323,0.009288,180.718,0.384,3561.0,796.0,"{""c_min"": 323, ""c_max"": 400}",
n200_os0.6_r6_uniform_22,n200_os0.6_r6_uniform,200,33,0.6003,6,uniform,ritt_costa,pli,feasible,326,323,0.009288,182.304,1.086,3639.0,8709.0,"{""c_min"": 323, ""c_max"": 400}",
n200_os0.6_r6_uniform_23,n200_os0.6_r6_uniform,200,33,0.6008,6,uniform,patterson_albracht,pli,feasible,303,301,0.006645,180.517,0.336,3599.0,753.0,"{""c_min"": 301, ""c_max"": 383}",
n200_os0.6_r6_uniform_23,n200_os0.6_r6_uniform,200,33,0.6008,6,uniform,ritt_costa,pli,feasible,303,301,0.006645,181.502,0.872,3682.0,8382.0,"{""c_min"": 301, ""c_max"": 383}",
n200_os0.6_r6_uniform_24,n200_os0.6_r6_uniform,200,33,0.6004,6,uniform,patterson_albracht,pli,feasible,295,293,0.006826,180.573,0.353,3495.0,769.0,"{""c_min"": 293, ""c_max"": 356}",
n200_os0.6_r6_uniform_24,n200_os0.6_r6_uniform,200,33,0.6004,6,uniform,ritt_costa,pli,feasible,297,293,0.013652,181.606,0.907,3559.0,8135.0,"{""c_min"": 293, ""c_max"": 356}",
n200_os0.6_r10_uniform_10,n200_os0.6_r10_uniform,200,20,0.6011,10,uniform,patterson_albracht,pli,feasible,503,502,0.001992,180.439,0.215,2075.0,746.0,"{""c_min"": 502, ""c_max"": 579}",
n200_os0.6_r10_uniform_10,n200_os0.6_r10_uniform,200,20,0.6011,10,uniform,ritt_costa,pli,feasible,503,502,0.001992,181.016,0.522,2153.0,4450.0,"{""c_min"": 502, ""c_max"": 579}",
n200_os0.6_r10_uniform_11,n200_os0.6_r10_uniform,200,20,0.6019,10,uniform,patterson_albracht,pli,optimal,511,511,0.0,30.357,0.207,2016.0,781.0,"{""c_min"": 511, ""c_max"": 573}",
n200_os0.6_r10_uniform_11,n200_os0.6_r10_uniform,200,20,0.6019,10,uniform,ritt_costa,pli,optimal,511,511,0.0,57.237,0.382,2079.0,4490.0,"{""c_min"": 511, ""c_max"": 573}",
n200_os0.6_r10_uniform_12,n200_os0.6_r10_uniform,200,20,0.6005,10,uniform,patterson_albracht,pli,feasible,521,520,0.001923,180.324,0.198,2119.0,712.0,"{""c_min"": 520, ""c_max"": 604}",
n200_os0.6_r10_uniform_12,n200_os0.6_r10_uniform,200,20,0.6005,10,uniform,ritt_costa,pli,feasible,521,520,0.001923,180.63,0.366,2204.0,4335.0,"{""c_min"": 520, ""c_max"": 604}",
n200_os0.6_r10_uniform_13,n200_os0.6_r10_uniform,200,20,0.6027,10,uniform,patterson_albracht,pli,optimal,460,460,0.0,37.562,0.238,2129.0,775.0,"{""c_min"": 460, ""c_max"": 549}",
n200_os0.6_r10_uniform_13,n200_os0.6_r10_uniform,200,20,0.6027,10,uniform,ritt_costa,pli,optimal,460,460,0.0,55.653,0.376,2219.0,4923.0,"{""c_min"": 460, ""c_max"": 549}",
n200_os0.6_r10_uniform_14,n200_os0.6_r10_uniform,200,20,0.6011,10,uniform,patterson_albracht,pli,feasible,508,507,0.001972,180.3,0.205,2043.0,731.0,"{""c_min"": 507, ""c_max"": 574}",
n200_os0.6_r10_uniform_14,n200_os0.6_r10_uniform,200,20,0.6011,10,uniform,ritt_costa,pli,feasible,508,507,0.001972,180.552,0.309,2111.0,4195.0,"{""c_min"": 507, ""c_max"": 574}",
n200_os0.6_r10_uniform_15,n200_os0.6_r10_uniform,200,20,0.6002,10,uniform,patterson_albracht,pli,feasible,551,550,0.001818,180.336,0.21,2089.0,777.0,"{""c_min"": 550, ""c_max"": 640}",
n200_os0.6_r10_uniform_15,n200_os0.6_r10_uniform,200,20,0.6002,10,uniform,ritt_costa,pli,feasible,551,550,0.001818,180.618,0.352,2180.0,4718.0,"{""c_min"": 550, ""c_max"": 640}",
n200_os0.6_r10_uniform_16,n200_os0.6_r10_uniform,200,20,0.6001,10,uniform,patterson_albracht,pli,optimal,514,514,0.0,51.378,0.226,2077.0,793.0,"{""c_min"": 514, ""c_max"": 591}",
n200_os0.6_r10_uniform_16,n200_os0.6_r10_uniform,200,20,0.6001,10,uniform,ritt_costa,pli,optimal,514,514,0.0,150.738,0.361,2155.0,4763.0,"{""c_min"": 514, ""c_max"": 591}",
n200_os0.6_r10_uniform_17,n200_os0.6_r10_uniform,200,20,0.6005,10,uniform,patterson_albracht,pli,feasible,472,471,0.002123,180.334,0.206,2107.0,791.0,"{""c_min"": 471, ""c_max"": 553}",
n200_os0.6_r10_uniform_17,n200_os0.6_r10_uniform,200,20,0.6005,10,uniform,ritt_costa,pli,optimal,471,471,0.0,73.109,0.374,2190.0,4984.0,"{""c_min"": 471, ""c_max"": 553}",
n200_os0.6_r10_uniform_18,n200_os0.6_r10_uniform,200,20,0.6029,10,uniform,patterson_albracht,pli,optimal,516,516,0.0,38.709,0.2,2027.0,791.0,"{""c_min"": 516, ""c_max"": 584}",
n200_os0.6_r10_uniform_18,n200_os0.6_r10_uniform,200,20,0.6029,10,uniform,ritt_costa,pli,feasible,517,516,0.001938,180.636,0.316,2096.0,4593.0,"{""c_min"": 516, ""c_max"": 584}",
n200_os0.6_r10_uniform_19,n200_os0.6_r10_uniform,200,20,0.6007,10,uniform,patterson_albracht,pli,feasible,516,514,0.003891,180.348,0.203,2143.0,770.0,"{""c_min"": 514, ""c_max"": 609}",
n200_os0.6_r10_uniform_19,n200_os0.6_r10_uniform,200,20,0.6007,10,uniform,ritt_costa,pli,feasible,515,514,0.001946,180.805,0.39,2239.0,4923.0,"{""c_min"": 514, ""c_max"": 609}",
n200_os0.6_r10_uniform_20,n200_os0.6_r10_uniform,200,20,0.6007,10,uniform,patterson_albracht,pli,optimal,547,547,0.0,39.44,0.175,2043.0,814.0,"{""c_min"": 547, ""c_max"": 626}",
n200_os0.6_r10_uniform_20,n200_os0.6_r10_uniform,200,20,0.6007,10,uniform,ritt_costa,pli,feasible,548,547,0.001828,180.734,0.379,2123.0,4868.0,"{""c_min"": 547, ""c_max"": 626}",
n200_os0.6_r10_uniform_21,n200_os0.6_r10_uniform,200,20,0.6004,10,uniform,patterson_albracht,pli,optimal,549,549,0.0,48.418,0.182,2067.0,772.0,"{""c_min"": 549, ""c_max"": 627}",
n200_os0.6_r10_uniform_21,n200_os0.6_r10_uniform,200,20,0.6004,10,uniform,ritt_costa,pli,optimal,549,549,0.0,80.378,0.343,2146.0,4599.0,"{""c_min"": 549, ""c_max"": 627}",
n200_os0.6_r10_uniform_22,n200_os0.6_r10_uniform,200,20,0.6014,10,uniform,patterson_albracht,pli,feasible,520,519,0.001927,180.248,0.148,2066.0,697.0,"{""c_min"": 519, ""c_max"": 599}",
n200_os0.6_r10_uniform_22,n200_os0.6_r10_uniform,200,20,0.6014,10,uniform,ritt_costa,pli,feasible,520,519,0.001927,180.482,0.258,2147.0,4139.0,"{""c_min"": 519, ""c_max"": 599}",
n200_os0.6_r10_uniform_23,n200_os0.6_r10_uniform,200,20,0.6,10,uniform,patterson_albracht,pli,feasible,523,521,0.003839,180.292,0.178,2128.0,801.0,"{""c_min"": 521, ""c_max"": 615}",
n200_os0.6_r10_uniform_23,n200_os0.6_r10_uniform,200,20,0.6,10,uniform,ritt_costa,pli,optimal,521,521,0.0,109.219,0.315,2223.0,5072.0,"{""c_min"": 521, ""c_max"": 615}",
n200_os0.6_r10_uniform_24,n200_os0.6_r10_uniform,200,20,0.6041,10,uniform,patterson_albracht,pli,optimal,482,482,0.0,34.218,0.163,2053.0,782.0,"{""c_min"": 482, ""c_max"": 549}",
n200_os0.6_r10_uniform_24,n200_os0.6_r10_uniform,200,20,0.6041,10,uniform,ritt_costa,pli,optimal,482,482,0.0,25.169,0.262,2121.0,4603.0,"{""c_min"": 482, ""c_max"": 549}",
n200_os0.9_r3_uniform_10,n200_os0.9_r3_uniform,200,67,0.9006,3,uniform,patterson_albracht,pli,feasible,161,151,0.066225,181.405,0.383,5803.0,748.0,"{""c_min"": 151, ""c_max"": 235}",
n200_os0.9_r3_uniform_10,n200_os0.9_r3_uniform,200,67,0.9006,3,uniform,ritt_costa,pli,feasible,158,152,0.039474,183.743,2.395,5888.0,17127.0,"{""c_min"": 151, ""c_max"": 235}",
n200_os0.9_r3_uniform_11,n200_os0.9_r3_uniform,200,67,0.9,3,uniform,patterson_albracht,pli,feasible,154,147,0.047619,180.667,0.491,6092.0,722.0,"{""c_min"": 147, ""c_max"": 236}",
n200_os0.9_r3_uniform_11,n200_os0.9_r3_uniform,200,67,0.9,3,uniform,ritt_costa,pli,feasible,155,147,0.054422,183.596,2.185,6182.0,17372.0,"{""c_min"": 147, ""c_max"": 236}",
n200_os0.9_r3_uniform_12,n200_os0.9_r3_uniform,200,67,0.9003,3,uniform,patterson_albracht,pli,feasible,163,156,0.044872,180.638,0.441,5751.0,739.0,"{""c_min"": 156, ""c_max"": 240}",
n200_os0.9_r3_uniform_12,n200_os0.9_r3_uniform,200,67,0.9003,3,uniform,ritt_costa,pli,feasible,163,156,0.044872,183.18,1.966,5836.0,16668.0,"{""c_min"": 156, ""c_max"": 240}",
n200_os0.9_r3_uniform_13,n200_os0.9_r3_uniform,200,67,0.9,3,uniform,patterson_albracht,pli,feasible,153,145,0.055172,180.73,0.485,6368.0,751.0,"{""c_min"": 145, ""c_max"": 243}",
n200_os0.9_r3_uniform_13,n200_os0.9_r3_uniform,200,67,0.9,3,uniform,ritt_costa,pli,feasible,153,146,0.047945,184.374,2.614,6467.0,19219.0,"{""c_min"": 145, ""c_max"": 243}",
n200_os0.9_r3_uniform_14,n200_os0.9_r3_uniform,200,67,0.9002,3,uniform,patterson_albracht,pli,feasible,151,146,0.034247,180.717,0.507,6108.0,741.0,"{""c_min"": 146, ""c_max"": 235}",
n200_os0.9_r3_uniform_14,n200_os0.9_r3_uniform,200,67,0.9002,3,uniform,ritt_costa,pli,feasible,154,146,0.054795,183.466,2.177,6198.0,17930.0,"{""c_min"": 146, ""c_max"": 235}",
n200_os0.9_r3_uniform_15,n200_os0.9_r3_uniform,200,67,0.9006,3,uniform,patterson_albracht,pli,feasible,164,157,0.044586,180.657,0.465,5500.0,723.0,"{""c_min"": 157, ""c_max"": 235}",
n200_os0.9_r3_uniform_15,n200_os0.9_r3_uniform,200,67,0.9006,3,uniform,ritt_costa,pli,feasible,167,157,0.063694,183.401,2.113,5579.0,15455.0,"{""c_min"": 157, ""c_max"": 235}",
n200_os0.9_r3_uniform_16,n200_os0.9_r3_uniform,200,67,0.9005,3,uniform,patterson_albracht,pli,feasible,154,148,0.040541,180.688,0.503,5923.0,736.0,"{""c_min"": 148, ""c_max"": 233}",
n200_os0.9_r3_uniform_16,n200_os0.9_r3_uniform,200,67,0.9005,3,uniform,ritt_costa,pli,feasible,154,148,0.040541,184.038,2.436,6009.0,17187.0,"{""c_min"": 148, ""c_max"": 233}",
n200_os0.9_r3_uniform_17,n200_os0.9_r3_uniform,200,67,0.9,3,uniform,patterson_albracht,pli,feasible,166,159,0.044025,180.661,0.476,5481.0,730.0,"{""c_min"": 159, ""c_max"": 237}",
n200_os0.9_r3_uniform_17,n200_os0.9_r3_uniform,200,67,0.9,3,uniform,ritt_costa,pli,feasible,167,159,0.050314,183.358,2.093,5560.0,15496.0,"{""c_min"": 159, ""c_max"": 237}",
n200_os0.9_r3_uniform_18,n200_os0.9_r3_uniform,200,67,0.9002,3,uniform,patterson_albracht,pli,feasible,157,147,0.068027,180.703,0.499,5987.0,717.0,"{""c_min"": 147, ""c_max"": 233}",
n200_os0.9_r3_uniform_18,n200_os0.9_r3_uniform,200,67,0.9002,3,uniform,ritt_costa,pli,feasible,154,147,0.047619,183.939,2.478,6074.0,16884.0,"{""c_min"": 147, ""c_max"": 233}",
n200_os0.9_r3_uniform_19,n200_os0.9_r3_uniform,200,67,0.9005,3,uniform,patterson_albracht,pli,feasible,161,152,0.059211,180.665,0.499,5511.0,750.0,"{""c_min"": 152, ""c_max"": 228}",
n200_os0.9_r3_uniform_19,n200_os0.9_r3_uniform,200,67,0.9005,3,uniform,ritt_costa,pli,feasible,161,152,0.059211,183.453,2.182,5588.0,16158.0,"{""c_min"": 152, ""c_max"": 228}",
n200_os0.9_r3_uniform_20,n200_os0.9_r3_uniform,200,67,0.9004,3,uniform,patterson_albracht,pli,feasible,160,154,0.038961,180.651,0.476,5349.0,721.0,"{""c_min"": 154, ""c_max"": 225}",
n200_os0.9_r3_uniform_20,n200_os0.9_r3_uniform,200,67,0.9004,3,uniform,ritt_costa,pli,feasible,160,154,0.038961,183.158,1.947,5421.0,14828.0,"{""c_min"": 154, ""c_max"": 225}",
n200_os0.9_r3_uniform_21,n200_os0.9_r3_uniform,200,67,0.9002,3,uniform,patterson_albracht,pli,feasible,157,146,0.075342,180.733,0.546,6287.0,718.0,"{""c_min"": 146, ""c_max"": 242}",
n200_os0.9_r3_uniform_21,n200_os0.9_r3_uniform,200,67,0.9002,3,uniform,ritt_costa,pli,feasible,153,146,0.047945,184.293,2.734,6384.0,17996.0,"{""c_min"": 146, ""c_max"": 242}",
n200_os0.9_r3_uniform_22,n200_os0.9_r3_uniform,200,67,0.9,3,uniform,patterson_albracht,pli,feasible,156,149,0.04698,180.692,0.48,5626.0,712.0,"{""c_min"": 149, ""c_max"": 226}",
n200_os0.9_r3_uniform_22,n200_os0.9_r3_uniform,200,67,0.9,3,uniform,ritt_costa,pli,feasible,156,149,0.04698,183.376,2.108,5704.0,15552.0,"{""c_min"": 149, ""c_max"": 226}",
n200_os0.9_r3_uniform_23,n200_os0.9_r3_uniform,200,67,0.9002,3,uniform,patterson_albracht,pli,feasible,151,139,0.086331,180.802,0.565,6475.0,737.0,"{""c_min"": 138, ""c_max"": 235}",
n200_os0.9_r3_uniform_23,n200_os0.9_r3_uniform,200,67,0.9002,3,uniform,ritt_costa,pli,feasible,148,139,0.064748,184.834,2.955,6573.0,19167.0,"{""c_min"": 138, ""c_max"": 235}",
n200_os0.9_r3_uniform_24,n200_os0.9_r3_uniform,200,67,0.9001,3,uniform,patterson_albracht,pli,feasible,169,160,0.05625,180.7,0.491,5856.0,715.0,"{""c_min"": 160, ""c_max"": 250}",
n200_os0.9_r3_uniform_24,n200_os0.9_r3_uniform,200,67,0.9001,3,uniform,ritt_costa,pli,feasible,168,160,0.05,183.791,2.391,5947.0,16436.0,"{""c_min"": 160, ""c_max"": 250}",
n200_os0.9_r6_uniform_10,n200_os0.9_r6_uniform,200,33,0.9001,6,uniform,patterson_albracht,pli,feasible,314,311,0.009646,180.329,0.181,2101.0,690.0,"{""c_min"": 310, ""c_max"": 396}",
n200_os0.9_r6_uniform_10,n200_os0.9_r6_uniform,200,33,0.9001,6,uniform,ritt_costa,pli,feasible,313,311,0.006431,180.928,0.576,2188.0,5352.0,"{""c_min"": 310, ""c_max"": 396}",
n200_os0.9_r6_uniform_11,n200_os0.9_r6_uniform,200,33,0.901,6,uniform,patterson_albracht,pli,feasible,312,308,0.012987,180.278,0.165,2039.0,668.0,"{""c_min"": 308, ""c_max"": 387}",
n200_os0.9_r6_uniform_11,n200_os0.9_r6_uniform,200,33,0.901,6,uniform,ritt_costa,pli,feasible,311,308,0.00974,180.898,0.539,2119.0,4970.0,"{""c_min"": 308, ""c_max"": 387}",
n200_os0.9_r6_uniform_12,n200_os0.9_r6_uniform,200,33,0.9001,6,uniform,patterson_albracht,pli,feasible,289,285,0.014035,180.265,0.172,2011.0,687.0,"{""c_min"": 285, ""c_max"": 354}",
n200_os0.9_r6_uniform_12,n200_os0.9_r6_uniform,200,33,0.9001,6,uniform,ritt_costa,pli,feasible,288,285,0.010526,180.746,0.475,2081.0,4987.0,"{""c_min"": 285, ""c_max"": 354}",
n200_os0.9_r6_uniform_13,n200_os0.9_r6_uniform,200,33,0.9001,6,uniform,patterson_albracht,pli,feasible,315,312,0.009615,180.309,0.217,2130.0,717.0,"{""c_min"": 312, ""c_max"": 400}",
n200_os0.9_r6_uniform_13,n200_os0.9_r6_uniform,200,33,0.9001,6,uniform,ritt_costa,pli,feasible,314,312,0.00641,180.94,0.599,2219.0,5669.0,"{""c_min"": 312, ""c_max"": 400}",
n200_os0.9_r6_uniform_14,n200_os0.9_r6_uniform,200,33,0.9008,6,uniform,patterson_albracht,pli,feasible,302,297,0.016835,180.327,0.196,2228.0,704.0,"{""c_min"": 297, ""c_max"": 387}",
n200_os0.9_r6_uniform_14,n200_os0.9_r6_uniform,200,33,0.9008,6,uniform,ritt_costa,pli,feasible,300,297,0.010101,180.99,0.621,2319.0,5878.0,"{""c_min"": 297, ""c_max"": 387}",
n200_os0.9_r6_uniform_15,n200_os0.9_r6_uniform,200,33,0.9008,6,uniform,patterson_albracht,pli,feasible,323,319,0.012539,180.396,0.202,2074.0,689.0,"{""c_min"": 319, ""c_max"": 405}",
n200_os0.9_r6_uniform_15,n200_os0.9_r6_uniform,200,33,0.9008,6,uniform,ritt_costa,pli,feasible,323,319,0.012539,180.864,0.56,2161.0,5238.0,"{""c_min"": 319, ""c_max"": 405}",
n200_os0.9_r6_uniform_16,n200_os0.9_r6_uniform,200,33,0.901,6,uniform,patterson_albracht,pli,feasible,314,310,0.012903,180.286,0.183,2211.0,678.0,"{""c_min"": 310, ""c_max"": 404}",
n200_os0.9_r6_uniform_16,n200_os0.9_r6_uniform,200,33,0.901,6,uniform,ritt_costa,pli,feasible,312,310,0.006452,181.114,0.64,2306.0,5607.0,"{""c_min"": 310, ""c_max"": 404}",
n200_os0.9_r6_uniform_17,n200_os0.9_r6_uniform,200,33,0.901,6,uniform,patterson_albracht,pli,feasible,313,308,0.016234,180.32,0.203,2218.0,697.0,"{""c_min"": 308, ""c_max"": 401}",
n200_os0.9_r6_uniform_17,n200_os0.9_r6_uniform,200,33,0.901,6,uniform,ritt_costa,pli,feasible,311,308,0.00974,181.004,0.65,2312.0,5762.0,"{""c_min"": 308, ""c_max"": 401}",
n200_os0.9_r6_uniform_18,n200_os0.9_r6_uniform,200,33,0.9003,6,uniform,patterson_albracht,pli,feasible,308,304,0.013158,180.411,0.215,2251.0,681.0,"{""c_min"": 304, ""c_max"": 398}",
n200_os0.9_r6_uniform_18,n200_os0.9_r6_uniform,200,33,0.9003,6,uniform,ritt_costa,pli,feasible,306,304,0.006579,181.209,0.799,2346.0,5727.0,"{""c_min"": 304, ""c_max"": 398}",
n200_os0.9_r6_uniform_19,n200_os0.9_r6_uniform,200,33,0.9006,6,uniform,patterson_albracht,pli,feasible,310,306,0.013072,180.291,0.172,2014.0,683.0,"{""c_min"": 305, ""c_max"": 382}",
n200_os0.9_r6_uniform_19,n200_os0.9_r6_uniform,200,33,0.9006,6,uniform,ritt_costa,pli,feasible,309,306,0.009804,180.669,0.383,2092.0,5007.0,"{""c_min"": 305, ""c_max"": 382}",
n200_os0.9_r6_uniform_20,n200_os0.9_r6_uniform,200,33,0.9001,6,uniform,patterson_albracht,pli,feasible,310,307,0.009772,180.256,0.146,2117.0,688.0,"{""c_min"": 307, ""c_max"": 392}",
n200_os0.9_r6_uniform_20,n200_os0.9_r6_uniform,200,33,0.9001,6,uniform,ritt_costa,pli,feasible,310,307,0.009772,180.718,0.452,2203.0,5362.0,"{""c_min"": 307, ""c_max"": 392}",
n200_os0.9_r6_uniform_21,n200_os0.9_r6_uniform,200,33,0.9004,6,uniform,patterson_albracht,pli,feasible,310,307,0.009772,180.253,0.145,2100.0,702.0,"{""c_min"": 307, ""c_max"": 389}",
n200_os0.9_r6_uniform_21,n200_os0.9_r6_uniform,200,33,0.9004,6,uniform,ritt_costa,pli,feasible,309,307,0.006515,180.739,0.449,2183.0,5442.0,"{""c_min"": 307, ""c_max"": 389}",
n200_os0.9_r6_uniform_22,n200_os0.9_r6_uniform,200,33,0.9004,6,uniform,patterson_albracht,pli,feasible,298,295,0.010169,180.359,0.139,2061.0,692.0,"{""c_min"": 295, ""c_max"": 372}",
n200_os0.9_r6_uniform_22,n200_os0.9_r6_uniform,200,33,0.9004,6,uniform,ritt_costa,pli,feasible,298,295,0.010169,180.687,0.42,2139.0,5200.0,"{""c_min"": 295, ""c_max"": 372}",
n200_os0.9_r6_uniform_23,n200_os0.9_r6_uniform,200,33,0.9,6,uniform,patterson_albracht,pli,feasible,312,309,0.009709,180.231,0.159,2158.0,657.0,"{""c_min"": 309, ""c_max"": 396}",
n200_os0.9_r6_uniform_23,n200_os0.9_r6_uniform,200,33,0.9,6,uniform,ritt_costa,pli,feasible,312,309,0.009709,180.723,0.45,2246.0,5224.0,"{""c_min"": 309, ""c_max"": 396}",
n200_os0.9_r6_uniform_24,n200_os0.9_r6_uniform,200,33,0.9002,6,uniform,patterson_albracht,pli,feasible,321,319,0.00627,180.245,0.141,2099.0,687.0,"{""c_min"": 319, ""c_max"": 404}",
n200_os0.9_r6_uniform_24,n200_os0.9_r6_uniform,200,33,0.9002,6,uniform,ritt_costa,pli,feasible,322,319,0.009404,180.735,0.457,2185.0,5297.0,"{""c_min"": 319, ""c_max"": 404}",
n200_os0.9_r10_uniform_10,n200_os0.9_r10_uniform,200,20,0.9,10,uniform,patterson_albracht,pli,feasible,485,484,0.002066,180.147,0.084,1145.0,669.0,"{""c_min"": 484, ""c_max"": 574}",
n200_os0.9_r10_uniform_10,n200_os0.9_r10_uniform,200,20,0.9,10,uniform,ritt_costa,pli,optimal,484,484,0.0,8.252,0.187,1236.0,2588.0,"{""c_min"": 484, ""c_max"": 574}",
n200_os0.9_r10_uniform_11,n200_os0.9_r10_uniform,200,20,0.9003,10,uniform,patterson_albracht,pli,optimal,451,451,0.0,87.157,0.088,1169.0,698.0,"{""c_min"": 451, ""c_max"": 538}",
n200_os0.9_r10_uniform_11,n200_os0.9_r10_uniform,200,20,0.9003,10,uniform,ritt_costa,pli,optimal,451,451,0.0,107.197,0.192,1257.0,2751.0,"{""c_min"": 451, ""c_max"": 538}",
n200_os0.9_r10_uniform_12,n200_os0.9_r10_uniform,200,20,0.9006,10,uniform,patterson_albracht,pli,optimal,494,494,0.0,57.391,0.082,1098.0,684.0,"{""c_min"": 494, ""c_max"": 576}",
n200_os0.9_r10_uniform_12,n200_os0.9_r10_uniform,200,20,0.9006,10,uniform,ritt_costa,pli,optimal,494,494,0.0,40.575,0.167,1181.0,2474.0,"{""c_min"": 494, ""c_max"": 576}",
n200_os0.9_r10_uniform_13,n200_os0.9_r10_uniform,200,20,0.9005,10,uniform,patterson_albracht,pli,optimal,486,486,0.0,51.227,0.08,1110.0,670.0,"{""c_min"": 486, ""c_max"": 570}",
n200_os0.9_r10_uniform_13,n200_os0.9_r10_uniform,200,20,0.9005,10,uniform,ritt_costa,pli,optimal,486,486,0.0,17.669,0.17,1195.0,2476.0,"{""c_min"": 486, ""c_max"": 570}",
n200_os0.9_r10_uniform_14,n200_os0.9_r10_uniform,200,20,0.9001,10,uniform,patterson_albracht,pli,optimal,495,495,0.0,50.105,0.085,1139.0,687.0,"{""c_min"": 495, ""c_max"": 587}",
n200_os0.9_r10_uniform_14,n200_os0.9_r10_uniform,200,20,0.9001,10,uniform,ritt_costa,pli,optimal,495,495,0.0,25.972,0.189,1232.0,2631.0,"{""c_min"": 495, ""c_max"": 587}",
n200_os0.9_r10_uniform_15,n200_os0.9_r10_uniform,200,20,0.9002,10,uniform,patterson_albracht,pli,feasible,527,526,0.001901,180.149,0.075,959.0,692.0,"{""c_min"": 526, ""c_max"": 590}",
n200_os0.9_r10_uniform_15,n200_os0.9_r10_uniform,200,20,0.9002,10,uniform,ritt_costa,pli,optimal,526,526,0.0,43.091,0.12,1024.0,2036.0,"{""c_min"": 526, ""c_max"": 590}",
n200_os0.9_r10_uniform_16,n200_os0.9_r10_uniform,200,20,0.9002,10,uniform,patterson_albracht,pli,feasible,479,478,0.002092,180.157,0.103,1044.0,710.0,"{""c_min"": 478, ""c_max"": 550}",
n200_os0.9_r10_uniform_16,n200_os0.9_r10_uniform,200,20,0.9002,10,uniform,ritt_costa,pli,optimal,479,479,0.0,14.061,0.149,1117.0,2396.0,"{""c_min"": 478, ""c_max"": 550}",
n200_os0.9_r10_uniform_17,n200_os0.9_r10_uniform,200,20,0.9004,10,uniform,patterson_albracht,pli,feasible,503,502,0.001992,180.172,0.09,1159.0,709.0,"{""c_min"": 502, ""c_max"": 596}",
n200_os0.9_r10_uniform_17,n200_os0.9_r10_uniform,200,20,0.9004,10,uniform,ritt_costa,pli,optimal,502,502,0.0,16.833,0.197,1254.0,2775.0,"{""c_min"": 502, ""c_max"": 596}",
n200_os0.9_r10_uniform_18,n200_os0.9_r10_uniform,200,20,0.9001,10,uniform,patterson_albracht,pli,feasible,522,521,0.001919,180.167,0.084,1127.0,695.0,"{""c_min"": 521, ""c_max"": 613}",
n200_os0.9_r10_uniform_18,n200_os0.9_r10_uniform,200,20,0.9001,10,uniform,ritt_costa,pli,optimal,521,521,0.0,88.912,0.189,1220.0,2622.0,"{""c_min"": 521, ""c_max"": 613}",
n200_os0.9_r10_uniform_19,n200_os0.9_r10_uniform,200,20,0.9001,10,uniform,patterson_albracht,pli,feasible,490,488,0.004098,180.153,0.081,1116.0,667.0,"{""c_min"": 488, ""c_max"": 575}",
n200_os0.9_r10_uniform_19,n200_os0.9_r10_uniform,200,20,0.9001,10,uniform,ritt_costa,pli,optimal,488,488,0.0,135.841,0.177,1204.0,2494.0,"{""c_min"": 488, ""c_max"": 575}",
n200_os0.9_r10_uniform_20,n200_os0.9_r10_uniform,200,20,0.9001,10,uniform,patterson_albracht,pli,feasible,487,485,0.004124,180.16,0.085,1117.0,686.0,"{""c_min"": 485, ""c_max"": 568}",
n200_os0.9_r10_uniform_20,n200_os0.9_r10_uniform,200,20,0.9001,10,uniform,ritt_costa,pli,feasible,486,485,0.002062,180.299,0.18,1201.0,2542.0,"{""c_min"": 485, ""c_max"": 568}",
n200_os0.9_r10_uniform_21,n200_os0.9_r10_uniform,200,20,0.9001,10,uniform,patterson_albracht,pli,feasible,527,526,0.001901,180.178,0.078,1049.0,682.0,"{""c_min"": 526, ""c_max"": 606}",
n200_os0.9_r10_uniform_21,n200_os0.9_r10_uniform,200,20,0.9001,10,uniform,ritt_costa,pli,feasible,527,526,0.001901,180.282,0.164,1130.0,2296.0,"{""c_min"": 526, ""c_max"": 606}",
n200_os0.9_r10_uniform_22,n200_os0.9_r10_uniform,200,20,0.9003,10,uniform,patterson_albracht,pli,feasible,513,512,0.001953,180.117,0.079,1023.0,699.0,"{""c_min"": 512, ""c_max"": 582}",
n200_os0.9_r10_uniform_22,n200_os0.9_r10_uniform,200,20,0.9003,10,uniform,ritt_costa,pli,feasible,513,512,0.001953,180.234,0.141,1094.0,2271.0,"{""c_min"": 512, ""c_max"": 582}",
n200_os0.9_r10_uniform_23,n200_os0.9_r10_uniform,200,20,0.9,10,uniform,patterson_albracht,pli,optimal,525,525,0.0,26.722,0.074,986.0,686.0,"{""c_min"": 525, ""c_max"": 594}",
n200_os0.9_r10_uniform_23,n200_os0.9_r10_uniform,200,20,0.9,10,uniform,ritt_costa,pli,optimal,525,525,0.0,172.403,0.127,1056.0,2098.0,"{""c_min"": 525, ""c_max"": 594}",
n200_os0.9_r10_uniform_24,n200_os0.9_r10_uniform,200,20,0.9003,10,uniform,patterson_albracht,pli,optimal,534,534,0.0,42.227,0.08,1068.0,688.0,"{""c_min"": 534, ""c_max"": 620}",
n200_os0.9_r10_uniform_24,n200_os0.9_r10_uniform,200,20,0.9003,10,uniform,ritt_costa,pli,optimal,534,534,0.0,23.505,0.165,1155.0,2421.0,"{""c_min"": 534, ""c_max"": 620}",
n200_os0.6_r3_uniform_20,n200_os0.6_r3_uniform,200,67,0.6004,3,uniform,ritt_costa,pli,feasible,157,151,0.039735,206.958,3.816,8351,24045,"{""c_min"": 151, ""c_max"": 231}",
n20_os0.2_r3_uniform_00,n20_os0.2_r3_uniform,20,7,0.2053,3,uniform,hoffmann,euristica,feasible,140,138,0.014493,0.009,,,,"{""tried_cycle_times"": 3, ""node_limit"": 20000, ""node_limit_hits"": 0, ""node_limit_hits_total"": 0}",
n20_os0.2_r3_uniform_00,n20_os0.2_r3_uniform,20,7,0.2053,3,uniform,gruppi,euristica,feasible,146,138,0.057971,0.005,,,,"{""tried_cycle_times"": 9, ""n_groups"": 8, ""n_leaves"": 6}",
n20_os0.2_r3_uniform_01,n20_os0.2_r3_uniform,20,7,0.2,3,uniform,hoffmann,euristica,feasible,110,107,0.028037,0.009,,,,"{""tried_cycle_times"": 4, ""node_limit"": 20000, ""node_limit_hits"": 0, ""node_limit_hits_total"": 0}",
n20_os0.2_r3_uniform_01,n20_os0.2_r3_uniform,20,7,0.2,3,uniform,gruppi,euristica,feasible,116,107,0.084112,0.008,,,,"{""tried_cycle_times"": 10, ""n_groups"": 6, ""n_leaves"": 9}",
n20_os0.2_r3_uniform_02,n20_os0.2_r3_uniform,20,7,0.2,3,uniform,hoffmann,euristica,feasible,129,126,0.02381,0.009,,,,"{""tried_cycle_times"": 4, ""node_limit"": 20000, ""node_limit_hits"": 0, ""node_limit_hits_total"": 0}",
n20_os0.2_r3_uniform_02,n20_os0.2_r3_uniform,20,7,0.2,3,uniform,gruppi,euristica,feasible,131,126,0.039683,0.006,,,,"{""tried_cycle_times"": 6, ""n_groups"": 6, ""n_leaves"": 8}",
n20_os0.2_r3_uniform_03,n20_os0.2_r3_uniform,20,7,0.2,3,uniform,hoffmann,euristica,feasible,142,140,0.014286,0.009,,,,"{""tried_cycle_times"": 3, ""node_limit"": 20000, ""node_limit_hits"": 0, ""node_limit_hits_total"": 0}",
n20_os0.2_r3_uniform_03,n20_os0.2_r3_uniform,20,7,0.2,3,uniform,gruppi,euristica,feasible,145,140,0.035714,0.004,,,,"{""tried_cycle_times"": 6, ""n_groups"": 8, ""n_leaves"": 8}",
n20_os0.2_r3_uniform_04,n20_os0.2_r3_uniform,20,7,0.2,3,uniform,hoffmann,euristica,feasible,161,160,0.00625,0.006,,,,"{""tried_cycle_times"": 2, ""node_limit"": 20000, ""node_limit_hits"": 0, ""node_limit_hits_total"": 0}",
n20_os0.2_r3_uniform_04,n20_os0.2_r3_uniform,20,7,0.2,3,uniform,gruppi,euristica,feasible,170,160,0.0625,0.052,,,,"{""tried_cycle_times"": 11, ""n_groups"": 7, ""n_leaves"": 8}",
n20_os0.2_r3_uniform_05,n20_os0.2_r3_uniform,20,7,0.2053,3,uniform,hoffmann,euristica,optimal,157,157,0.0,0.003,,,,"{""tried_cycle_times"": 1, ""node_limit"": 20000, ""node_limit_hits"": 0, ""node_limit_hits_total"": 0}",
n20_os0.2_r3_uniform_05,n20_os0.2_r3_uniform,20,7,0.2053,3,uniform,gruppi,euristica,feasible,160,157,0.019108,0.003,,,,"{""tried_cycle_times"": 4, ""n_groups"": 8, ""n_leaves"": 7}",
n20_os0.2_r3_uniform_06,n20_os0.2_r3_uniform,20,7,0.2,3,uniform,hoffmann,euristica,feasible,154,152,0.013158,0.005,,,,"{""tried_cycle_times"": 3, ""node_limit"": 20000, ""node_limit_hits"": 0, ""node_limit_hits_total"": 0}",
n20_os0.2_r3_uniform_06,n20_os0.2_r3_uniform,20,7,0.2,3,uniform,gruppi,euristica,feasible,154,152,0.013158,0.004,,,,"{""tried_cycle_times"": 3, ""n_groups"": 6, ""n_leaves"": 10}",
n20_os0.2_r3_uniform_07,n20_os0.2_r3_uniform,20,7,0.2053,3,uniform,hoffmann,euristica,feasible,148,145,0.02069,0.007,,,,"{""tried_cycle_times"": 4, ""node_limit"": 20000, ""node_limit_hits"": 0, ""node_limit_hits_total"": 0}",
n20_os0.2_r3_uniform_07,n20_os0.2_r3_uniform,20,7,0.2053,3,uniform,gruppi,euristica,feasible,153,145,0.055172,0.006,,,,"{""tried_cycle_times"": 9, ""n_groups"": 8, ""n_leaves"": 6}",
n20_os0.2_r3_uniform_08,n20_os0.2_r3_uniform,20,7,0.2158,3,uniform,hoffmann,euristica,feasible,101,100,0.01,0.005,,,,"{""tried_cycle_times"": 2, ""node_limit"": 20000, ""node_limit_hits"": 0, ""node_limit_hits_total"": 0}",
n20_os0.2_r3_uniform_08,n20_os0.2_r3_uniform,20,7,0.2158,3,uniform,gruppi,euristica,feasible,105,100,0.05,0.005,,,,"{""tried_cycle_times"": 6, ""n_groups"": 7, ""n_leaves"": 9}",
n20_os0.2_r3_uniform_09,n20_os0.2_r3_uniform,20,7,0.2,3,uniform,hoffmann,euristica,feasible,166,164,0.012195,0.007,,,,"{""tried_cycle_times"": 3, ""node_limit"": 20000, ""node_limit_hits"": 0, ""node_limit_hits_total"": 0}",
n20_os0.2_r3_uniform_09,n20_os0.2_r3_uniform,20,7,0.2,3,uniform,gruppi,euristica,feasible,172,164,0.04878,0.007,,,,"{""tried_cycle_times"": 9, ""n_groups"": 7, ""n_leaves"": 8}",
n20_os0.2_r3_uniform_10,n20_os0.2_r3_uniform,20,7,0.2105,3,uniform,hoffmann,euristica,feasible,160,154,0.038961,0.008,,,,"{""tried_cycle_times"": 7, ""node_limit"": 20000, ""node_limit_hits"": 0, ""node_limit_hits_total"": 0}",
n20_os0.2_r3_uniform_10,n20_os0.2_r3_uniform,20,7,0.2105,3,uniform,gruppi,euristica,feasible,170,154,0.103896,0.009,,,,"{""tried_cycle_times"": 17, ""n_groups"": 6, ""n_leaves"": 8}",
n20_os0.2_r3_uniform_11,n20_os0.2_r3_uniform,20,7,0.2105,3,uniform,hoffmann,euristica,feasible,129,124,0.040323,0.011,,,,"{""tried_cycle_times"": 6, ""node_limit"": 20000, ""node_limit_hits"": 0, ""node_limit_hits_total"": 0}",
n20_os0.2_r3_uniform_11,n20_os0.2_r3_uniform,20,7,0.2105,3,uniform,gruppi,euristica,feasible,131,124,0.056452,0.006,,,,"{""tried_cycle_times"": 8, ""n_groups"": 7, ""n_leaves"": 8}",
n20_os0.2_r3_uniform_12,n20_os0.2_r3_uniform,20,7,0.2105,3,uniform,hoffmann,euristica,optimal,117,117,0.0,0.003,,,,"{""tried_cycle_times"": 1, ""node_limit"": 20000, ""node_limit_hits"": 0, ""node_limit_hits_total"": 0}",
n20_os0.2_r3_uniform_12,n20_os0.2_r3_uniform,20,7,0.2105,3,uniform,gruppi,euristica,feasible,129,117,0.102564,0.007,,,,"{""tried_cycle_times"": 13, ""n_groups"": 7, ""n_leaves"": 8}",
n20_os0.2_r3_uniform_13,n20_os0.2_r3_uniform,20,7,0.2158,3,uniform,hoffmann,euristica,feasible,160,151,0.059603,0.017,,,,"{""tried_cycle_times"": 10, ""node_limit"": 20000, ""node_limit_hits"": 0, ""node_limit_hits_total"": 0}",
n20_os0.2_r3_uniform_13,n20_os0.2_r3_uniform,20,7,0.2158,3,uniform,gruppi,euristica,feasible,163,151,0.07947,0.009,,,,"{""tried_cycle_times"": 13, ""n_groups"": 7, ""n_leaves"": 8}",
n20_os0.2_r3_uniform_14,n20_os0.2_r3_uniform,20,7,0.2,3,uniform,hoffmann,euristica,feasible,144,142,0.014085,0.011,,,,"{""tried_cycle_times"": 3, ""node_limit"": 20000, ""node_limit_hits"": 0, ""node_limit_hits_total"": 0}",
n20_os0.2_r3_uniform_14,n20_os0.2_r3_uniform,20,7,0.2,3,uniform,gruppi,euristica,feasible,154,142,0.084507,0.006,,,,"{""tried_cycle_times"": 13, ""n_groups"": 6, ""n_leaves"": 9}",
n20_os0.2_r3_uniform_15,n20_os0.2_r3_uniform,20,7,0.2,3,uniform,hoffmann,euristica,feasible,186,177,0.050847,0.02,,,,"{""tried_cycle_times"": 10, ""node_limit"": 20000, ""node_limit_hits"": 0, ""node_limit_hits_total"": 0}",
n20_os0.2_r3_uniform_15,n20_os0.2_r3_uniform,20,7,0.2,3,uniform,gruppi,euristica,feasible,189,177,0.067797,0.006,,,,"{""tried_cycle_times"": 13, ""n_groups"": 8, ""n_leaves"": 7}",
n20_os0.2_r3_uniform_16,n20_os0.2_r3_uniform,20,7,0.2,3,uniform,hoffmann,euristica,feasible,173,170,0.017647,0.007,,,,"{""tried_cycle_times"": 4, ""node_limit"": 20000, ""node_limit_hits"": 0, ""node_limit_hits_total"": 0}",
n20_os0.2_r3_uniform_16,n20_os0.2_r3_uniform,20,7,0.2,3,uniform,gruppi,euristica,feasible,173,170,0.017647,0.003,,,,"{""tried_cycle_times"": 4, ""n_groups"": 10, ""n_leaves"": 6}",
n20_os0.2_r3_uniform_17,n20_os0.2_r3_uniform,20,7,0.2158,3,uniform,hoffmann,euristica,feasible,147,137,0.072993,0.014,,,,"{""tried_cycle_times"": 11, ""node_limit"": 20000, ""node_limit_hits"": 0, ""node_limit_hits_total"": 0}",
n20_os0.2_r3_uniform_17,n20_os0.2_r3_uniform,20,7,0.2158,3,uniform,gruppi,euristica,feasible,157,137,0.145985,0.007,,,,"{""tried_cycle_times"": 21, ""n_groups"": 9, ""n_leaves"": 5}",
n20_os0.2_r3_uniform_18,n20_os0.2_r3_uniform,20,7,0.2053,3,uniform,hoffmann,euristica,feasible,118,117,0.008547,0.004,,,,"{""tried_cycle_times"": 2, ""node_limit"": 20000, ""node_limit_hits"": 0, ""node_limit_hits_total"": 0}",
n20_os0.2_r3_uniform_18,n20_os0.2_r3_uniform,20,7,0.2053,3,uniform,gruppi,euristica,feasible,124,117,0.059829,0.005,,,,"{""tried_cycle_times"": 8, ""n_groups"": 6, ""n_leaves"": 9}",
n20_os0.2_r3_uniform_19,n20_os0.2_r3_uniform,20,7,0.2,3,uniform,hoffmann,euristica,feasible,173,168,0.029762,0.01,,,,"{""tried_cycle_times"": 6, ""node_limit"": 20000, ""node_limit_hits"": 0, ""node_limit_hits_total"": 0}",
n20_os0.2_r3_uniform_19,n20_os0.2_r3_uniform,20,7,0.2,3,uniform,gruppi,euristica,feasible,181,168,0.077381,0.006,,,,"{""tried_cycle_times"": 14, ""n_groups"": 6, ""n_leaves"": 8}",
n20_os0.2_r3_uniform_20,n20_os0.2_r3_uniform,20,7,0.2105,3,uniform,hoffmann,euristica,feasible,137,133,0.030075,0.009,,,,"{""tried_cycle_times"": 5, ""node_limit"": 20000, ""node_limit_hits"": 0, ""node_limit_hits_total"": 0}",
n20_os0.2_r3_uniform_20,n20_os0.2_r3_uniform,20,7,0.2105,3,uniform,gruppi,euristica,feasible,139,133,0.045113,0.005,,,,"{""tried_cycle_times"": 7, ""n_groups"": 5, ""n_leaves"": 9}",
n20_os0.2_r3_uniform_21,n20_os0.2_r3_uniform,20,7,0.2105,3,uniform,hoffmann,euristica,feasible,177,172,0.02907,0.008,,,,"{""tried_cycle_times"": 6, ""node_limit"": 20000, ""node_limit_hits"": 0, ""node_limit_hits_total"": 0}",
n20_os0.2_r3_uniform_21,n20_os0.2_r3_uniform,20,7,0.2105,3,uniform,gruppi,euristica,feasible,178,172,0.034884,0.005,,,,"{""tried_cycle_times"": 7, ""n_groups"": 8, ""n_leaves"": 6}",
n20_os0.2_r3_uniform_22,n20_os0.2_r3_uniform,20,7,0.2,3,uniform,hoffmann,euristica,feasible,135,131,0.030534,0.008,,,,"{""tried_cycle_times"": 5, ""node_limit"": 20000, ""node_limit_hits"": 0, ""node_limit_hits_total"": 0}",
n20_os0.2_r3_uniform_22,n20_os0.2_r3_uniform,20,7,0.2,3,uniform,gruppi,euristica,feasible,136,131,0.038168,0.006,,,,"{""tried_cycle_times"": 6, ""n_groups"": 5, ""n_leaves"": 11}",
n20_os0.2_r3_uniform_23,n20_os0.2_r3_uniform,20,7,0.2,3,uniform,hoffmann,euristica,feasible,128,127,0.007874,0.005,,,,"{""tried_cycle_times"": 2, ""node_limit"": 20000, ""node_limit_hits"": 0, ""node_limit_hits_total"": 0}",
n20_os0.2_r3_uniform_23,n20_os0.2_r3_uniform,20,7,0.2,3,uniform,gruppi,euristica,feasible,134,127,0.055118,0.007,,,,"{""tried_cycle_times"": 8, ""n_groups"": 9, ""n_leaves"": 6}",
n20_os0.2_r3_uniform_24,n20_os0.2_r3_uniform,20,7,0.2053,3,uniform,hoffmann,euristica,feasible,158,154,0.025974,0.015,,,,"{""tried_cycle_times"": 5, ""node_limit"": 20000, ""node_limit_hits"": 0, ""node_limit_hits_total"": 0}",
n20_os0.2_r3_uniform_24,n20_os0.2_r3_uniform,20,7,0.2053,3,uniform,gruppi,euristica,feasible,162,154,0.051948,0.005,,,,"{""tried_cycle_times"": 9, ""n_groups"": 7, ""n_leaves"": 7}",
n20_os0.2_r6_uniform_00,n20_os0.2_r6_uniform,20,3,0.2105,6,uniform,hoffmann,euristica,optimal,260,260,0.0,0.008,,,,"{""tried_cycle_times"": 1, ""node_limit"": 20000, ""node_limit_hits"": 0, ""node_limit_hits_total"": 0}",
n20_os0.2_r6_uniform_00,n20_os0.2_r6_uniform,20,3,0.2105,6,uniform,gruppi,euristica,feasible,261,260,0.003846,0.004,,,,"{""tried_cycle_times"": 2, ""n_groups"": 7, ""n_leaves"": 8}",
n20_os0.2_r6_uniform_01,n20_os0.2_r6_uniform,20,3,0.2053,6,uniform,hoffmann,euristica,optimal,373,373,0.0,0.002,,,,"{""tried_cycle_times"": 1, ""node_limit"": 20000, ""node_limit_hits"": 0, ""node_limit_hits_total"": 0}",
n20_os0.2_r6_uniform_01,n20_os0.2_r6_uniform,20,3,0.2053,6,uniform,gruppi,euristica,feasible,393,373,0.053619,0.006,,,,"{""tried_cycle_times"": 21, ""n_groups"": 8, ""n_leaves"": 6}",
n20_os0.2_r6_uniform_02,n20_os0.2_r6_uniform,20,3,0.2105,6,uniform,hoffmann,euristica,optimal,357,357,0.0,0.004,,,,"{""tried_cycle_times"": 1, ""node_limit"": 20000, ""node_limit_hits"": 0, ""node_limit_hits_total"": 0}",
n20_os0.2_r6_uniform_02,n20_os0.2_r6_uniform,20,3,0.2105,6,uniform,gruppi,euristica,feasible,369,357,0.033613,0.004,,,,"{""tried_cycle_times"": 13, ""n_groups"": 8, ""n_leaves"": 6}",
n20_os0.2_r6_uniform_03,n20_os0.2_r6_uniform,20,3,0.2,6,uniform,hoffmann,euristica,feasible,405,404,0.002475,0.01,,,,"{""tried_cycle_times"": 2, ""node_limit"": 20000, ""node_limit_hits"": 0, ""node_limit_hits_total"": 0}",
n20_os0.2_r6_uniform_03,n20_os0.2_r6_uniform,20,3,0.2,6,uniform,gruppi,euristica,feasible,414,404,0.024752,0.004,,,,"{""tried_cycle_times"": 11, ""n_groups"": 8, ""n_leaves"": 7}",
n20_os0.2_r6_uniform_04,n20_os0.2_r6_uniform,20,3,0.2,6,uniform,hoffmann,euristica,optimal,339,339,0.0,0.005,,,,"{""tried_cycle_times"": 1, ""node_limit"": 20000, ""node_limit_hits"": 0, ""node_limit_hits_total"": 0}",
n20_os0.2_r6_uniform_04,n20_os0.2_r6_uniform,20,3,0.2,6,uniform,gruppi,euristica,feasible,340,339,0.00295,0.002,,,,"{""tried_cycle_times"": 2, ""n_groups"": 6, ""n_leaves"": 9}",
n20_os0.2_r6_uniform_05,n20_os0.2_r6_uniform,20,3,0.2,6,uniform,hoffmann,euristica,optimal,372,372,0.0,0.005,,,,"{""tried_cycle_times"": 1, ""node_limit"": 20000, ""node_limit_hits"": 0, ""node_limit_hits_total"": 0}",
n20_os0.2_r6_uniform_05,n20_os0.2_r6_uniform,20,3,0.2,6,uniform,gruppi,euristica,feasible,378,372,0.016129,0.004,,,,"{""tried_cycle_times"": 7, ""n_groups"": 7, ""n_leaves"": 8}",
n20_os0.2_r6_uniform_06,n20_os0.2_r6_uniform,20,3,0.2,6,uniform,hoffmann,euristica,optimal,276,276,0.0,0.003,,,,"{""tried_cycle_times"": 1, ""node_limit"": 20000, ""node_limit_hits"": 0, ""node_limit_hits_total"": 0}",
n20_os0.2_r6_uniform_06,n20_os0.2_r6_uniform,20,3,0.2,6,uniform,gruppi,euristica,feasible,285,276,0.032609,0.004,,,,"{""tried_cycle_times"": 10, ""n_groups"": 6, ""n_leaves"": 9}",
n20_os0.2_r6_uniform_07,n20_os0.2_r6_uniform,20,3,0.2,6,uniform,hoffmann,euristica,optimal,307,307,0.0,0.006,,,,"{""tried_cycle_times"": 1, ""node_limit"": 20000, ""node_limit_hits"": 0, ""node_limit_hits_total"": 0}",
n20_os0.2_r6_uniform_07,n20_os0.2_r6_uniform,20,3,0.2,6,uniform,gruppi,euristica,feasible,313,307,0.019544,0.005,,,,"{""tried_cycle_times"": 7, ""n_groups"": 6, ""n_leaves"": 8}",
n20_os0.2_r6_uniform_08,n20_os0.2_r6_uniform,20,3,0.2105,6,uniform,hoffmann,euristica,optimal,230,230,0.0,0.005,,,,"{""tried_cycle_times"": 1, ""node_limit"": 20000, ""node_limit_hits"": 0, ""node_limit_hits_total"": 0}",
n20_os0.2_r6_uniform_08,n20_os0.2_r6_uniform,20,3,0.2105,6,uniform,gruppi,euristica,optimal,230,230,0.0,0.003,,,,"{""tried_cycle_times"": 1, ""n_groups"": 9, ""n_leaves"": 7}",
n20_os0.2_r6_uniform_09,n20_os0.2_r6_uniform,20,3,0.2053,6,uniform,hoffmann,euristica,feasible,418,417,0.002398,0.01,,,,"{""tried_cycle_times"": 2, ""node_limit"": 20000, ""node_limit_hits"": 0, ""node_limit_hits_total"": 0}",
n20_os0.2_r6_uniform_09,n20_os0.2_r6_uniform,20,3,0.2053,6,uniform,gruppi,euristica,feasible,432,417,0.035971,0.005,,,,"{""tried_cycle_times"": 16, ""n_groups"": 7, ""n_leaves"": 5}",
n20_os0.2_r6_uniform_10,n20_os0.2_r6_uniform,20,3,0.2,6,uniform,hoffmann,euristica,optimal,389,389,0.0,0.004,,,,"{""tried_cycle_times"": 1, ""node_limit"": 20000, ""node_limit_hits"": 0, ""node_limit_hits_total"": 0}",
n20_os0.2_r6_uniform_10,n20_os0.2_r6_uniform,20,3,0.2,6,uniform,gruppi,euristica,feasible,393,389,0.010283,0.004,,,,"{""tried_cycle_times"": 5, ""n_groups"": 8, ""n_leaves"": 6}",
n20_os0.2_r6_uniform_11,n20_os0.2_r6_uniform,20,3,0.2,6,uniform,hoffmann,euristica,optimal,398,398,0.0,0.004,,,,"{""tried_cycle_times"": 1, ""node_limit"": 20000, ""node_limit_hits"": 0, ""node_limit_hits_total"": 0}",
n20_os0.2_r6_uniform_11,n20_os0.2_r6_uniform,20,3,0.2,6,uniform,gruppi,euristica,feasible,410,398,0.030151,0.006,,,,"{""tried_cycle_times"": 13, ""n_groups"": 7, ""n_leaves"": 9}",
n20_os0.2_r6_uniform_12,n20_os0.2_r6_uniform,20,3,0.2,6,uniform,hoffmann,euristica,feasible,347,345,0.005797,0.013,,,,"{""tried_cycle_times"": 3, ""node_limit"": 20000, ""node_limit_hits"": 0, ""node_limit_hits_total"": 0}",
n20_os0.2_r6_uniform_12,n20_os0.2_r6_uniform,20,3,0.2,6,uniform,gruppi,euristica,feasible,349,345,0.011594,0.003,,,,"{""tried_cycle_times"": 5, ""n_groups"": 9, ""n_leaves"": 8}",
n20_os0.2_r6_uniform_13,n20_os0.2_r6_uniform,20,3,0.2053,6,uniform,hoffmann,euristica,optimal,308,308,0.0,0.002,,,,"{""tried_cycle_times"": 1, ""node_limit"": 20000, ""node_limit_hits"": 0, ""node_limit_hits_total"": 0}",
n20_os0.2_r6_uniform_13,n20_os0.2_r6_uniform,20,3,0.2053,6,uniform,gruppi,euristica,feasible,312,308,0.012987,0.003,,,,"{""tried_cycle_times"": 5, ""n_groups"": 8, ""n_leaves"": 7}",
n20_os0.2_r6_uniform_14,n20_os0.2_r6_uniform,20,3,0.2053,6,uniform,hoffmann,euristica,optimal,296,296,0.0,0.005,,,,"{""tried_cycle_times"": 1, ""node_limit"": 20000, ""node_limit_hits"": 0, ""node_limit_hits_total"": 0}",
n20_os0.2_r6_uniform_14,n20_os0.2_r6_uniform,20,3,0.2053,6,uniform,gruppi,euristica,feasible,297,296,0.003378,0.003,,,,"{""tried_cycle_times"": 2, ""n_groups"": 7, ""n_leaves"": 8}",
n20_os0.2_r6_uniform_15,n20_os0.2_r6_uniform,20,3,0.2053,6,uniform,hoffmann,euristica,feasible,445,444,0.002252,0.016,,,,"{""tried_cycle_times"": 2, ""node_limit"": 20000, ""node_limit_hits"": 0, ""node_limit_hits_total"": 0}",
n20_os0.2_r6_uniform_15,n20_os0.2_r6_uniform,20,3,0.2053,6,uniform,gruppi,euristica,feasible,447,444,0.006757,0.005,,,,"{""tried_cycle_times"": 4, ""n_groups"": 10, ""n_leaves"": 7}",
n20_os0.2_r6_uniform_16,n20_os0.2_r6_uniform,20,3,0.2,6,uniform,hoffmann,euristica,optimal,340,340,0.0,0.002,,,,"{""tried_cycle_times"": 1, ""node_limit"": 20000, ""node_limit_hits"": 0, ""node_limit_hits_total"": 0}",
n20_os0.2_r6_uniform_16,n20_os0.2_r6_uniform,20,3,0.2,6,uniform,gruppi,euristica,feasible,347,340,0.020588,0.004,,,,"{""tried_cycle_times"": 8, ""n_groups"": 7, ""n_leaves"": 9}",
n20_os0.2_r6_uniform_17,n20_os0.2_r6_uniform,20,3,0.2053,6,uniform,hoffmann,euristica,optimal,400,400,0.0,0.003,,,,"{""tried_cycle_times"": 1, ""node_limit"": 20000, ""node_limit_hits"": 0, ""node_limit_hits_total"": 0}",
n20_os0.2_r6_uniform_17,n20_os0.2_r6_uniform,20,3,0.2053,6,uniform,gruppi,euristica,feasible,405,400,0.0125,0.003,,,,"{""tried_cycle_times"": 6, ""n_groups"": 6, ""n_leaves"": 10}",
n20_os0.2_r6_uniform_18,n20_os0.2_r6_uniform,20,3,0.2,6,uniform,hoffmann,euristica,optimal,321,321,0.0,0.01,,,,"{""tried_cycle_times"": 1, ""node_limit"": 20000, ""node_limit_hits"": 0, ""node_limit_hits_total"": 0}",
n20_os0.2_r6_uniform_18,n20_os0.2_r6_uniform,20,3,0.2,6,uniform,gruppi,euristica,optimal,321,321,0.0,0.002,,,,"{""tried_cycle_times"": 1, ""n_groups"": 6, ""n_leaves"": 9}",
n20_os0.2_r6_uniform_19,n20_os0.2_r6_uniform,20,3,0.2,6,uniform,hoffmann,euristica,optimal,270,270,0.0,0.002,,,,"{""tried_cycle_times"": 1, ""node_limit"": 20000, ""node_limit_hits"": 0, ""node_limit_hits_total"": 0}",
n20_os0.2_r6_uniform_19,n20_os0.2_r6_uniform,20,3,0.2,6,uniform,gruppi,euristica,feasible,271,270,0.003704,0.003,,,,"{""tried_cycle_times"": 2, ""n_groups"": 10, ""n_leaves"": 5}",
n20_os0.2_r6_uniform_20,n20_os0.2_r6_uniform,20,3,0.2158,6,uniform,hoffmann,euristica,optimal,366,366,0.0,0.005,,,,"{""tried_cycle_times"": 1, ""node_limit"": 20000, ""node_limit_hits"": 0, ""node_limit_hits_total"": 0}",
n20_os0.2_r6_uniform_20,n20_os0.2_r6_uniform,20,3,0.2158,6,uniform,gruppi,euristica,feasible,381,366,0.040984,0.006,,,,"{""tried_cycle_times"": 16, ""n_groups"": 7, ""n_leaves"": 9}",
n20_os0.2_r6_uniform_21,n20_os0.2_r6_uniform,20,3,0.2105,6,uniform,hoffmann,euristica,optimal,342,342,0.0,0.005,,,,"{""tried_cycle_times"": 1, ""node_limit"": 20000, ""node_limit_hits"": 0, ""node_limit_hits_total"": 0}",
n20_os0.2_r6_uniform_21,n20_os0.2_r6_uniform,20,3,0.2105,6,uniform,gruppi,euristica,feasible,343,342,0.002924,0.004,,,,"{""tried_cycle_times"": 2, ""n_groups"": 5, ""n_leaves"": 8}",
n20_os0.2_r6_uniform_22,n20_os0.2_r6_uniform,20,3,0.2,6,uniform,hoffmann,euristica,optimal,319,319,0.0,0.005,,,,"{""tried_cycle_times"": 1, ""node_limit"": 20000, ""node_limit_hits"": 0, ""node_limit_hits_total"": 0}",
n20_os0.2_r6_uniform_22,n20_os0.2_r6_uniform,20,3,0.2,6,uniform,gruppi,euristica,feasible,322,319,0.009404,0.003,,,,"{""tried_cycle_times"": 4, ""n_groups"": 8, ""n_leaves"": 6}",
n20_os0.2_r6_uniform_23,n20_os0.2_r6_uniform,20,3,0.2053,6,uniform,hoffmann,euristica,optimal,320,320,0.0,0.004,,,,"{""tried_cycle_times"": 1, ""node_limit"": 20000, ""node_limit_hits"": 0, ""node_limit_hits_total"": 0}",
n20_os0.2_r6_uniform_23,n20_os0.2_r6_uniform,20,3,0.2053,6,uniform,gruppi,euristica,optimal,320,320,0.0,0.003,,,,"{""tried_cycle_times"": 1, ""n_groups"": 5, ""n_leaves"": 10}",
n20_os0.2_r6_uniform_24,n20_os0.2_r6_uniform,20,3,0.2,6,uniform,hoffmann,euristica,optimal,258,258,0.0,0.008,,,,"{""tried_cycle_times"": 1, ""node_limit"": 20000, ""node_limit_hits"": 0, ""node_limit_hits_total"": 0}",
n20_os0.2_r6_uniform_24,n20_os0.2_r6_uniform,20,3,0.2,6,uniform,gruppi,euristica,feasible,261,258,0.011628,0.004,,,,"{""tried_cycle_times"": 4, ""n_groups"": 6, ""n_leaves"": 8}",
n20_os0.2_r10_uniform_00,n20_os0.2_r10_uniform,20,2,0.2,10,uniform,hoffmann,euristica,optimal,534,534,0.0,0.006,,,,"{""tried_cycle_times"": 1, ""node_limit"": 20000, ""node_limit_hits"": 0, ""node_limit_hits_total"": 0}",
n20_os0.2_r10_uniform_00,n20_os0.2_r10_uniform,20,2,0.2,10,uniform,gruppi,euristica,feasible,538,534,0.007491,0.005,,,,"{""tried_cycle_times"": 5, ""n_groups"": 8, ""n_leaves"": 7}",
n20_os0.2_r10_uniform_01,n20_os0.2_r10_uniform,20,2,0.2053,10,uniform,hoffmann,euristica,optimal,609,609,0.0,0.003,,,,"{""tried_cycle_times"": 1, ""node_limit"": 20000, ""node_limit_hits"": 0, ""node_limit_hits_total"": 0}",
n20_os0.2_r10_uniform_01,n20_os0.2_r10_uniform,20,2,0.2053,10,uniform,gruppi,euristica,feasible,617,609,0.013136,0.004,,,,"{""tried_cycle_times"": 9, ""n_groups"": 8, ""n_leaves"": 8}",
n20_os0.2_r10_uniform_02,n20_os0.2_r10_uniform,20,2,0.2053,10,uniform,hoffmann,euristica,optimal,486,486,0.0,0.002,,,,"{""tried_cycle_times"": 1, ""node_limit"": 20000, ""node_limit_hits"": 0, ""node_limit_hits_total"": 0}",
n20_os0.2_r10_uniform_02,n20_os0.2_r10_uniform,20,2,0.2053,10,uniform,gruppi,euristica,feasible,489,486,0.006173,0.004,,,,"{""tried_cycle_times"": 4, ""n_groups"": 6, ""n_leaves"": 8}",
n20_os0.2_r10_uniform_03,n20_os0.2_r10_uniform,20,2,0.2,10,uniform,hoffmann,euristica,optimal,556,556,0.0,0.004,,,,"{""tried_cycle_times"": 1, ""node_limit"": 20000, ""node_limit_hits"": 0, ""node_limit_hits_total"": 0}",
n20_os0.2_r10_uniform_03,n20_os0.2_r10_uniform,20,2,0.2,10,uniform,gruppi,euristica,feasible,561,556,0.008993,0.005,,,,"{""tried_cycle_times"": 6, ""n_groups"": 6, ""n_leaves"": 9}",
n20_os0.2_r10_uniform_04,n20_os0.2_r10_uniform,20,2,0.2053,10,uniform,hoffmann,euristica,optimal,465,465,0.0,0.003,,,,"{""tried_cycle_times"": 1, ""node_limit"": 20000, ""node_limit_hits"": 0, ""node_limit_hits_total"": 0}",
n20_os0.2_r10_uniform_04,n20_os0.2_r10_uniform,20,2,0.2053,10,uniform,gruppi,euristica,optimal,465,465,0.0,0.002,,,,"{""tried_cycle_times"": 1, ""n_groups"": 9, ""n_leaves"": 5}",
n20_os0.2_r10_uniform_05,n20_os0.2_r10_uniform,20,2,0.2,10,uniform,hoffmann,euristica,optimal,339,339,0.0,0.006,,,,"{""tried_cycle_times"": 1, ""node_limit"": 20000, ""node_limit_hits"": 0, ""node_limit_hits_total"": 0}",
n20_os0.2_r10_uniform_05,n20_os0.2_r10_uniform,20,2,0.2,10,uniform,gruppi,euristica,feasible,346,339,0.020649,0.004,,,,"{""tried_cycle_times"": 8, ""n_groups"": 10, ""n_leaves"": 5}",
n20_os0.2_r10_uniform_06,n20_os0.2_r10_uniform,20,2,0.2053,10,uniform,hoffmann,euristica,optimal,430,430,0.0,0.003,,,,"{""tried_cycle_times"": 1, ""node_limit"": 20000, ""node_limit_hits"": 0, ""node_limit_hits_total"": 0}",
n20_os0.2_r10_uniform_06,n20_os0.2_r10_uniform,20,2,0.2053,10,uniform,gruppi,euristica,feasible,431,430,0.002326,0.002,,,,"{""tried_cycle_times"": 2, ""n_groups"": 8, ""n_leaves"": 7}",
n20_os0.2_r10_uniform_07,n20_os0.2_r10_uniform,20,2,0.2158,10,uniform,hoffmann,euristica,optimal,538,538,0.0,0.003,,,,"{""tried_cycle_times"": 1, ""node_limit"": 20000, ""node_limit_hits"": 0, ""node_limit_hits_total"": 0}",
n20_os0.2_r10_uniform_07,n20_os0.2_r10_uniform,20,2,0.2158,10,uniform,gruppi,euristica,feasible,544,538,0.011152,0.004,,,,"{""tried_cycle_times"": 7, ""n_groups"": 7, ""n_leaves"": 7}",
n20_os0.2_r10_uniform_08,n20_os0.2_r10_uniform,20,2,0.2053,10,uniform,hoffmann,euristica,optimal,510,510,0.0,0.003,,,,"{""tried_cycle_times"": 1, ""node_limit"": 20000, ""node_limit_hits"": 0, ""node_limit_hits_total"": 0}",
n20_os0.2_r10_uniform_08,n20_os0.2_r10_uniform,20,2,0.2053,10,uniform,gruppi,euristica,feasible,511,510,0.001961,0.003,,,,"{""tried_cycle_times"": 2, ""n_groups"": 10, ""n_leaves"": 7}",
n20_os0.2_r10_uniform_09,n20_os0.2_r10_uniform,20,2,0.2105,10,uniform,hoffmann,euristica,optimal,453,453,0.0,0.007,,,,"{""tried_cycle_times"": 1, ""node_limit"": 20000, ""node_limit_hits"": 0, ""node_limit_hits_total"": 0}",
n20_os0.2_r10_uniform_09,n20_os0.2_r10_uniform,20,2,0.2105,10,uniform,gruppi,euristica,feasible,459,453,0.013245,0.004,,,,"{""tried_cycle_times"": 7, ""n_groups"": 6, ""n_leaves"": 8}",
n20_os0.2_r10_uniform_10,n20_os0.2_r10_uniform,20,2,0.2,10,uniform,hoffmann,euristica,optimal,494,494,0.0,0.004,,,,"{""tried_cycle_times"": 1, ""node_limit"": 20000, ""node_limit_hits"": 0, ""node_limit_hits_total"": 0}",
n20_os0.2_r10_uniform_10,n20_os0.2_r10_uniform,20,2,0.2,10,uniform,gruppi,euristica,optimal,494,494,0.0,0.004,,,,"{""tried_cycle_times"": 1, ""n_groups"": 9, ""n_leaves"": 8}",
n20_os0.2_r10_uniform_11,n20_os0.2_r10_uniform,20,2,0.2,10,uniform,hoffmann,euristica,optimal,492,492,0.0,0.002,,,,"{""tried_cycle_times"": 1, ""node_limit"": 20000, ""node_limit_hits"": 0, ""node_limit_hits_total"": 0}",
n20_os0.2_r10_uniform_11,n20_os0.2_r10_uniform,20,2,0.2,10,uniform,gruppi,euristica,feasible,494,492,0.004065,0.003,,,,"{""tried_cycle_times"": 3, ""n_groups"": 9, ""n_leaves"": 6}",
n20_os0.2_r10_uniform_12,n20_os0.2_r10_uniform,20,2,0.2105,10,uniform,hoffmann,euristica,optimal,642,642,0.0,0.003,,,,"{""tried_cycle_times"": 1, ""node_limit"": 20000, ""node_limit_hits"": 0, ""node_limit_hits_total"": 0}",
n20_os0.2_r10_uniform_12,n20_os0.2_r10_uniform,20,2,0.2105,10,uniform,gruppi,euristica,feasible,656,642,0.021807,0.006,,,,"{""tried_cycle_times"": 15, ""n_groups"": 8, ""n_leaves"": 8}",
n20_os0.2_r10_uniform_13,n20_os0.2_r10_uniform,20,2,0.2105,10,uniform,hoffmann,euristica,optimal,552,552,0.0,0.004,,,,"{""tried_cycle_times"": 1, ""node_limit"": 20000, ""node_limit_hits"": 0, ""node_limit_hits_total"": 0}",
n20_os0.2_r10_uniform_13,n20_os0.2_r10_uniform,20,2,0.2105,10,uniform,gruppi,euristica,feasible,558,552,0.01087,0.003,,,,"{""tried_cycle_times"": 7, ""n_groups"": 6, ""n_leaves"": 10}",
n20_os0.2_r10_uniform_14,n20_os0.2_r10_uniform,20,2,0.2158,10,uniform,hoffmann,euristica,optimal,500,500,0.0,0.006,,,,"{""tried_cycle_times"": 1, ""node_limit"": 20000, ""node_limit_hits"": 0, ""node_limit_hits_total"": 0}",
n20_os0.2_r10_uniform_14,n20_os0.2_r10_uniform,20,2,0.2158,10,uniform,gruppi,euristica,feasible,506,500,0.012,0.004,,,,"{""tried_cycle_times"": 7, ""n_groups"": 8, ""n_leaves"": 8}",
n20_os0.2_r10_uniform_15,n20_os0.2_r10_uniform,20,2,0.2,10,uniform,hoffmann,euristica,optimal,598,598,0.0,0.007,,,,"{""tried_cycle_times"": 1, ""node_limit"": 20000, ""node_limit_hits"": 0, ""node_limit_hits_total"": 0}",
n20_os0.2_r10_uniform_15,n20_os0.2_r10_uniform,20,2,0.2,10,uniform,gruppi,euristica,optimal,598,598,0.0,0.006,,,,"{""tried_cycle_times"": 1, ""n_groups"": 9, ""n_leaves"": 6}",
n20_os0.2_r10_uniform_16,n20_os0.2_r10_uniform,20,2,0.2,10,uniform,hoffmann,euristica,optimal,575,575,0.0,0.009,,,,"{""tried_cycle_times"": 1, ""node_limit"": 20000, ""node_limit_hits"": 0, ""node_limit_hits_total"": 0}",
n20_os0.2_r10_uniform_16,n20_os0.2_r10_uniform,20,2,0.2,10,uniform,gruppi,euristica,optimal,575,575,0.0,0.004,,,,"{""tried_cycle_times"": 1, ""n_groups"": 7, ""n_leaves"": 8}",
n20_os0.2_r10_uniform_17,n20_os0.2_r10_uniform,20,2,0.2,10,uniform,hoffmann,euristica,optimal,536,536,0.0,0.008,,,,"{""tried_cycle_times"": 1, ""node_limit"": 20000, ""node_limit_hits"": 0, ""node_limit_hits_total"": 0}",
n20_os0.2_r10_uniform_17,n20_os0.2_r10_uniform,20,2,0.2,10,uniform,gruppi,euristica,feasible,546,536,0.018657,0.007,,,,"{""tried_cycle_times"": 11, ""n_groups"": 6, ""n_leaves"": 9}",
n20_os0.2_r10_uniform_18,n20_os0.2_r10_uniform,20,2,0.2,10,uniform,hoffmann,euristica,optimal,479,479,0.0,0.002,,,,"{""tried_cycle_times"": 1, ""node_limit"": 20000, ""node_limit_hits"": 0, ""node_limit_hits_total"": 0}",
n20_os0.2_r10_uniform_18,n20_os0.2_r10_uniform,20,2,0.2,10,uniform,gruppi,euristica,feasible,481,479,0.004175,0.003,,,,"{""tried_cycle_times"": 3, ""n_groups"": 9, ""n_leaves"": 7}",
n20_os0.2_r10_uniform_19,n20_os0.2_r10_uniform,20,2,0.2,10,uniform,hoffmann,euristica,optimal,551,551,0.0,0.007,,,,"{""tried_cycle_times"": 1, ""node_limit"": 20000, ""node_limit_hits"": 0, ""node_limit_hits_total"": 0}",
n20_os0.2_r10_uniform_19,n20_os0.2_r10_uniform,20,2,0.2,10,uniform,gruppi,euristica,feasible,554,551,0.005445,0.004,,,,"{""tried_cycle_times"": 4, ""n_groups"": 5, ""n_leaves"": 9}",
n20_os0.2_r10_uniform_20,n20_os0.2_r10_uniform,20,2,0.2105,10,uniform,hoffmann,euristica,optimal,385,385,0.0,0.004,,,,"{""tried_cycle_times"": 1, ""node_limit"": 20000, ""node_limit_hits"": 0, ""node_limit_hits_total"": 0}",
n20_os0.2_r10_uniform_20,n20_os0.2_r10_uniform,20,2,0.2105,10,uniform,gruppi,euristica,feasible,395,385,0.025974,0.004,,,,"{""tried_cycle_times"": 11, ""n_groups"": 5, ""n_leaves"": 9}",
n20_os0.2_r10_uniform_21,n20_os0.2_r10_uniform,20,2,0.2,10,uniform,hoffmann,euristica,optimal,573,573,0.0,0.004,,,,"{""tried_cycle_times"": 1, ""node_limit"": 20000, ""node_limit_hits"": 0, ""node_limit_hits_total"": 0}",
n20_os0.2_r10_uniform_21,n20_os0.2_r10_uniform,20,2,0.2,10,uniform,gruppi,euristica,feasible,577,573,0.006981,0.004,,,,"{""tried_cycle_times"": 5, ""n_groups"": 7, ""n_leaves"": 10}",
n20_os0.2_r10_uniform_22,n20_os0.2_r10_uniform,20,2,0.2,10,uniform,hoffmann,euristica,optimal,464,464,0.0,0.006,,,,"{""tried_cycle_times"": 1, ""node_limit"": 20000, ""node_limit_hits"": 0, ""node_limit_hits_total"": 0}",
n20_os0.2_r10_uniform_22,n20_os0.2_r10_uniform,20,2,0.2,10,uniform,gruppi,euristica,feasible,468,464,0.008621,0.003,,,,"{""tried_cycle_times"": 5, ""n_groups"": 5, ""n_leaves"": 9}",
n20_os0.2_r10_uniform_23,n20_os0.2_r10_uniform,20,2,0.2105,10,uniform,hoffmann,euristica,optimal,528,528,0.0,0.003,,,,"{""tried_cycle_times"": 1, ""node_limit"": 20000, ""node_limit_hits"": 0, ""node_limit_hits_total"": 0}",
n20_os0.2_r10_uniform_23,n20_os0.2_r10_uniform,20,2,0.2105,10,uniform,gruppi,euristica,feasible,529,528,0.001894,0.003,,,,"{""tried_cycle_times"": 2, ""n_groups"": 7, ""n_leaves"": 6}",
n20_os0.2_r10_uniform_24,n20_os0.2_r10_uniform,20,2,0.2,10,uniform,hoffmann,euristica,optimal,405,405,0.0,0.006,,,,"{""tried_cycle_times"": 1, ""node_limit"": 20000, ""node_limit_hits"": 0, ""node_limit_hits_total"": 0}",
n20_os0.2_r10_uniform_24,n20_os0.2_r10_uniform,20,2,0.2,10,uniform,gruppi,euristica,feasible,406,405,0.002469,0.002,,,,"{""tried_cycle_times"": 2, ""n_groups"": 7, ""n_leaves"": 6}",
n20_os0.6_r3_uniform_00,n20_os0.6_r3_uniform,20,7,0.6,3,uniform,hoffmann,euristica,feasible,181,174,0.04023,0.008,,,,"{""tried_cycle_times"": 8, ""node_limit"": 20000, ""node_limit_hits"": 0, ""node_limit_hits_total"": 0}",
n20_os0.6_r3_uniform_00,n20_os0.6_r3_uniform,20,7,0.6,3,uniform,gruppi,euristica,feasible,200,174,0.149425,0.01,,,,"{""tried_cycle_times"": 27, ""n_groups"": 9, ""n_leaves"": 2}",
n20_os0.6_r3_uniform_01,n20_os0.6_r3_uniform,20,7,0.6105,3,uniform,hoffmann,euristica,feasible,144,134,0.074627,0.009,,,,"{""tried_cycle_times"": 11, ""node_limit"": 20000, ""node_limit_hits"": 0, ""node_limit_hits_total"": 0}",
n20_os0.6_r3_uniform_01,n20_os0.6_r3_uniform,20,7,0.6105,3,uniform,gruppi,euristica,feasible,143,134,0.067164,0.007,,,,"{""tried_cycle_times"": 10, ""n_groups"": 7, ""n_leaves"": 3}",
n20_os0.6_r3_uniform_02,n20_os0.6_r3_uniform,20,7,0.6,3,uniform,hoffmann,euristica,feasible,142,135,0.051852,0.009,,,,"{""tried_cycle_times"": 8, ""node_limit"": 20000, ""node_limit_hits"": 0, ""node_limit_hits_total"": 0}",
n20_os0.6_r3_uniform_02,n20_os0.6_r3_uniform,20,7,0.6,3,uniform,gruppi,euristica,feasible,155,135,0.148148,0.008,,,,"{""tried_cycle_times"": 21, ""n_groups"": 8, ""n_leaves"": 2}",
n20_os0.6_r3_uniform_03,n20_os0.6_r3_uniform,20,7,0.6053,3,uniform,hoffmann,euristica,feasible,173,162,0.067901,0.009,,,,"{""tried_cycle_times"": 12, ""node_limit"": 20000, ""node_limit_hits"": 0, ""node_limit_hits_total"": 0}",
n20_os0.6_r3_uniform_03,n20_os0.6_r3_uniform,20,7,0.6053,3,uniform,gruppi,euristica,feasible,184,162,0.135802,0.009,,,,"{""tried_cycle_times"": 23, ""n_groups"": 7, ""n_leaves"": 5}",
n20_os0.6_r3_uniform_04,n20_os0.6_r3_uniform,20,7,0.6053,3,uniform,hoffmann,euristica,feasible,150,146,0.027397,0.006,,,,"{""tried_cycle_times"": 5, ""node_limit"": 20000, ""node_limit_hits"": 0, ""node_limit_hits_total"": 0}",
n20_os0.6_r3_uniform_04,n20_os0.6_r3_uniform,20,7,0.6053,3,uniform,gruppi,euristica,feasible,152,146,0.041096,0.005,,,,"{""tried_cycle_times"": 7, ""n_groups"": 8, ""n_leaves"": 2}",
n20_os0.6_r3_uniform_05,n20_os0.6_r3_uniform,20,7,0.6,3,uniform,hoffmann,euristica,feasible,113,110,0.027273,0.005,,,,"{""tried_cycle_times"": 4, ""node_limit"": 20000, ""node_limit_hits"": 0, ""node_limit_hits_total"": 0}",
n20_os0.6_r3_uniform_05,n20_os0.6_r3_uniform,20,7,0.6,3,uniform,gruppi,euristica,feasible,119,110,0.081818,0.005,,,,"{""tried_cycle_times"": 10, ""n_groups"": 7, ""n_leaves"": 2}",
n20_os0.6_r3_uniform_06,n20_os0.6_r3_uniform,20,7,0.6053,3,uniform,hoffmann,euristica,feasible,159,145,0.096552,0.011,,,,"{""tried_cycle_times"": 15, ""node_limit"": 20000, ""node_limit_hits"": 0, ""node_limit_hits_total"": 0}",
n20_os0.6_r3_uniform_06,n20_os0.6_r3_uniform,20,7,0.6053,3,uniform,gruppi,euristica,feasible,167,145,0.151724,0.009,,,,"{""tried_cycle_times"": 23, ""n_groups"": 8, ""n_leaves"": 4}",
n20_os0.6_r3_uniform_07,n20_os0.6_r3_uniform,20,7,0.6,3,uniform,hoffmann,euristica,feasible,134,131,0.022901,0.006,,,,"{""tried_cycle_times"": 4, ""node_limit"": 20000, ""node_limit_hits"": 0, ""node_limit_hits_total"": 0}",
n20_os0.6_r3_uniform_07,n20_os0.6_r3_uniform,20,7,0.6,3,uniform,gruppi,euristica,feasible,138,131,0.053435,0.005,,,,"{""tried_cycle_times"": 8, ""n_groups"": 8, ""n_leaves"": 5}",
n20_os0.6_r3_uniform_08,n20_os0.6_r3_uniform,20,7,0.6,3,uniform,hoffmann,euristica,feasible,150,147,0.020408,0.006,,,,"{""tried_cycle_times"": 4, ""node_limit"": 20000, ""node_limit_hits"": 0, ""node_limit_hits_total"": 0}",
n20_os0.6_r3_uniform_08,n20_os0.6_r3_uniform,20,7,0.6,3,uniform,gruppi,euristica,feasible,152,147,0.034014,0.005,,,,"{""tried_cycle_times"": 6, ""n_groups"": 8, ""n_leaves"": 6}",
n20_os0.6_r3_uniform_09,n20_os0.6_r3_uniform,20,7,0.6,3,uniform,hoffmann,euristica,feasible,116,109,0.06422,0.008,,,,"{""tried_cycle_times"": 8, ""node_limit"": 20000, ""node_limit_hits"": 0, ""node_limit_hits_total"": 0}",
n20_os0.6_r3_uniform_09,n20_os0.6_r3_uniform,20,7,0.6,3,uniform,gruppi,euristica,feasible,120,109,0.100917,0.006,,,,"{""tried_cycle_times"": 12, ""n_groups"": 7, ""n_leaves"": 3}",
n20_os0.6_r3_uniform_10,n20_os0.6_r3_uniform,20,7,0.6158,3,uniform,hoffmann,euristica,feasible,145,132,0.098485,0.012,,,,"{""tried_cycle_times"": 14, ""node_limit"": 20000, ""node_limit_hits"": 0, ""node_limit_hits_total"": 0}",
n20_os0.6_r3_uniform_10,n20_os0.6_r3_uniform,20,7,0.6158,3,uniform,gruppi,euristica,feasible,152,132,0.151515,0.008,,,,"{""tried_cycle_times"": 21, ""n_groups"": 8, ""n_leaves"": 3}",
n20_os0.6_r3_uniform_11,n20_os0.6_r3_uniform,20,7,0.6,3,uniform,hoffmann,euristica,feasible,181,170,0.064706,0.01,,,,"{""tried_cycle_times"": 12, ""node_limit"": 20000, ""node_limit_hits"": 0, ""node_limit_hits_total"": 0}",
n20_os0.6_r3_uniform_11,n20_os0.6_r3_uniform,20,7,0.6,3,uniform,gruppi,euristica,feasible,181,170,0.064706,0.006,,,,"{""tried_cycle_times"": 12, ""n_groups"": 9, ""n_leaves"": 3}",
n20_os0.6_r3_uniform_12,n20_os0.6_r3_uniform,20,7,0.6,3,uniform,hoffmann,euristica,feasible,144,135,0.066667,0.007,,,,"{""tried_cycle_times"": 10, ""node_limit"": 20000, ""node_limit_hits"": 0, ""node_limit_hits_total"": 0}",
n20_os0.6_r3_uniform_12,n20_os0.6_r3_uniform,20,7,0.6,3,uniform,gruppi,euristica,feasible,144,135,0.066667,0.006,,,,"{""tried_cycle_times"": 10, ""n_groups"": 7, ""n_leaves"": 6}",
n20_os0.6_r3_uniform_13,n20_os0.6_r3_uniform,20,7,0.6053,3,uniform,hoffmann,euristica,feasible,104,99,0.050505,0.006,,,,"{""tried_cycle_times"": 6, ""node_limit"": 20000, ""node_limit_hits"": 0, ""node_limit_hits_total"": 0}",
n20_os0.6_r3_uniform_13,n20_os0.6_r3_uniform,20,7,0.6053,3,uniform,gruppi,euristica,feasible,107,99,0.080808,0.005,,,,"{""tried_cycle_times"": 9, ""n_groups"": 6, ""n_leaves"": 5}",
n20_os0.6_r3_uniform_14,n20_os0.6_r3_uniform,20,7,0.6105,3,uniform,hoffmann,euristica,feasible,167,158,0.056962,0.011,,,,"{""tried_cycle_times"": 10, ""node_limit"": 20000, ""node_limit_hits"": 0, ""node_limit_hits_total"": 0}",
n20_os0.6_r3_uniform_14,n20_os0.6_r3_uniform,20,7,0.6105,3,uniform,gruppi,euristica,feasible,169,158,0.06962,0.007,,,,"{""tried_cycle_times"": 12, ""n_groups"": 8, ""n_leaves"": 3}",
n20_os0.6_r3_uniform_15,n20_os0.6_r3_uniform,20,7,0.6105,3,uniform,hoffmann,euristica,feasible,168,149,0.127517,0.016,,,,"{""tried_cycle_times"": 20, ""node_limit"": 20000, ""node_limit_hits"": 0, ""node_limit_hits_total"": 0}",
n20_os0.6_r3_uniform_15,n20_os0.6_r3_uniform,20,7,0.6105,3,uniform,gruppi,euristica,feasible,169,149,0.134228,0.008,,,,"{""tried_cycle_times"": 21, ""n_groups"": 6, ""n_leaves"": 4}",
n20_os0.6_r3_uniform_16,n20_os0.6_r3_uniform,20,7,0.6,3,uniform,hoffmann,euristica,feasible,155,147,0.054422,0.007,,,,"{""tried_cycle_times"": 9, ""node_limit"": 20000, ""node_limit_hits"": 0, ""node_limit_hits_total"": 0}",
n20_os0.6_r3_uniform_16,n20_os0.6_r3_uniform,20,7,0.6,3,uniform,gruppi,euristica,feasible,155,147,0.054422,0.005,,,,"{""tried_cycle_times"": 9, ""n_groups"": 6, ""n_leaves"": 3}",
n20_os0.6_r3_uniform_17,n20_os0.6_r3_uniform,20,7,0.6158,3,uniform,hoffmann,euristica,feasible,144,138,0.043478,0.009,,,,"{""tried_cycle_times"": 7, ""node_limit"": 20000, ""node_limit_hits"": 0, ""node_limit_hits_total"": 0}",
n20_os0.6_r3_uniform_17,n20_os0.6_r3_uniform,20,7,0.6158,3,uniform,gruppi,euristica,feasible,150,138,0.086957,0.007,,,,"{""tried_cycle_times"": 13, ""n_groups"": 10, ""n_leaves"": 2}",
n20_os0.6_r3_uniform_18,n20_os0.6_r3_uniform,20,7,0.6,3,uniform,hoffmann,euristica,feasible,171,155,0.103226,0.012,,,,"{""tried_cycle_times"": 17, ""node_limit"": 20000, ""node_limit_hits"": 0, ""node_limit_hits_total"": 0}",
n20_os0.6_r3_uniform_18,n20_os0.6_r3_uniform,20,7,0.6,3,uniform,gruppi,euristica,feasible,188,155,0.212903,0.011,,,,"{""tried_cycle_times"": 34, ""n_groups"": 7, ""n_leaves"": 2}",
n20_os0.6_r3_uniform_19,n20_os0.6_r3_uniform,20,7,0.6105,3,uniform,hoffmann,euristica,feasible,130,121,0.07438,0.01,,,,"{""tried_cycle_times"": 10, ""node_limit"": 20000, ""node_limit_hits"": 0, ""node_limit_hits_total"": 0}",
n20_os0.6_r3_uniform_19,n20_os0.6_r3_uniform,20,7,0.6105,3,uniform,gruppi,euristica,feasible,137,121,0.132231,0.007,,,,"{""tried_cycle_times"": 17, ""n_groups"": 5, ""n_leaves"": 4}",
n20_os0.6_r3_uniform_20,n20_os0.6_r3_uniform,20,7,0.6053,3,uniform,hoffmann,euristica,feasible,135,130,0.038462,0.006,,,,"{""tried_cycle_times"": 6, ""node_limit"": 20000, ""node_limit_hits"": 0, ""node_limit_hits_total"": 0}",
n20_os0.6_r3_uniform_20,n20_os0.6_r3_uniform,20,7,0.6053,3,uniform,gruppi,euristica,feasible,145,130,0.115385,0.008,,,,"{""tried_cycle_times"": 16, ""n_groups"": 9, ""n_leaves"": 3}",
n20_os0.6_r3_uniform_21,n20_os0.6_r3_uniform,20,7,0.6158,3,uniform,hoffmann,euristica,feasible,145,138,0.050725,0.008,,,,"{""tried_cycle_times"": 8, ""node_limit"": 20000, ""node_limit_hits"": 0, ""node_limit_hits_total"": 0}",
n20_os0.6_r3_uniform_21,n20_os0.6_r3_uniform,20,7,0.6158,3,uniform,gruppi,euristica,feasible,163,138,0.181159,0.012,,,,"{""tried_cycle_times"": 26, ""n_groups"": 9, ""n_leaves"": 3}",
n20_os0.6_r3_uniform_22,n20_os0.6_r3_uniform,20,7,0.6,3,uniform,hoffmann,euristica,feasible,149,130,0.146154,0.016,,,,"{""tried_cycle_times"": 20, ""node_limit"": 20000, ""node_limit_hits"": 0, ""node_limit_hits_total"": 0}",
n20_os0.6_r3_uniform_22,n20_os0.6_r3_uniform,20,7,0.6,3,uniform,gruppi,euristica,feasible,149,130,0.146154,0.009,,,,"{""tried_cycle_times"": 20, ""n_groups"": 9, ""n_leaves"": 3}",
n20_os0.6_r3_uniform_23,n20_os0.6_r3_uniform,20,7,0.6158,3,uniform,hoffmann,euristica,feasible,169,162,0.04321,0.007,,,,"{""tried_cycle_times"": 8, ""node_limit"": 20000, ""node_limit_hits"": 0, ""node_limit_hits_total"": 0}",
n20_os0.6_r3_uniform_23,n20_os0.6_r3_uniform,20,7,0.6158,3,uniform,gruppi,euristica,feasible,174,162,0.074074,0.008,,,,"{""tried_cycle_times"": 13, ""n_groups"": 5, ""n_leaves"": 5}",
n20_os0.6_r3_uniform_24,n20_os0.6_r3_uniform,20,7,0.6053,3,uniform,hoffmann,euristica,feasible,171,163,0.04908,0.008,,,,"{""tried_cycle_times"": 9, ""node_limit"": 20000, ""node_limit_hits"": 0, ""node_limit_hits_total"": 0}",
n20_os0.6_r3_uniform_24,n20_os0.6_r3_uniform,20,7,0.6053,3,uniform,gruppi,euristica,feasible,182,163,0.116564,0.009,,,,"{""tried_cycle_times"": 20, ""n_groups"": 9, ""n_leaves"": 4}",
n20_os0.6_r6_uniform_00,n20_os0.6_r6_uniform,20,3,0.6158,6,uniform,hoffmann,euristica,feasible,333,326,0.021472,0.014,,,,"{""tried_cycle_times"": 8, ""node_limit"": 20000, ""node_limit_hits"": 0, ""node_limit_hits_total"": 0}",
n20_os0.6_r6_uniform_00,n20_os0.6_r6_uniform,20,3,0.6158,6,uniform,gruppi,euristica,feasible,333,326,0.021472,0.005,,,,"{""tried_cycle_times"": 8, ""n_groups"": 7, ""n_leaves"": 4}",
n20_os0.6_r6_uniform_01,n20_os0.6_r6_uniform,20,3,0.6105,6,uniform,hoffmann,euristica,feasible,318,317,0.003155,0.006,,,,"{""tried_cycle_times"": 2, ""node_limit"": 20000, ""node_limit_hits"": 0, ""node_limit_hits_total"": 0}",
n20_os0.6_r6_uniform_01,n20_os0.6_r6_uniform,20,3,0.6105,6,uniform,gruppi,euristica,feasible,359,317,0.132492,0.011,,,,"{""tried_cycle_times"": 43, ""n_groups"": 7, ""n_leaves"": 5}",
n20_os0.6_r6_uniform_02,n20_os0.6_r6_uniform,20,3,0.6,6,uniform,hoffmann,euristica,feasible,279,275,0.014545,0.01,,,,"{""tried_cycle_times"": 5, ""node_limit"": 20000, ""node_limit_hits"": 0, ""node_limit_hits_total"": 0}",
n20_os0.6_r6_uniform_02,n20_os0.6_r6_uniform,20,3,0.6,6,uniform,gruppi,euristica,feasible,284,275,0.032727,0.006,,,,"{""tried_cycle_times"": 10, ""n_groups"": 8, ""n_leaves"": 3}",
n20_os0.6_r6_uniform_03,n20_os0.6_r6_uniform,20,3,0.6105,6,uniform,hoffmann,euristica,feasible,252,251,0.003984,0.008,,,,"{""tried_cycle_times"": 2, ""node_limit"": 20000, ""node_limit_hits"": 0, ""node_limit_hits_total"": 0}",
n20_os0.6_r6_uniform_03,n20_os0.6_r6_uniform,20,3,0.6105,6,uniform,gruppi,euristica,feasible,264,251,0.051793,0.007,,,,"{""tried_cycle_times"": 14, ""n_groups"": 7, ""n_leaves"": 5}",
n20_os0.6_r6_uniform_04,n20_os0.6_r6_uniform,20,3,0.6158,6,uniform,hoffmann,euristica,feasible,352,350,0.005714,0.005,,,,"{""tried_cycle_times"": 3, ""node_limit"": 20000, ""node_limit_hits"": 0, ""node_limit_hits_total"": 0}",
n20_os0.6_r6_uniform_04,n20_os0.6_r6_uniform,20,3,0.6158,6,uniform,gruppi,euristica,feasible,357,350,0.02,0.007,,,,"{""tried_cycle_times"": 8, ""n_groups"": 8, ""n_leaves"": 5}",
n20_os0.6_r6_uniform_05,n20_os0.6_r6_uniform,20,3,0.6053,6,uniform,hoffmann,euristica,optimal,277,277,0.0,0.005,,,,"{""tried_cycle_times"": 1, ""node_limit"": 20000, ""node_limit_hits"": 0, ""node_limit_hits_total"": 0}",
n20_os0.6_r6_uniform_05,n20_os0.6_r6_uniform,20,3,0.6053,6,uniform,gruppi,euristica,feasible,281,277,0.01444,0.005,,,,"{""tried_cycle_times"": 5, ""n_groups"": 8, ""n_leaves"": 4}",
n20_os0.6_r6_uniform_06,n20_os0.6_r6_uniform,20,3,0.6,6,uniform,hoffmann,euristica,optimal,302,302,0.0,0.004,,,,"{""tried_cycle_times"": 1, ""node_limit"": 20000, ""node_limit_hits"": 0, ""node_limit_hits_total"": 0}",
n20_os0.6_r6_uniform_06,n20_os0.6_r6_uniform,20,3,0.6,6,uniform,gruppi,euristica,feasible,312,302,0.033113,0.006,,,,"{""tried_cycle_times"": 11, ""n_groups"": 6, ""n_leaves"": 5}",
n20_os0.6_r6_uniform_07,n20_os0.6_r6_uniform,20,3,0.6158,6,uniform,hoffmann,euristica,optimal,284,284,0.0,0.004,,,,"{""tried_cycle_times"": 1, ""node_limit"": 20000, ""node_limit_hits"": 0, ""node_limit_hits_total"": 0}",
n20_os0.6_r6_uniform_07,n20_os0.6_r6_uniform,20,3,0.6158,6,uniform,gruppi,euristica,feasible,285,284,0.003521,0.004,,,,"{""tried_cycle_times"": 2, ""n_groups"": 7, ""n_leaves"": 3}",
n20_os0.6_r6_uniform_08,n20_os0.6_r6_uniform,20,3,0.6,6,uniform,hoffmann,euristica,optimal,340,340,0.0,0.004,,,,"{""tried_cycle_times"": 1, ""node_limit"": 20000, ""node_limit_hits"": 0, ""node_limit_hits_total"": 0}",
n20_os0.6_r6_uniform_08,n20_os0.6_r6_uniform,20,3,0.6,6,uniform,gruppi,euristica,feasible,341,340,0.002941,0.004,,,,"{""tried_cycle_times"": 2, ""n_groups"": 8, ""n_leaves"": 3}",
n20_os0.6_r6_uniform_09,n20_os0.6_r6_uniform,20,3,0.6,6,uniform,hoffmann,euristica,feasible,328,322,0.018634,0.019,,,,"{""tried_cycle_times"": 7, ""node_limit"": 20000, ""node_limit_hits"": 0, ""node_limit_hits_total"": 0}",
n20_os0.6_r6_uniform_09,n20_os0.6_r6_uniform,20,3,0.6,6,uniform,gruppi,euristica,feasible,329,322,0.021739,0.005,,,,"{""tried_cycle_times"": 8, ""n_groups"": 9, ""n_leaves"": 2}",
n20_os0.6_r6_uniform_10,n20_os0.6_r6_uniform,20,3,0.6,6,uniform,hoffmann,euristica,feasible,349,339,0.029499,0.016,,,,"{""tried_cycle_times"": 11, ""node_limit"": 20000, ""node_limit_hits"": 0, ""node_limit_hits_total"": 0}",
n20_os0.6_r6_uniform_10,n20_os0.6_r6_uniform,20,3,0.6,6,uniform,gruppi,euristica,feasible,363,339,0.070796,0.008,,,,"{""tried_cycle_times"": 25, ""n_groups"": 9, ""n_leaves"": 3}",
n20_os0.6_r6_uniform_11,n20_os0.6_r6_uniform,20,3,0.6158,6,uniform,hoffmann,euristica,feasible,307,306,0.003268,0.007,,,,"{""tried_cycle_times"": 2, ""node_limit"": 20000, ""node_limit_hits"": 0, ""node_limit_hits_total"": 0}",
n20_os0.6_r6_uniform_11,n20_os0.6_r6_uniform,20,3,0.6158,6,uniform,gruppi,euristica,feasible,330,306,0.078431,0.008,,,,"{""tried_cycle_times"": 25, ""n_groups"": 7, ""n_leaves"": 6}",
n20_os0.6_r6_uniform_12,n20_os0.6_r6_uniform,20,3,0.6158,6,uniform,hoffmann,euristica,optimal,413,413,0.0,0.005,,,,"{""tried_cycle_times"": 1, ""node_limit"": 20000, ""node_limit_hits"": 0, ""node_limit_hits_total"": 0}",
n20_os0.6_r6_uniform_12,n20_os0.6_r6_uniform,20,3,0.6158,6,uniform,gruppi,euristica,feasible,421,413,0.01937,0.005,,,,"{""tried_cycle_times"": 9, ""n_groups"": 8, ""n_leaves"": 5}",
n20_os0.6_r6_uniform_13,n20_os0.6_r6_uniform,20,3,0.6,6,uniform,hoffmann,euristica,feasible,360,358,0.005587,0.005,,,,"{""tried_cycle_times"": 3, ""node_limit"": 20000, ""node_limit_hits"": 0, ""node_limit_hits_total"": 0}",
n20_os0.6_r6_uniform_13,n20_os0.6_r6_uniform,20,3,0.6,6,uniform,gruppi,euristica,feasible,361,358,0.00838,0.006,,,,"{""tried_cycle_times"": 4, ""n_groups"": 7, ""n_leaves"": 5}",
n20_os0.6_r6_uniform_14,n20_os0.6_r6_uniform,20,3,0.6,6,uniform,hoffmann,euristica,feasible,342,340,0.005882,0.007,,,,"{""tried_cycle_times"": 3, ""node_limit"": 20000, ""node_limit_hits"": 0, ""node_limit_hits_total"": 0}",
n20_os0.6_r6_uniform_14,n20_os0.6_r6_uniform,20,3,0.6,6,uniform,gruppi,euristica,feasible,352,340,0.035294,0.006,,,,"{""tried_cycle_times"": 13, ""n_groups"": 7, ""n_leaves"": 6}",
n20_os0.6_r6_uniform_15,n20_os0.6_r6_uniform,20,3,0.6105,6,uniform,hoffmann,euristica,feasible,281,280,0.003571,0.004,,,,"{""tried_cycle_times"": 2, ""node_limit"": 20000, ""node_limit_hits"": 0, ""node_limit_hits_total"": 0}",
n20_os0.6_r6_uniform_15,n20_os0.6_r6_uniform,20,3,0.6105,6,uniform,gruppi,euristica,feasible,284,280,0.014286,0.005,,,,"{""tried_cycle_times"": 5, ""n_groups"": 7, ""n_leaves"": 4}",
n20_os0.6_r6_uniform_16,n20_os0.6_r6_uniform,20,3,0.6,6,uniform,hoffmann,euristica,feasible,290,288,0.006944,0.01,,,,"{""tried_cycle_times"": 3, ""node_limit"": 20000, ""node_limit_hits"": 0, ""node_limit_hits_total"": 0}",
n20_os0.6_r6_uniform_16,n20_os0.6_r6_uniform,20,3,0.6,6,uniform,gruppi,euristica,feasible,307,288,0.065972,0.007,,,,"{""tried_cycle_times"": 20, ""n_groups"": 7, ""n_leaves"": 5}",
n20_os0.6_r6_uniform_17,n20_os0.6_r6_uniform,20,3,0.6,6,uniform,hoffmann,euristica,feasible,273,271,0.00738,0.007,,,,"{""tried_cycle_times"": 3, ""node_limit"": 20000, ""node_limit_hits"": 0, ""node_limit_hits_total"": 0}",
n20_os0.6_r6_uniform_17,n20_os0.6_r6_uniform,20,3,0.6,6,uniform,gruppi,euristica,feasible,281,271,0.0369,0.006,,,,"{""tried_cycle_times"": 11, ""n_groups"": 8, ""n_leaves"": 3}",
n20_os0.6_r6_uniform_18,n20_os0.6_r6_uniform,20,3,0.6,6,uniform,hoffmann,euristica,optimal,376,376,0.0,0.006,,,,"{""tried_cycle_times"": 1, ""node_limit"": 20000, ""node_limit_hits"": 0, ""node_limit_hits_total"": 0}",
n20_os0.6_r6_uniform_18,n20_os0.6_r6_uniform,20,3,0.6,6,uniform,gruppi,euristica,feasible,388,376,0.031915,0.007,,,,"{""tried_cycle_times"": 13, ""n_groups"": 7, ""n_leaves"": 4}",
n20_os0.6_r6_uniform_19,n20_os0.6_r6_uniform,20,3,0.6105,6,uniform,hoffmann,euristica,feasible,406,400,0.015,0.014,,,,"{""tried_cycle_times"": 7, ""node_limit"": 20000, ""node_limit_hits"": 0, ""node_limit_hits_total"": 0}",
n20_os0.6_r6_uniform_19,n20_os0.6_r6_uniform,20,3,0.6105,6,uniform,gruppi,euristica,feasible,432,400,0.08,0.008,,,,"{""tried_cycle_times"": 33, ""n_groups"": 7, ""n_leaves"": 4}",
n20_os0.6_r6_uniform_20,n20_os0.6_r6_uniform,20,3,0.6,6,uniform,hoffmann,euristica,feasible,388,386,0.005181,0.011,,,,"{""tried_cycle_times"": 3, ""node_limit"": 20000, ""node_limit_hits"": 0, ""node_limit_hits_total"": 0}",
n20_os0.6_r6_uniform_20,n20_os0.6_r6_uniform,20,3,0.6,6,uniform,gruppi,euristica,feasible,400,386,0.036269,0.01,,,,"{""tried_cycle_times"": 15, ""n_groups"": 9, ""n_leaves"": 3}",
n20_os0.6_r6_uniform_21,n20_os0.6_r6_uniform,20,3,0.6,6,uniform,hoffmann,euristica,feasible,361,359,0.005571,0.006,,,,"{""tried_cycle_times"": 3, ""node_limit"": 20000, ""node_limit_hits"": 0, ""node_limit_hits_total"": 0}",
n20_os0.6_r6_uniform_21,n20_os0.6_r6_uniform,20,3,0.6,6,uniform,gruppi,euristica,feasible,365,359,0.016713,0.005,,,,"{""tried_cycle_times"": 7, ""n_groups"": 8, ""n_leaves"": 4}",
n20_os0.6_r6_uniform_22,n20_os0.6_r6_uniform,20,3,0.6105,6,uniform,hoffmann,euristica,feasible,327,324,0.009259,0.008,,,,"{""tried_cycle_times"": 4, ""node_limit"": 20000, ""node_limit_hits"": 0, ""node_limit_hits_total"": 0}",
n20_os0.6_r6_uniform_22,n20_os0.6_r6_uniform,20,3,0.6105,6,uniform,gruppi,euristica,feasible,349,324,0.07716,0.008,,,,"{""tried_cycle_times"": 26, ""n_groups"": 5, ""n_leaves"": 5}",
n20_os0.6_r6_uniform_23,n20_os0.6_r6_uniform,20,3,0.6,6,uniform,hoffmann,euristica,optimal,372,372,0.0,0.003,,,,"{""tried_cycle_times"": 1, ""node_limit"": 20000, ""node_limit_hits"": 0, ""node_limit_hits_total"": 0}",
n20_os0.6_r6_uniform_23,n20_os0.6_r6_uniform,20,3,0.6,6,uniform,gruppi,euristica,feasible,390,372,0.048387,0.007,,,,"{""tried_cycle_times"": 19, ""n_groups"": 8, ""n_leaves"": 4}",
n20_os0.6_r6_uniform_24,n20_os0.6_r6_uniform,20,3,0.6158,6,uniform,hoffmann,euristica,feasible,382,381,0.002625,0.006,,,,"{""tried_cycle_times"": 2, ""node_limit"": 20000, ""node_limit_hits"": 0, ""node_limit_hits_total"": 0}",
n20_os0.6_r6_uniform_24,n20_os0.6_r6_uniform,20,3,0.6158,6,uniform,gruppi,euristica,feasible,389,381,0.020997,0.005,,,,"{""tried_cycle_times"": 9, ""n_groups"": 7, ""n_leaves"": 5}",
n20_os0.6_r10_uniform_00,n20_os0.6_r10_uniform,20,2,0.6053,10,uniform,hoffmann,euristica,feasible,484,483,0.00207,0.006,,,,"{""tried_cycle_times"": 2, ""node_limit"": 20000, ""node_limit_hits"": 0, ""node_limit_hits_total"": 0}",
n20_os0.6_r10_uniform_00,n20_os0.6_r10_uniform,20,2,0.6053,10,uniform,gruppi,euristica,feasible,517,483,0.070393,0.009,,,,"{""tried_cycle_times"": 35, ""n_groups"": 8, ""n_leaves"": 4}",
n20_os0.6_r10_uniform_01,n20_os0.6_r10_uniform,20,2,0.6,10,uniform,hoffmann,euristica,optimal,456,456,0.0,0.006,,,,"{""tried_cycle_times"": 1, ""node_limit"": 20000, ""node_limit_hits"": 0, ""node_limit_hits_total"": 0}",
n20_os0.6_r10_uniform_01,n20_os0.6_r10_uniform,20,2,0.6,10,uniform,gruppi,euristica,feasible,499,456,0.094298,0.008,,,,"{""tried_cycle_times"": 44, ""n_groups"": 8, ""n_leaves"": 2}",
n20_os0.6_r10_uniform_02,n20_os0.6_r10_uniform,20,2,0.6053,10,uniform,hoffmann,euristica,feasible,556,553,0.005425,0.009,,,,"{""tried_cycle_times"": 4, ""node_limit"": 20000, ""node_limit_hits"": 0, ""node_limit_hits_total"": 0}",
n20_os0.6_r10_uniform_02,n20_os0.6_r10_uniform,20,2,0.6053,10,uniform,gruppi,euristica,feasible,557,553,0.007233,0.004,,,,"{""tried_cycle_times"": 5, ""n_groups"": 6, ""n_leaves"": 4}",
n20_os0.6_r10_uniform_03,n20_os0.6_r10_uniform,20,2,0.6053,10,uniform,hoffmann,euristica,feasible,536,534,0.003745,0.012,,,,"{""tried_cycle_times"": 3, ""node_limit"": 20000, ""node_limit_hits"": 0, ""node_limit_hits_total"": 0}",
n20_os0.6_r10_uniform_03,n20_os0.6_r10_uniform,20,2,0.6053,10,uniform,gruppi,euristica,feasible,547,534,0.024345,0.006,,,,"{""tried_cycle_times"": 14, ""n_groups"": 7, ""n_leaves"": 5}",
n20_os0.6_r10_uniform_04,n20_os0.6_r10_uniform,20,2,0.6,10,uniform,hoffmann,euristica,feasible,613,612,0.001634,0.008,,,,"{""tried_cycle_times"": 2, ""node_limit"": 20000, ""node_limit_hits"": 0, ""node_limit_hits_total"": 0}",
n20_os0.6_r10_uniform_04,n20_os0.6_r10_uniform,20,2,0.6,10,uniform,gruppi,euristica,feasible,613,612,0.001634,0.006,,,,"{""tried_cycle_times"": 2, ""n_groups"": 8, ""n_leaves"": 5}",
n20_os0.6_r10_uniform_05,n20_os0.6_r10_uniform,20,2,0.6,10,uniform,hoffmann,euristica,optimal,506,506,0.0,0.004,,,,"{""tried_cycle_times"": 1, ""node_limit"": 20000, ""node_limit_hits"": 0, ""node_limit_hits_total"": 0}",
n20_os0.6_r10_uniform_05,n20_os0.6_r10_uniform,20,2,0.6,10,uniform,gruppi,euristica,feasible,516,506,0.019763,0.005,,,,"{""tried_cycle_times"": 11, ""n_groups"": 7, ""n_leaves"": 3}",
n20_os0.6_r10_uniform_06,n20_os0.6_r10_uniform,20,2,0.6,10,uniform,hoffmann,euristica,optimal,478,478,0.0,0.006,,,,"{""tried_cycle_times"": 1, ""node_limit"": 20000, ""node_limit_hits"": 0, ""node_limit_hits_total"": 0}",
n20_os0.6_r10_uniform_06,n20_os0.6_r10_uniform,20,2,0.6,10,uniform,gruppi,euristica,feasible,484,478,0.012552,0.004,,,,"{""tried_cycle_times"": 7, ""n_groups"": 8, ""n_leaves"": 4}",
n20_os0.6_r10_uniform_07,n20_os0.6_r10_uniform,20,2,0.6053,10,uniform,hoffmann,euristica,feasible,481,480,0.002083,0.009,,,,"{""tried_cycle_times"": 2, ""node_limit"": 20000, ""node_limit_hits"": 0, ""node_limit_hits_total"": 0}",
n20_os0.6_r10_uniform_07,n20_os0.6_r10_uniform,20,2,0.6053,10,uniform,gruppi,euristica,feasible,483,480,0.00625,0.004,,,,"{""tried_cycle_times"": 4, ""n_groups"": 5, ""n_leaves"": 6}",
n20_os0.6_r10_uniform_08,n20_os0.6_r10_uniform,20,2,0.6158,10,uniform,hoffmann,euristica,feasible,532,527,0.009488,0.012,,,,"{""tried_cycle_times"": 6, ""node_limit"": 20000, ""node_limit_hits"": 0, ""node_limit_hits_total"": 0}",
n20_os0.6_r10_uniform_08,n20_os0.6_r10_uniform,20,2,0.6158,10,uniform,gruppi,euristica,feasible,546,527,0.036053,0.007,,,,"{""tried_cycle_times"": 20, ""n_groups"": 10, ""n_leaves"": 3}",
n20_os0.6_r10_uniform_09,n20_os0.6_r10_uniform,20,2,0.6053,10,uniform,hoffmann,euristica,optimal,506,506,0.0,0.005,,,,"{""tried_cycle_times"": 1, ""node_limit"": 20000, ""node_limit_hits"": 0, ""node_limit_hits_total"": 0}",
n20_os0.6_r10_uniform_09,n20_os0.6_r10_uniform,20,2,0.6053,10,uniform,gruppi,euristica,feasible,523,506,0.033597,0.006,,,,"{""tried_cycle_times"": 18, ""n_groups"": 8, ""n_leaves"": 3}",
n20_os0.6_r10_uniform_10,n20_os0.6_r10_uniform,20,2,0.6158,10,uniform,hoffmann,euristica,feasible,465,460,0.01087,0.012,,,,"{""tried_cycle_times"": 6, ""node_limit"": 20000, ""node_limit_hits"": 0, ""node_limit_hits_total"": 0}",
n20_os0.6_r10_uniform_10,n20_os0.6_r10_uniform,20,2,0.6158,10,uniform,gruppi,euristica,feasible,465,460,0.01087,0.004,,,,"{""tried_cycle_times"": 6, ""n_groups"": 7, ""n_leaves"": 4}",
n20_os0.6_r10_uniform_11,n20_os0.6_r10_uniform,20,2,0.6,10,uniform,hoffmann,euristica,optimal,495,495,0.0,0.005,,,,"{""tried_cycle_times"": 1, ""node_limit"": 20000, ""node_limit_hits"": 0, ""node_limit_hits_total"": 0}",
n20_os0.6_r10_uniform_11,n20_os0.6_r10_uniform,20,2,0.6,10,uniform,gruppi,euristica,feasible,520,495,0.050505,0.009,,,,"{""tried_cycle_times"": 26, ""n_groups"": 8, ""n_leaves"": 3}",
n20_os0.6_r10_uniform_12,n20_os0.6_r10_uniform,20,2,0.6158,10,uniform,hoffmann,euristica,optimal,491,491,0.0,0.004,,,,"{""tried_cycle_times"": 1, ""node_limit"": 20000, ""node_limit_hits"": 0, ""node_limit_hits_total"": 0}",
n20_os0.6_r10_uniform_12,n20_os0.6_r10_uniform,20,2,0.6158,10,uniform,gruppi,euristica,feasible,492,491,0.002037,0.004,,,,"{""tried_cycle_times"": 2, ""n_groups"": 8, ""n_leaves"": 5}",
n20_os0.6_r10_uniform_13,n20_os0.6_r10_uniform,20,2,0.6,10,uniform,hoffmann,euristica,feasible,623,611,0.01964,0.031,,,,"{""tried_cycle_times"": 13, ""node_limit"": 20000, ""node_limit_hits"": 0, ""node_limit_hits_total"": 0}",
n20_os0.6_r10_uniform_13,n20_os0.6_r10_uniform,20,2,0.6,10,uniform,gruppi,euristica,feasible,627,611,0.026187,0.006,,,,"{""tried_cycle_times"": 17, ""n_groups"": 6, ""n_leaves"": 4}",
n20_os0.6_r10_uniform_14,n20_os0.6_r10_uniform,20,2,0.6105,10,uniform,hoffmann,euristica,feasible,498,494,0.008097,0.012,,,,"{""tried_cycle_times"": 5, ""node_limit"": 20000, ""node_limit_hits"": 0, ""node_limit_hits_total"": 0}",
n20_os0.6_r10_uniform_14,n20_os0.6_r10_uniform,20,2,0.6105,10,uniform,gruppi,euristica,feasible,503,494,0.018219,0.005,,,,"{""tried_cycle_times"": 10, ""n_groups"": 7, ""n_leaves"": 4}",
n20_os0.6_r10_uniform_15,n20_os0.6_r10_uniform,20,2,0.6105,10,uniform,hoffmann,euristica,feasible,496,491,0.010183,0.016,,,,"{""tried_cycle_times"": 6, ""node_limit"": 20000, ""node_limit_hits"": 0, ""node_limit_hits_total"": 0}",
n20_os0.6_r10_uniform_15,n20_os0.6_r10_uniform,20,2,0.6105,10,uniform,gruppi,euristica,feasible,510,491,0.038697,0.007,,,,"{""tried_cycle_times"": 20, ""n_groups"": 8, ""n_leaves"": 5}",
n20_os0.6_r10_uniform_16,n20_os0.6_r10_uniform,20,2,0.6105,10,uniform,hoffmann,euristica,optimal,553,553,0.0,0.006,,,,"{""tried_cycle_times"": 1, ""node_limit"": 20000, ""node_limit_hits"": 0, ""node_limit_hits_total"": 0}",
n20_os0.6_r10_uniform_16,n20_os0.6_r10_uniform,20,2,0.6105,10,uniform,gruppi,euristica,feasible,582,553,0.052441,0.007,,,,"{""tried_cycle_times"": 30, ""n_groups"": 9, ""n_leaves"": 2}",
n20_os0.6_r10_uniform_17,n20_os0.6_r10_uniform,20,2,0.6,10,uniform,hoffmann,euristica,feasible,348,345,0.008696,0.011,,,,"{""tried_cycle_times"": 4, ""node_limit"": 20000, ""node_limit_hits"": 0, ""node_limit_hits_total"": 0}",
n20_os0.6_r10_uniform_17,n20_os0.6_r10_uniform,20,2,0.6,10,uniform,gruppi,euristica,feasible,350,345,0.014493,0.004,,,,"{""tried_cycle_times"": 6, ""n_groups"": 7, ""n_leaves"": 5}",
n20_os0.6_r10_uniform_18,n20_os0.6_r10_uniform,20,2,0.6158,10,uniform,hoffmann,euristica,optimal,480,480,0.0,0.005,,,,"{""tried_cycle_times"": 1, ""node_limit"": 20000, ""node_limit_hits"": 0, ""node_limit_hits_total"": 0}",
n20_os0.6_r10_uniform_18,n20_os0.6_r10_uniform,20,2,0.6158,10,uniform,gruppi,euristica,feasible,489,480,0.01875,0.005,,,,"{""tried_cycle_times"": 10, ""n_groups"": 8, ""n_leaves"": 3}",
n20_os0.6_r10_uniform_19,n20_os0.6_r10_uniform,20,2,0.6,10,uniform,hoffmann,euristica,optimal,642,642,0.0,0.005,,,,"{""tried_cycle_times"": 1, ""node_limit"": 20000, ""node_limit_hits"": 0, ""node_limit_hits_total"": 0}",
n20_os0.6_r10_uniform_19,n20_os0.6_r10_uniform,20,2,0.6,10,uniform,gruppi,euristica,feasible,646,642,0.006231,0.007,,,,"{""tried_cycle_times"": 5, ""n_groups"": 8, ""n_leaves"": 4}",
n20_os0.6_r10_uniform_20,n20_os0.6_r10_uniform,20,2,0.6105,10,uniform,hoffmann,euristica,optimal,601,601,0.0,0.004,,,,"{""tried_cycle_times"": 1, ""node_limit"": 20000, ""node_limit_hits"": 0, ""node_limit_hits_total"": 0}",
n20_os0.6_r10_uniform_20,n20_os0.6_r10_uniform,20,2,0.6105,10,uniform,gruppi,euristica,feasible,631,601,0.049917,0.009,,,,"{""tried_cycle_times"": 31, ""n_groups"": 10, ""n_leaves"": 4}",
n20_os0.6_r10_uniform_21,n20_os0.6_r10_uniform,20,2,0.6053,10,uniform,hoffmann,euristica,feasible,572,571,0.001751,0.006,,,,"{""tried_cycle_times"": 2, ""node_limit"": 20000, ""node_limit_hits"": 0, ""node_limit_hits_total"": 0}",
n20_os0.6_r10_uniform_21,n20_os0.6_r10_uniform,20,2,0.6053,10,uniform,gruppi,euristica,feasible,575,571,0.007005,0.004,,,,"{""tried_cycle_times"": 5, ""n_groups"": 6, ""n_leaves"": 4}",
n20_os0.6_r10_uniform_22,n20_os0.6_r10_uniform,20,2,0.6,10,uniform,hoffmann,euristica,optimal,490,490,0.0,0.01,,,,"{""tried_cycle_times"": 1, ""node_limit"": 20000, ""node_limit_hits"": 0, ""node_limit_hits_total"": 0}",
n20_os0.6_r10_uniform_22,n20_os0.6_r10_uniform,20,2,0.6,10,uniform,gruppi,euristica,optimal,490,490,0.0,0.005,,,,"{""tried_cycle_times"": 1, ""n_groups"": 10, ""n_leaves"": 2}",
n20_os0.6_r10_uniform_23,n20_os0.6_r10_uniform,20,2,0.6053,10,uniform,hoffmann,euristica,feasible,576,575,0.001739,0.006,,,,"{""tried_cycle_times"": 2, ""node_limit"": 20000, ""node_limit_hits"": 0, ""node_limit_hits_total"": 0}",
n20_os0.6_r10_uniform_23,n20_os0.6_r10_uniform,20,2,0.6053,10,uniform,gruppi,euristica,feasible,581,575,0.010435,0.004,,,,"{""tried_cycle_times"": 7, ""n_groups"": 7, ""n_leaves"": 4}",
n20_os0.6_r10_uniform_24,n20_os0.6_r10_uniform,20,2,0.6,10,uniform,hoffmann,euristica,optimal,541,541,0.0,0.005,,,,"{""tried_cycle_times"": 1, ""node_limit"": 20000, ""node_limit_hits"": 0, ""node_limit_hits_total"": 0}",
n20_os0.6_r10_uniform_24,n20_os0.6_r10_uniform,20,2,0.6,10,uniform,gruppi,euristica,feasible,543,541,0.003697,0.006,,,,"{""tried_cycle_times"": 3, ""n_groups"": 8, ""n_leaves"": 4}",
n20_os0.9_r3_uniform_00,n20_os0.9_r3_uniform,20,7,0.9053,3,uniform,patterson_albracht,pli,optimal,135,135,0.0,0.085,0.006,84,52,"{""c_min"": 135, ""c_max"": 203}",
n20_os0.9_r3_uniform_00,n20_os0.9_r3_uniform,20,7,0.9053,3,uniform,ritt_costa,pli,optimal,135,135,0.0,0.051,0.011,153,133,"{""c_min"": 135, ""c_max"": 203}",
n20_os0.9_r3_uniform_00,n20_os0.9_r3_uniform,20,7,0.9053,3,uniform,hoffmann,euristica,optimal,135,135,0.0,0.01,,,,"{""tried_cycle_times"": 1, ""node_limit"": 20000, ""node_limit_hits"": 0, ""node_limit_hits_total"": 0}",
n20_os0.9_r3_uniform_00,n20_os0.9_r3_uniform,20,7,0.9053,3,uniform,gruppi,euristica,feasible,139,135,0.02963,0.011,,,,"{""tried_cycle_times"": 5, ""n_groups"": 9, ""n_leaves"": 2}",
n20_os0.9_r3_uniform_01,n20_os0.9_r3_uniform,20,7,0.9053,3,uniform,patterson_albracht,pli,optimal,176,176,0.0,0.049,0.004,59,57,"{""c_min"": 176, ""c_max"": 208}",
n20_os0.9_r3_uniform_01,n20_os0.9_r3_uniform,20,7,0.9053,3,uniform,ritt_costa,pli,optimal,176,176,0.0,0.032,0.006,92,90,"{""c_min"": 176, ""c_max"": 208}",
n20_os0.9_r3_uniform_01,n20_os0.9_r3_uniform,20,7,0.9053,3,uniform,hoffmann,euristica,optimal,176,176,0.0,0.006,,,,"{""tried_cycle_times"": 1, ""node_limit"": 20000, ""node_limit_hits"": 0, ""node_limit_hits_total"": 0}",
n20_os0.9_r3_uniform_01,n20_os0.9_r3_uniform,20,7,0.9053,3,uniform,gruppi,euristica,feasible,186,176,0.056818,0.008,,,,"{""tried_cycle_times"": 11, ""n_groups"": 8, ""n_leaves"": 1}",
n20_os0.9_r3_uniform_02,n20_os0.9_r3_uniform,20,7,0.9,3,uniform,patterson_albracht,pli,optimal,137,137,0.0,0.016,0.005,61,50,"{""c_min"": 137, ""c_max"": 167}",
n20_os0.9_r3_uniform_02,n20_os0.9_r3_uniform,20,7,0.9,3,uniform,ritt_costa,pli,optimal,137,137,0.0,0.029,0.005,92,81,"{""c_min"": 137, ""c_max"": 167}",
n20_os0.9_r3_uniform_02,n20_os0.9_r3_uniform,20,7,0.9,3,uniform,hoffmann,euristica,optimal,137,137,0.0,0.008,,,,"{""tried_cycle_times"": 1, ""node_limit"": 20000, ""node_limit_hits"": 0, ""node_limit_hits_total"": 0}",
n20_os0.9_r3_uniform_02,n20_os0.9_r3_uniform,20,7,0.9,3,uniform,gruppi,euristica,optimal,137,137,0.0,0.009,,,,"{""tried_cycle_times"": 1, ""n_groups"": 7, ""n_leaves"": 4}",
n20_os0.9_r3_uniform_03,n20_os0.9_r3_uniform,20,7,0.9053,3,uniform,patterson_albracht,pli,optimal,164,164,0.0,0.025,0.003,56,51,"{""c_min"": 161, ""c_max"": 193}",
n20_os0.9_r3_uniform_03,n20_os0.9_r3_uniform,20,7,0.9053,3,uniform,ritt_costa,pli,optimal,164,164,0.0,0.031,0.005,89,79,"{""c_min"": 161, ""c_max"": 193}",
n20_os0.9_r3_uniform_03,n20_os0.9_r3_uniform,20,7,0.9053,3,uniform,hoffmann,euristica,feasible,164,161,0.018634,0.009,,,,"{""tried_cycle_times"": 4, ""node_limit"": 20000, ""node_limit_hits"": 0, ""node_limit_hits_total"": 0}",
n20_os0.9_r3_uniform_03,n20_os0.9_r3_uniform,20,7,0.9053,3,uniform,gruppi,euristica,feasible,175,161,0.086957,0.012,,,,"{""tried_cycle_times"": 15, ""n_groups"": 7, ""n_leaves"": 2}",
n20_os0.9_r3_uniform_04,n20_os0.9_r3_uniform,20,7,0.9,3,uniform,patterson_albracht,pli,optimal,178,178,0.0,0.029,0.005,72,55,"{""c_min"": 173, ""c_max"": 237}",
n20_os0.9_r3_uniform_04,n20_os0.9_r3_uniform,20,7,0.9,3,uniform,ritt_costa,pli,optimal,178,178,0.0,0.056,0.009,137,119,"{""c_min"": 173, ""c_max"": 237}",
n20_os0.9_r3_uniform_04,n20_os0.9_r3_uniform,20,7,0.9,3,uniform,hoffmann,euristica,feasible,178,173,0.028902,0.01,,,,"{""tried_cycle_times"": 6, ""node_limit"": 20000, ""node_limit_hits"": 0, ""node_limit_hits_total"": 0}",
n20_os0.9_r3_uniform_04,n20_os0.9_r3_uniform,20,7,0.9,3,uniform,gruppi,euristica,feasible,178,173,0.028902,0.01,,,,"{""tried_cycle_times"": 6, ""n_groups"": 8, ""n_leaves"": 1}",
n20_os0.9_r3_uniform_05,n20_os0.9_r3_uniform,20,7,0.9,3,uniform,patterson_albracht,pli,optimal,129,129,0.0,0.027,0.004,61,53,"{""c_min"": 126, ""c_max"": 157}",
n20_os0.9_r3_uniform_05,n20_os0.9_r3_uniform,20,7,0.9,3,uniform,ritt_costa,pli,optimal,129,129,0.0,0.032,0.005,93,90,"{""c_min"": 126, ""c_max"": 157}",
n20_os0.9_r3_uniform_05,n20_os0.9_r3_uniform,20,7,0.9,3,uniform,hoffmann,euristica,feasible,136,126,0.079365,0.011,,,,"{""tried_cycle_times"": 11, ""node_limit"": 20000, ""node_limit_hits"": 0, ""node_limit_hits_total"": 0}",
n20_os0.9_r3_uniform_05,n20_os0.9_r3_uniform,20,7,0.9,3,uniform,gruppi,euristica,feasible,136,126,0.079365,0.01,,,,"{""tried_cycle_times"": 11, ""n_groups"": 7, ""n_leaves"": 1}",
n20_os0.9_r3_uniform_06,n20_os0.9_r3_uniform,20,7,0.9,3,uniform,patterson_albracht,pli,optimal,191,191,0.0,0.032,0.004,58,50,"{""c_min"": 181, ""c_max"": 227}",
n20_os0.9_r3_uniform_06,n20_os0.9_r3_uniform,20,7,0.9,3,uniform,ritt_costa,pli,optimal,191,191,0.0,0.043,0.006,105,81,"{""c_min"": 181, ""c_max"": 227}",
n20_os0.9_r3_uniform_06,n20_os0.9_r3_uniform,20,7,0.9,3,uniform,hoffmann,euristica,feasible,194,181,0.071823,0.009,,,,"{""tried_cycle_times"": 14, ""node_limit"": 20000, ""node_limit_hits"": 0, ""node_limit_hits_total"": 0}",
n20_os0.9_r3_uniform_06,n20_os0.9_r3_uniform,20,7,0.9,3,uniform,gruppi,euristica,feasible,193,181,0.066298,0.008,,,,"{""tried_cycle_times"": 13, ""n_groups"": 7, ""n_leaves"": 2}",
n20_os0.9_r3_uniform_07,n20_os0.9_r3_uniform,20,7,0.9,3,uniform,patterson_albracht,pli,optimal,198,198,0.0,0.017,0.003,52,54,"{""c_min"": 185, ""c_max"": 211}",
n20_os0.9_r3_uniform_07,n20_os0.9_r3_uniform,20,7,0.9,3,uniform,ritt_costa,pli,optimal,198,198,0.0,0.027,0.004,79,69,"{""c_min"": 185, ""c_max"": 211}",
n20_os0.9_r3_uniform_07,n20_os0.9_r3_uniform,20,7,0.9,3,uniform,hoffmann,euristica,feasible,198,185,0.07027,0.011,,,,"{""tried_cycle_times"": 14, ""node_limit"": 20000, ""node_limit_hits"": 0, ""node_limit_hits_total"": 0}",
n20_os0.9_r3_uniform_07,n20_os0.9_r3_uniform,20,7,0.9,3,uniform,gruppi,euristica,feasible,204,185,0.102703,0.014,,,,"{""tried_cycle_times"": 20, ""n_groups"": 7, ""n_leaves"": 2}",
n20_os0.9_r3_uniform_08,n20_os0.9_r3_uniform,20,7,0.9,3,uniform,patterson_albracht,pli,optimal,120,120,0.0,0.012,0.004,53,54,"{""c_min"": 120, ""c_max"": 130}",
n20_os0.9_r3_uniform_08,n20_os0.9_r3_uniform,20,7,0.9,3,uniform,ritt_costa,pli,optimal,120,120,0.0,0.014,0.004,64,69,"{""c_min"": 120, ""c_max"": 130}",
n20_os0.9_r3_uniform_08,n20_os0.9_r3_uniform,20,7,0.9,3,uniform,hoffmann,euristica,optimal,120,120,0.0,0.007,,,,"{""tried_cycle_times"": 1, ""node_limit"": 20000, ""node_limit_hits"": 0, ""node_limit_hits_total"": 0}",
n20_os0.9_r3_uniform_08,n20_os0.9_r3_uniform,20,7,0.9,3,uniform,gruppi,euristica,feasible,127,120,0.058333,0.009,,,,"{""tried_cycle_times"": 8, ""n_groups"": 8, ""n_leaves"": 1}",
n20_os0.9_r3_uniform_09,n20_os0.9_r3_uniform,20,7,0.9105,3,uniform,patterson_albracht,pli,optimal,189,189,0.0,0.015,0.004,72,52,"{""c_min"": 189, ""c_max"": 264}",
n20_os0.9_r3_uniform_09,n20_os0.9_r3_uniform,20,7,0.9105,3,uniform,ritt_costa,pli,optimal,189,189,0.0,0.063,0.011,148,119,"{""c_min"": 189, ""c_max"": 264}",
n20_os0.9_r3_uniform_09,n20_os0.9_r3_uniform,20,7,0.9105,3,uniform,hoffmann,euristica,optimal,189,189,0.0,0.008,,,,"{""tried_cycle_times"": 1, ""node_limit"": 20000, ""node_limit_hits"": 0, ""node_limit_hits_total"": 0}",
n20_os0.9_r3_uniform_09,n20_os0.9_r3_uniform,20,7,0.9105,3,uniform,gruppi,euristica,optimal,189,189,0.0,0.009,,,,"{""tried_cycle_times"": 1, ""n_groups"": 7, ""n_leaves"": 1}",
n20_os0.9_r3_uniform_10,n20_os0.9_r3_uniform,20,7,0.9,3,uniform,patterson_albracht,pli,optimal,174,174,0.0,0.028,0.004,67,54,"{""c_min"": 173, ""c_max"": 228}",
n20_os0.9_r3_uniform_10,n20_os0.9_r3_uniform,20,7,0.9,3,uniform,ritt_costa,pli,optimal,174,174,0.0,0.044,0.008,123,106,"{""c_min"": 173, ""c_max"": 228}",
n20_os0.9_r3_uniform_10,n20_os0.9_r3_uniform,20,7,0.9,3,uniform,hoffmann,euristica,feasible,174,173,0.00578,0.009,,,,"{""tried_cycle_times"": 2, ""node_limit"": 20000, ""node_limit_hits"": 0, ""node_limit_hits_total"": 0}",
n20_os0.9_r3_uniform_10,n20_os0.9_r3_uniform,20,7,0.9,3,uniform,gruppi,euristica,feasible,174,173,0.00578,0.009,,,,"{""tried_cycle_times"": 2, ""n_groups"": 6, ""n_leaves"": 1}",
n20_os0.9_r3_uniform_11,n20_os0.9_r3_uniform,20,7,0.9053,3,uniform,patterson_albracht,pli,optimal,117,117,0.0,0.029,0.004,77,50,"{""c_min"": 114, ""c_max"": 171}",
n20_os0.9_r3_uniform_11,n20_os0.9_r3_uniform,20,7,0.9053,3,uniform,ritt_costa,pli,optimal,117,117,0.0,0.064,0.01,135,127,"{""c_min"": 114, ""c_max"": 171}",
n20_os0.9_r3_uniform_11,n20_os0.9_r3_uniform,20,7,0.9053,3,uniform,hoffmann,euristica,feasible,117,114,0.026316,0.007,,,,"{""tried_cycle_times"": 4, ""node_limit"": 20000, ""node_limit_hits"": 0, ""node_limit_hits_total"": 0}",
n20_os0.9_r3_uniform_11,n20_os0.9_r3_uniform,20,7,0.9053,3,uniform,gruppi,euristica,feasible,118,114,0.035088,0.007,,,,"{""tried_cycle_times"": 5, ""n_groups"": 6, ""n_leaves"": 2}",
n20_os0.9_r3_uniform_12,n20_os0.9_r3_uniform,20,7,0.9,3,uniform,hoffmann,euristica,feasible,150,149,0.006711,0.005,,,,"{""tried_cycle_times"": 2, ""node_limit"": 20000, ""node_limit_hits"": 0, ""node_limit_hits_total"": 0}",
n20_os0.9_r3_uniform_12,n20_os0.9_r3_uniform,20,7,0.9,3,uniform,gruppi,euristica,feasible,158,149,0.060403,0.007,,,,"{""tried_cycle_times"": 10, ""n_groups"": 9, ""n_leaves"": 2}",
n20_os0.9_r3_uniform_13,n20_os0.9_r3_uniform,20,7,0.9053,3,uniform,patterson_albracht,pli,optimal,165,165,0.0,0.037,0.004,79,51,"{""c_min"": 153, ""c_max"": 229}",
n20_os0.9_r3_uniform_13,n20_os0.9_r3_uniform,20,7,0.9053,3,uniform,ritt_costa,pli,optimal,165,165,0.0,0.084,0.012,156,130,"{""c_min"": 153, ""c_max"": 229}",
n20_os0.9_r3_uniform_13,n20_os0.9_r3_uniform,20,7,0.9053,3,uniform,hoffmann,euristica,feasible,165,153,0.078431,0.013,,,,"{""tried_cycle_times"": 13, ""node_limit"": 20000, ""node_limit_hits"": 0, ""node_limit_hits_total"": 0}",
n20_os0.9_r3_uniform_13,n20_os0.9_r3_uniform,20,7,0.9053,3,uniform,gruppi,euristica,feasible,170,153,0.111111,0.015,,,,"{""tried_cycle_times"": 18, ""n_groups"": 8, ""n_leaves"": 3}",
n20_os0.9_r3_uniform_14,n20_os0.9_r3_uniform,20,7,0.9053,3,uniform,patterson_albracht,pli,optimal,167,167,0.0,0.033,0.006,74,52,"{""c_min"": 143, ""c_max"": 199}",
n20_os0.9_r3_uniform_14,n20_os0.9_r3_uniform,20,7,0.9053,3,uniform,ritt_costa,pli,optimal,167,167,0.0,0.073,0.013,131,124,"{""c_min"": 143, ""c_max"": 199}",
n20_os0.9_r3_uniform_14,n20_os0.9_r3_uniform,20,7,0.9053,3,uniform,hoffmann,euristica,feasible,167,143,0.167832,0.014,,,,"{""tried_cycle_times"": 25, ""node_limit"": 20000, ""node_limit_hits"": 0, ""node_limit_hits_total"": 0}",
n20_os0.9_r3_uniform_14,n20_os0.9_r3_uniform,20,7,0.9053,3,uniform,gruppi,euristica,feasible,167,143,0.167832,0.013,,,,"{""tried_cycle_times"": 25, ""n_groups"": 6, ""n_leaves"": 2}",
n20_os0.9_r3_uniform_15,n20_os0.9_r3_uniform,20,7,0.9,3,uniform,patterson_albracht,pli,optimal,207,207,0.0,0.04,0.005,70,51,"{""c_min"": 200, ""c_max"": 257}",
n20_os0.9_r3_uniform_15,n20_os0.9_r3_uniform,20,7,0.9,3,uniform,ritt_costa,pli,optimal,207,207,0.0,0.05,0.008,128,105,"{""c_min"": 200, ""c_max"": 257}",
n20_os0.9_r3_uniform_15,n20_os0.9_r3_uniform,20,7,0.9,3,uniform,hoffmann,euristica,feasible,207,200,0.035,0.011,,,,"{""tried_cycle_times"": 8, ""node_limit"": 20000, ""node_limit_hits"": 0, ""node_limit_hits_total"": 0}",
n20_os0.9_r3_uniform_15,n20_os0.9_r3_uniform,20,7,0.9,3,uniform,gruppi,euristica,feasible,210,200,0.05,0.011,,,,"{""tried_cycle_times"": 11, ""n_groups"": 7, ""n_leaves"": 1}",
n20_os0.9_r3_uniform_16,n20_os0.9_r3_uniform,20,7,0.9,3,uniform,patterson_albracht,pli,optimal,184,184,0.0,0.029,0.006,73,52,"{""c_min"": 179, ""c_max"": 249}",
n20_os0.9_r3_uniform_16,n20_os0.9_r3_uniform,20,7,0.9,3,uniform,ritt_costa,pli,optimal,184,184,0.0,0.063,0.01,144,116,"{""c_min"": 179, ""c_max"": 249}",
n20_os0.9_r3_uniform_16,n20_os0.9_r3_uniform,20,7,0.9,3,uniform,hoffmann,euristica,feasible,184,179,0.027933,0.011,,,,"{""tried_cycle_times"": 6, ""node_limit"": 20000, ""node_limit_hits"": 0, ""node_limit_hits_total"": 0}",
n20_os0.9_r3_uniform_16,n20_os0.9_r3_uniform,20,7,0.9,3,uniform,gruppi,euristica,feasible,184,179,0.027933,0.019,,,,"{""tried_cycle_times"": 6, ""n_groups"": 6, ""n_leaves"": 1}",
n20_os0.9_r3_uniform_17,n20_os0.9_r3_uniform,20,7,0.9105,3,uniform,patterson_albracht,pli,optimal,187,187,0.0,0.043,0.006,66,51,"{""c_min"": 178, ""c_max"": 219}",
n20_os0.9_r3_uniform_17,n20_os0.9_r3_uniform,20,7,0.9105,3,uniform,ritt_costa,pli,optimal,187,187,0.0,0.054,0.01,108,92,"{""c_min"": 178, ""c_max"": 219}",
n20_os0.9_r3_uniform_17,n20_os0.9_r3_uniform,20,7,0.9105,3,uniform,hoffmann,euristica,feasible,187,178,0.050562,0.015,,,,"{""tried_cycle_times"": 10, ""node_limit"": 20000, ""node_limit_hits"": 0, ""node_limit_hits_total"": 0}",
n20_os0.9_r3_uniform_17,n20_os0.9_r3_uniform,20,7,0.9105,3,uniform,gruppi,euristica,feasible,194,178,0.089888,0.017,,,,"{""tried_cycle_times"": 17, ""n_groups"": 8, ""n_leaves"": 1}",
n20_os0.9_r3_uniform_18,n20_os0.9_r3_uniform,20,7,0.9053,3,uniform,patterson_albracht,pli,optimal,129,129,0.0,0.029,0.004,72,52,"{""c_min"": 121, ""c_max"": 165}",
n20_os0.9_r3_uniform_18,n20_os0.9_r3_uniform,20,7,0.9053,3,uniform,ritt_costa,pli,optimal,129,129,0.0,0.042,0.007,117,111,"{""c_min"": 121, ""c_max"": 165}",
n20_os0.9_r3_uniform_18,n20_os0.9_r3_uniform,20,7,0.9053,3,uniform,hoffmann,euristica,feasible,129,121,0.066116,0.008,,,,"{""tried_cycle_times"": 9, ""node_limit"": 20000, ""node_limit_hits"": 0, ""node_limit_hits_total"": 0}",
n20_os0.9_r3_uniform_18,n20_os0.9_r3_uniform,20,7,0.9053,3,uniform,gruppi,euristica,feasible,129,121,0.066116,0.011,,,,"{""tried_cycle_times"": 9, ""n_groups"": 6, ""n_leaves"": 3}",
n20_os0.9_r3_uniform_19,n20_os0.9_r3_uniform,20,7,0.9,3,uniform,patterson_albracht,pli,optimal,197,197,0.0,0.034,0.004,67,51,"{""c_min"": 191, ""c_max"": 249}",
n20_os0.9_r3_uniform_19,n20_os0.9_r3_uniform,20,7,0.9,3,uniform,ritt_costa,pli,optimal,197,197,0.0,0.067,0.008,126,100,"{""c_min"": 191, ""c_max"": 249}",
n20_os0.9_r3_uniform_19,n20_os0.9_r3_uniform,20,7,0.9,3,uniform,hoffmann,euristica,feasible,197,191,0.031414,0.009,,,,"{""tried_cycle_times"": 7, ""node_limit"": 20000, ""node_limit_hits"": 0, ""node_limit_hits_total"": 0}",
n20_os0.9_r3_uniform_19,n20_os0.9_r3_uniform,20,7,0.9,3,uniform,gruppi,euristica,feasible,199,191,0.041885,0.011,,,,"{""tried_cycle_times"": 9, ""n_groups"": 8, ""n_leaves"": 3}",
n20_os0.9_r3_uniform_20,n20_os0.9_r3_uniform,20,7,0.9053,3,uniform,patterson_albracht,pli,optimal,145,145,0.0,0.024,0.005,53,53,"{""c_min"": 143, ""c_max"": 155}",
n20_os0.9_r3_uniform_20,n20_os0.9_r3_uniform,20,7,0.9053,3,uniform,ritt_costa,pli,optimal,145,145,0.0,0.021,0.003,66,65,"{""c_min"": 143, ""c_max"": 155}",
n20_os0.9_r3_uniform_20,n20_os0.9_r3_uniform,20,7,0.9053,3,uniform,hoffmann,euristica,feasible,145,143,0.013986,0.011,,,,"{""tried_cycle_times"": 3, ""node_limit"": 20000, ""node_limit_hits"": 0, ""node_limit_hits_total"": 0}",
n20_os0.9_r3_uniform_20,n20_os0.9_r3_uniform,20,7,0.9053,3,uniform,gruppi,euristica,feasible,151,143,0.055944,0.011,,,,"{""tried_cycle_times"": 9, ""n_groups"": 7, ""n_leaves"": 2}",
n20_os0.9_r3_uniform_21,n20_os0.9_r3_uniform,20,7,0.9,3,uniform,patterson_albracht,pli,optimal,167,167,0.0,0.015,0.005,70,52,"{""c_min"": 167, ""c_max"": 230}",
n20_os0.9_r3_uniform_21,n20_os0.9_r3_uniform,20,7,0.9,3,uniform,ritt_costa,pli,optimal,167,167,0.0,0.092,0.008,134,109,"{""c_min"": 167, ""c_max"": 230}",
n20_os0.9_r3_uniform_21,n20_os0.9_r3_uniform,20,7,0.9,3,uniform,hoffmann,euristica,optimal,167,167,0.0,0.008,,,,"{""tried_cycle_times"": 1, ""node_limit"": 20000, ""node_limit_hits"": 0, ""node_limit_hits_total"": 0}",
n20_os0.9_r3_uniform_21,n20_os0.9_r3_uniform,20,7,0.9,3,uniform,gruppi,euristica,feasible,181,167,0.083832,0.016,,,,"{""tried_cycle_times"": 15, ""n_groups"": 7, ""n_leaves"": 2}",
n20_os0.9_r3_uniform_22,n20_os0.9_r3_uniform,20,7,0.9053,3,uniform,patterson_albracht,pli,optimal,193,193,0.0,0.014,0.003,50,55,"{""c_min"": 190, ""c_max"": 212}",
n20_os0.9_r3_uniform_22,n20_os0.9_r3_uniform,20,7,0.9053,3,uniform,ritt_costa,pli,optimal,193,193,0.0,0.021,0.003,73,60,"{""c_min"": 190, ""c_max"": 212}",
n20_os0.9_r3_uniform_22,n20_os0.9_r3_uniform,20,7,0.9053,3,uniform,hoffmann,euristica,feasible,193,190,0.015789,0.012,,,,"{""tried_cycle_times"": 4, ""node_limit"": 20000, ""node_limit_hits"": 0, ""node_limit_hits_total"": 0}",
n20_os0.9_r3_uniform_22,n20_os0.9_r3_uniform,20,7,0.9053,3,uniform,gruppi,euristica,feasible,193,190,0.015789,0.008,,,,"{""tried_cycle_times"": 4, ""n_groups"": 7, ""n_leaves"": 2}",
n20_os0.9_r3_uniform_23,n20_os0.9_r3_uniform,20,7,0.9,3,uniform,patterson_albracht,pli,optimal,145,145,0.0,0.043,0.004,78,53,"{""c_min"": 135, ""c_max"": 214}",
n20_os0.9_r3_uniform_23,n20_os0.9_r3_uniform,20,7,0.9,3,uniform,ritt_costa,pli,optimal,145,145,0.0,0.09,0.014,158,138,"{""c_min"": 135, ""c_max"": 214}",
n20_os0.9_r3_uniform_23,n20_os0.9_r3_uniform,20,7,0.9,3,uniform,hoffmann,euristica,feasible,145,135,0.074074,0.008,,,,"{""tried_cycle_times"": 11, ""node_limit"": 20000, ""node_limit_hits"": 0, ""node_limit_hits_total"": 0}",
n20_os0.9_r3_uniform_23,n20_os0.9_r3_uniform,20,7,0.9,3,uniform,gruppi,euristica,feasible,154,135,0.140741,0.009,,,,"{""tried_cycle_times"": 20, ""n_groups"": 9, ""n_leaves"": 1}",
n20_os0.9_r3_uniform_24,n20_os0.9_r3_uniform,20,7,0.9053,3,uniform,patterson_albracht,pli,optimal,148,148,0.0,0.025,0.004,74,51,"{""c_min"": 132, ""c_max"": 192}",
n20_os0.9_r3_uniform_24,n20_os0.9_r3_uniform,20,7,0.9053,3,uniform,ritt_costa,pli,optimal,148,148,0.0,0.059,0.01,135,123,"{""c_min"": 132, ""c_max"": 192}",
n20_os0.9_r3_uniform_24,n20_os0.9_r3_uniform,20,7,0.9053,3,uniform,hoffmann,euristica,feasible,148,132,0.121212,0.011,,,,"{""tried_cycle_times"": 17, ""node_limit"": 20000, ""node_limit_hits"": 0, ""node_limit_hits_total"": 0}",
n20_os0.9_r3_uniform_24,n20_os0.9_r3_uniform,20,7,0.9053,3,uniform,gruppi,euristica,feasible,164,132,0.242424,0.017,,,,"{""tried_cycle_times"": 33, ""n_groups"": 9, ""n_leaves"": 1}",
n20_os0.9_r6_uniform_00,n20_os0.9_r6_uniform,20,3,0.9053,6,uniform,hoffmann,euristica,feasible,278,274,0.014599,0.006,,,,"{""tried_cycle_times"": 5, ""node_limit"": 20000, ""node_limit_hits"": 0, ""node_limit_hits_total"": 0}",
n20_os0.9_r6_uniform_00,n20_os0.9_r6_uniform,20,3,0.9053,6,uniform,gruppi,euristica,feasible,278,274,0.014599,0.007,,,,"{""tried_cycle_times"": 5, ""n_groups"": 6, ""n_leaves"": 3}",
n20_os0.9_r6_uniform_01,n20_os0.9_r6_uniform,20,3,0.9053,6,uniform,hoffmann,euristica,feasible,376,361,0.041551,0.009,,,,"{""tried_cycle_times"": 16, ""node_limit"": 20000, ""node_limit_hits"": 0, ""node_limit_hits_total"": 0}",
n20_os0.9_r6_uniform_01,n20_os0.9_r6_uniform,20,3,0.9053,6,uniform,gruppi,euristica,feasible,376,361,0.041551,0.009,,,,"{""tried_cycle_times"": 16, ""n_groups"": 8, ""n_leaves"": 2}",
n20_os0.9_r6_uniform_02,n20_os0.9_r6_uniform,20,3,0.9053,6,uniform,patterson_albracht,pli,optimal,321,321,0.0,0.016,0.002,29,50,"{""c_min"": 319, ""c_max"": 343}",
n20_os0.9_r6_uniform_02,n20_os0.9_r6_uniform,20,3,0.9053,6,uniform,ritt_costa,pli,optimal,321,321,0.0,0.018,0.002,54,30,"{""c_min"": 319, ""c_max"": 343}",
n20_os0.9_r6_uniform_02,n20_os0.9_r6_uniform,20,3,0.9053,6,uniform,hoffmann,euristica,feasible,321,319,0.00627,0.008,,,,"{""tried_cycle_times"": 3, ""node_limit"": 20000, ""node_limit_hits"": 0, ""node_limit_hits_total"": 0}",
n20_os0.9_r6_uniform_02,n20_os0.9_r6_uniform,20,3,0.9053,6,uniform,gruppi,euristica,feasible,341,319,0.068966,0.008,,,,"{""tried_cycle_times"": 23, ""n_groups"": 8, ""n_leaves"": 1}",
n20_os0.9_r6_uniform_03,n20_os0.9_r6_uniform,20,3,0.9053,6,uniform,hoffmann,euristica,feasible,330,325,0.015385,0.007,,,,"{""tried_cycle_times"": 6, ""node_limit"": 20000, ""node_limit_hits"": 0, ""node_limit_hits_total"": 0}",
n20_os0.9_r6_uniform_03,n20_os0.9_r6_uniform,20,3,0.9053,6,uniform,gruppi,euristica,feasible,330,325,0.015385,0.006,,,,"{""tried_cycle_times"": 6, ""n_groups"": 5, ""n_leaves"": 2}",
n20_os0.9_r6_uniform_04,n20_os0.9_r6_uniform,20,3,0.9158,6,uniform,patterson_albracht,pli,optimal,439,439,0.0,0.007,0.003,23,47,"{""c_min"": 439, ""c_max"": 439}",
n20_os0.9_r6_uniform_04,n20_os0.9_r6_uniform,20,3,0.9158,6,uniform,ritt_costa,pli,optimal,439,439,0.0,0.004,0.001,24,25,"{""c_min"": 439, ""c_max"": 439}",
n20_os0.9_r6_uniform_04,n20_os0.9_r6_uniform,20,3,0.9158,6,uniform,hoffmann,euristica,optimal,439,439,0.0,0.013,,,,"{""tried_cycle_times"": 1, ""node_limit"": 20000, ""node_limit_hits"": 0, ""node_limit_hits_total"": 0}",
n20_os0.9_r6_uniform_04,n20_os0.9_r6_uniform,20,3,0.9158,6,uniform,gruppi,euristica,optimal,439,439,0.0,0.013,,,,"{""tried_cycle_times"": 1, ""n_groups"": 8, ""n_leaves"": 1}",
n20_os0.9_r6_uniform_05,n20_os0.9_r6_uniform,20,3,0.9,6,uniform,hoffmann,euristica,optimal,365,365,0.0,0.008,,,,"{""tried_cycle_times"": 1, ""node_limit"": 20000, ""node_limit_hits"": 0, ""node_limit_hits_total"": 0}",
n20_os0.9_r6_uniform_05,n20_os0.9_r6_uniform,20,3,0.9,6,uniform,gruppi,euristica,feasible,384,365,0.052055,0.008,,,,"{""tried_cycle_times"": 20, ""n_groups"": 7, ""n_leaves"": 1}",
n20_os0.9_r6_uniform_06,n20_os0.9_r6_uniform,20,3,0.9053,6,uniform,hoffmann,euristica,feasible,420,406,0.034483,0.009,,,,"{""tried_cycle_times"": 15, ""node_limit"": 20000, ""node_limit_hits"": 0, ""node_limit_hits_total"": 0}",
n20_os0.9_r6_uniform_06,n20_os0.9_r6_uniform,20,3,0.9053,6,uniform,gruppi,euristica,feasible,420,406,0.034483,0.009,,,,"{""tried_cycle_times"": 15, ""n_groups"": 8, ""n_leaves"": 2}",
n20_os0.9_r6_uniform_07,n20_os0.9_r6_uniform,20,3,0.9053,6,uniform,hoffmann,euristica,feasible,351,342,0.026316,0.007,,,,"{""tried_cycle_times"": 10, ""node_limit"": 20000, ""node_limit_hits"": 0, ""node_limit_hits_total"": 0}",
n20_os0.9_r6_uniform_07,n20_os0.9_r6_uniform,20,3,0.9053,6,uniform,gruppi,euristica,feasible,351,342,0.026316,0.007,,,,"{""tried_cycle_times"": 10, ""n_groups"": 8, ""n_leaves"": 3}",
n20_os0.9_r6_uniform_08,n20_os0.9_r6_uniform,20,3,0.9,6,uniform,patterson_albracht,pli,optimal,328,328,0.0,0.012,0.002,28,46,"{""c_min"": 328, ""c_max"": 356}",
n20_os0.9_r6_uniform_08,n20_os0.9_r6_uniform,20,3,0.9,6,uniform,ritt_costa,pli,optimal,328,328,0.0,0.015,0.003,57,29,"{""c_min"": 328, ""c_max"": 356}",
n20_os0.9_r6_uniform_08,n20_os0.9_r6_uniform,20,3,0.9,6,uniform,hoffmann,euristica,optimal,328,328,0.0,0.006,,,,"{""tried_cycle_times"": 1, ""node_limit"": 20000, ""node_limit_hits"": 0, ""node_limit_hits_total"": 0}",
n20_os0.9_r6_uniform_08,n20_os0.9_r6_uniform,20,3,0.9,6,uniform,gruppi,euristica,optimal,328,328,0.0,0.009,,,,"{""tried_cycle_times"": 1, ""n_groups"": 8, ""n_leaves"": 2}",
n20_os0.9_r6_uniform_09,n20_os0.9_r6_uniform,20,3,0.9,6,uniform,patterson_albracht,pli,optimal,362,362,0.0,0.009,0.003,31,49,"{""c_min"": 362, ""c_max"": 393}",
n20_os0.9_r6_uniform_09,n20_os0.9_r6_uniform,20,3,0.9,6,uniform,ritt_costa,pli,optimal,362,362,0.0,0.02,0.003,63,40,"{""c_min"": 362, ""c_max"": 393}",
n20_os0.9_r6_uniform_09,n20_os0.9_r6_uniform,20,3,0.9,6,uniform,hoffmann,euristica,optimal,362,362,0.0,0.008,,,,"{""tried_cycle_times"": 1, ""node_limit"": 20000, ""node_limit_hits"": 0, ""node_limit_hits_total"": 0}",
n20_os0.9_r6_uniform_09,n20_os0.9_r6_uniform,20,3,0.9,6,uniform,gruppi,euristica,optimal,362,362,0.0,0.008,,,,"{""tried_cycle_times"": 1, ""n_groups"": 7, ""n_leaves"": 1}",
n20_os0.9_r6_uniform_10,n20_os0.9_r6_uniform,20,3,0.9,6,uniform,hoffmann,euristica,feasible,369,343,0.075802,0.016,,,,"{""tried_cycle_times"": 27, ""node_limit"": 20000, ""node_limit_hits"": 0, ""node_limit_hits_total"": 0}",
n20_os0.9_r6_uniform_10,n20_os0.9_r6_uniform,20,3,0.9,6,uniform,gruppi,euristica,feasible,370,343,0.078717,0.01,,,,"{""tried_cycle_times"": 28, ""n_groups"": 7, ""n_leaves"": 1}",
n20_os0.9_r6_uniform_11,n20_os0.9_r6_uniform,20,3,0.9,6,uniform,hoffmann,euristica,optimal,368,368,0.0,0.005,,,,"{""tried_cycle_times"": 1, ""node_limit"": 20000, ""node_limit_hits"": 0, ""node_limit_hits_total"": 0}",
n20_os0.9_r6_uniform_11,n20_os0.9_r6_uniform,20,3,0.9,6,uniform,gruppi,euristica,optimal,368,368,0.0,0.006,,,,"{""tried_cycle_times"": 1, ""n_groups"": 8, ""n_leaves"": 2}",
n20_os0.9_r6_uniform_12,n20_os0.9_r6_uniform,20,3,0.9053,6,uniform,patterson_albracht,pli,optimal,370,370,0.0,0.005,0.002,23,49,"{""c_min"": 370, ""c_max"": 370}",
n20_os0.9_r6_uniform_12,n20_os0.9_r6_uniform,20,3,0.9053,6,uniform,ritt_costa,pli,optimal,370,370,0.0,0.003,0.001,24,25,"{""c_min"": 370, ""c_max"": 370}",
n20_os0.9_r6_uniform_12,n20_os0.9_r6_uniform,20,3,0.9053,6,uniform,hoffmann,euristica,optimal,370,370,0.0,0.008,,,,"{""tried_cycle_times"": 1, ""node_limit"": 20000, ""node_limit_hits"": 0, ""node_limit_hits_total"": 0}",
n20_os0.9_r6_uniform_12,n20_os0.9_r6_uniform,20,3,0.9053,6,uniform,gruppi,euristica,optimal,370,370,0.0,0.008,,,,"{""tried_cycle_times"": 1, ""n_groups"": 7, ""n_leaves"": 2}",
n20_os0.9_r6_uniform_13,n20_os0.9_r6_uniform,20,3,0.9,6,uniform,hoffmann,euristica,optimal,401,401,0.0,0.006,,,,"{""tried_cycle_times"": 1, ""node_limit"": 20000, ""node_limit_hits"": 0, ""node_limit_hits_total"": 0}",
n20_os0.9_r6_uniform_13,n20_os0.9_r6_uniform,20,3,0.9,6,uniform,gruppi,euristica,optimal,401,401,0.0,0.005,,,,"{""tried_cycle_times"": 1, ""n_groups"": 7, ""n_leaves"": 2}",
n20_os0.9_r6_uniform_14,n20_os0.9_r6_uniform,20,3,0.9,6,uniform,hoffmann,euristica,feasible,322,319,0.009404,0.006,,,,"{""tried_cycle_times"": 4, ""node_limit"": 20000, ""node_limit_hits"": 0, ""node_limit_hits_total"": 0}",
n20_os0.9_r6_uniform_14,n20_os0.9_r6_uniform,20,3,0.9,6,uniform,gruppi,euristica,feasible,345,319,0.081505,0.03,,,,"{""tried_cycle_times"": 27, ""n_groups"": 6, ""n_leaves"": 2}",
n20_os0.9_r6_uniform_15,n20_os0.9_r6_uniform,20,3,0.9105,6,uniform,patterson_albracht,pli,optimal,360,360,0.0,0.024,0.006,30,46,"{""c_min"": 360, ""c_max"": 413}",
n20_os0.9_r6_uniform_15,n20_os0.9_r6_uniform,20,3,0.9105,6,uniform,ritt_costa,pli,optimal,360,360,0.0,0.017,0.004,84,33,"{""c_min"": 360, ""c_max"": 413}",
n20_os0.9_r6_uniform_15,n20_os0.9_r6_uniform,20,3,0.9105,6,uniform,hoffmann,euristica,optimal,360,360,0.0,0.009,,,,"{""tried_cycle_times"": 1, ""node_limit"": 20000, ""node_limit_hits"": 0, ""node_limit_hits_total"": 0}",
n20_os0.9_r6_uniform_15,n20_os0.9_r6_uniform,20,3,0.9105,6,uniform,gruppi,euristica,feasible,366,360,0.016667,0.011,,,,"{""tried_cycle_times"": 7, ""n_groups"": 11, ""n_leaves"": 1}",
n20_os0.9_r6_uniform_16,n20_os0.9_r6_uniform,20,3,0.9,6,uniform,hoffmann,euristica,feasible,316,315,0.003175,0.006,,,,"{""tried_cycle_times"": 2, ""node_limit"": 20000, ""node_limit_hits"": 0, ""node_limit_hits_total"": 0}",
n20_os0.9_r6_uniform_16,n20_os0.9_r6_uniform,20,3,0.9,6,uniform,gruppi,euristica,feasible,318,315,0.009524,0.005,,,,"{""tried_cycle_times"": 4, ""n_groups"": 7, ""n_leaves"": 2}",
n20_os0.9_r6_uniform_17,n20_os0.9_r6_uniform,20,3,0.9053,6,uniform,patterson_albracht,pli,optimal,346,346,0.0,0.01,0.002,27,48,"{""c_min"": 346, ""c_max"": 364}",
n20_os0.9_r6_uniform_17,n20_os0.9_r6_uniform,20,3,0.9053,6,uniform,ritt_costa,pli,optimal,346,346,0.0,0.009,0.002,46,30,"{""c_min"": 346, ""c_max"": 364}",
n20_os0.9_r6_uniform_17,n20_os0.9_r6_uniform,20,3,0.9053,6,uniform,hoffmann,euristica,optimal,346,346,0.0,0.006,,,,"{""tried_cycle_times"": 1, ""node_limit"": 20000, ""node_limit_hits"": 0, ""node_limit_hits_total"": 0}",
n20_os0.9_r6_uniform_17,n20_os0.9_r6_uniform,20,3,0.9053,6,uniform,gruppi,euristica,optimal,346,346,0.0,0.009,,,,"{""tried_cycle_times"": 1, ""n_groups"": 8, ""n_leaves"": 2}",
n20_os0.9_r6_uniform_18,n20_os0.9_r6_uniform,20,3,0.9053,6,uniform,hoffmann,euristica,feasible,336,318,0.056604,0.011,,,,"{""tried_cycle_times"": 19, ""node_limit"": 20000, ""node_limit_hits"": 0, ""node_limit_hits_total"": 0}",
n20_os0.9_r6_uniform_18,n20_os0.9_r6_uniform,20,3,0.9053,6,uniform,gruppi,euristica,feasible,336,318,0.056604,0.008,,,,"{""tried_cycle_times"": 19, ""n_groups"": 9, ""n_leaves"": 2}",
n20_os0.9_r6_uniform_19,n20_os0.9_r6_uniform,20,3,0.9,6,uniform,patterson_albracht,pli,optimal,338,338,0.0,0.004,0.002,26,47,"{""c_min"": 338, ""c_max"": 361}",
n20_os0.9_r6_uniform_19,n20_os0.9_r6_uniform,20,3,0.9,6,uniform,ritt_costa,pli,optimal,338,338,0.0,0.01,0.002,50,29,"{""c_min"": 338, ""c_max"": 361}",
n20_os0.9_r6_uniform_19,n20_os0.9_r6_uniform,20,3,0.9,6,uniform,hoffmann,euristica,optimal,338,338,0.0,0.007,,,,"{""tried_cycle_times"": 1, ""node_limit"": 20000, ""node_limit_hits"": 0, ""node_limit_hits_total"": 0}",
n20_os0.9_r6_uniform_19,n20_os0.9_r6_uniform,20,3,0.9,6,uniform,gruppi,euristica,feasible,350,338,0.035503,0.009,,,,"{""tried_cycle_times"": 13, ""n_groups"": 8, ""n_leaves"": 1}",
n20_os0.9_r6_uniform_20,n20_os0.9_r6_uniform,20,3,0.9053,6,uniform,patterson_albracht,pli,optimal,370,370,0.0,0.013,0.002,32,49,"{""c_min"": 370, ""c_max"": 448}",
n20_os0.9_r6_uniform_20,n20_os0.9_r6_uniform,20,3,0.9053,6,uniform,ritt_costa,pli,optimal,370,370,0.0,0.017,0.004,111,44,"{""c_min"": 370, ""c_max"": 448}",
n20_os0.9_r6_uniform_20,n20_os0.9_r6_uniform,20,3,0.9053,6,uniform,hoffmann,euristica,optimal,370,370,0.0,0.007,,,,"{""tried_cycle_times"": 1, ""node_limit"": 20000, ""node_limit_hits"": 0, ""node_limit_hits_total"": 0}",
n20_os0.9_r6_uniform_20,n20_os0.9_r6_uniform,20,3,0.9053,6,uniform,gruppi,euristica,optimal,370,370,0.0,0.006,,,,"{""tried_cycle_times"": 1, ""n_groups"": 10, ""n_leaves"": 1}",
n20_os0.9_r6_uniform_21,n20_os0.9_r6_uniform,20,3,0.9053,6,uniform,hoffmann,euristica,feasible,341,336,0.014881,0.007,,,,"{""tried_cycle_times"": 6, ""node_limit"": 20000, ""node_limit_hits"": 0, ""node_limit_hits_total"": 0}",
n20_os0.9_r6_uniform_21,n20_os0.9_r6_uniform,20,3,0.9053,6,uniform,gruppi,euristica,feasible,350,336,0.041667,0.007,,,,"{""tried_cycle_times"": 15, ""n_groups"": 8, ""n_leaves"": 1}",
n20_os0.9_r6_uniform_22,n20_os0.9_r6_uniform,20,3,0.9053,6,uniform,hoffmann,euristica,feasible,341,329,0.036474,0.009,,,,"{""tried_cycle_times"": 13, ""node_limit"": 20000, ""node_limit_hits"": 0, ""node_limit_hits_total"": 0}",
n20_os0.9_r6_uniform_22,n20_os0.9_r6_uniform,20,3,0.9053,6,uniform,gruppi,euristica,feasible,342,329,0.039514,0.007,,,,"{""tried_cycle_times"": 14, ""n_groups"": 7, ""n_leaves"": 2}",
n20_os0.9_r6_uniform_23,n20_os0.9_r6_uniform,20,3,0.9053,6,uniform,hoffmann,euristica,feasible,367,347,0.057637,0.011,,,,"{""tried_cycle_times"": 21, ""node_limit"": 20000, ""node_limit_hits"": 0, ""node_limit_hits_total"": 0}",
n20_os0.9_r6_uniform_23,n20_os0.9_r6_uniform,20,3,0.9053,6,uniform,gruppi,euristica,feasible,367,347,0.057637,0.008,,,,"{""tried_cycle_times"": 21, ""n_groups"": 7, ""n_leaves"": 2}",
n20_os0.9_r6_uniform_24,n20_os0.9_r6_uniform,20,3,0.9,6,uniform,patterson_albracht,pli,optimal,324,324,0.0,0.012,0.002,27,48,"{""c_min"": 320, ""c_max"": 344}",
n20_os0.9_r6_uniform_24,n20_os0.9_r6_uniform,20,3,0.9,6,uniform,ritt_costa,pli,optimal,324,324,0.0,0.011,0.002,52,29,"{""c_min"": 320, ""c_max"": 344}",
n20_os0.9_r6_uniform_24,n20_os0.9_r6_uniform,20,3,0.9,6,uniform,hoffmann,euristica,feasible,324,320,0.0125,0.01,,,,"{""tried_cycle_times"": 5, ""node_limit"": 20000, ""node_limit_hits"": 0, ""node_limit_hits_total"": 0}",
n20_os0.9_r6_uniform_24,n20_os0.9_r6_uniform,20,3,0.9,6,uniform,gruppi,euristica,feasible,326,320,0.01875,0.008,,,,"{""tried_cycle_times"": 7, ""n_groups"": 7, ""n_leaves"": 2}",
n20_os0.9_r10_uniform_00,n20_os0.9_r10_uniform,20,2,0.9053,10,uniform,hoffmann,euristica,feasible,585,583,0.003431,0.006,,,,"{""tried_cycle_times"": 3, ""node_limit"": 20000, ""node_limit_hits"": 0, ""node_limit_hits_total"": 0}",
n20_os0.9_r10_uniform_00,n20_os0.9_r10_uniform,20,2,0.9053,10,uniform,gruppi,euristica,feasible,585,583,0.003431,0.005,,,,"{""tried_cycle_times"": 3, ""n_groups"": 9, ""n_leaves"": 2}",
n20_os0.9_r10_uniform_01,n20_os0.9_r10_uniform,20,2,0.9105,10,uniform,hoffmann,euristica,feasible,491,471,0.042463,0.011,,,,"{""tried_cycle_times"": 21, ""node_limit"": 20000, ""node_limit_hits"": 0, ""node_limit_hits_total"": 0}",
n20_os0.9_r10_uniform_01,n20_os0.9_r10_uniform,20,2,0.9105,10,uniform,gruppi,euristica,feasible,491,471,0.042463,0.009,,,,"{""tried_cycle_times"": 21, ""n_groups"": 8, ""n_leaves"": 2}",
n20_os0.9_r10_uniform_02,n20_os0.9_r10_uniform,20,2,0.9,10,uniform,patterson_albracht,pli,optimal,384,384,0.0,0.005,0.002,23,49,"{""c_min"": 384, ""c_max"": 393}",
n20_os0.9_r10_uniform_02,n20_os0.9_r10_uniform,20,2,0.9,10,uniform,ritt_costa,pli,optimal,384,384,0.0,0.005,0.001,33,25,"{""c_min"": 384, ""c_max"": 393}",
n20_os0.9_r10_uniform_02,n20_os0.9_r10_uniform,20,2,0.9,10,uniform,hoffmann,euristica,optimal,384,384,0.0,0.007,,,,"{""tried_cycle_times"": 1, ""node_limit"": 20000, ""node_limit_hits"": 0, ""node_limit_hits_total"": 0}",
n20_os0.9_r10_uniform_02,n20_os0.9_r10_uniform,20,2,0.9,10,uniform,gruppi,euristica,optimal,384,384,0.0,0.006,,,,"{""tried_cycle_times"": 1, ""n_groups"": 9, ""n_leaves"": 1}",
n20_os0.9_r10_uniform_03,n20_os0.9_r10_uniform,20,2,0.9053,10,uniform,hoffmann,euristica,optimal,453,453,0.0,0.005,,,,"{""tried_cycle_times"": 1, ""node_limit"": 20000, ""node_limit_hits"": 0, ""node_limit_hits_total"": 0}",
n20_os0.9_r10_uniform_03,n20_os0.9_r10_uniform,20,2,0.9053,10,uniform,gruppi,euristica,feasible,460,453,0.015453,0.007,,,,"{""tried_cycle_times"": 8, ""n_groups"": 7, ""n_leaves"": 3}",
n20_os0.9_r10_uniform_04,n20_os0.9_r10_uniform,20,2,0.9053,10,uniform,hoffmann,euristica,feasible,579,573,0.010471,0.006,,,,"{""tried_cycle_times"": 7, ""node_limit"": 20000, ""node_limit_hits"": 0, ""node_limit_hits_total"": 0}",
n20_os0.9_r10_uniform_04,n20_os0.9_r10_uniform,20,2,0.9053,10,uniform,gruppi,euristica,feasible,579,573,0.010471,0.006,,,,"{""tried_cycle_times"": 7, ""n_groups"": 8, ""n_leaves"": 1}",
n20_os0.9_r10_uniform_05,n20_os0.9_r10_uniform,20,2,0.9105,10,uniform,hoffmann,euristica,feasible,584,583,0.001715,0.005,,,,"{""tried_cycle_times"": 2, ""node_limit"": 20000, ""node_limit_hits"": 0, ""node_limit_hits_total"": 0}",
n20_os0.9_r10_uniform_05,n20_os0.9_r10_uniform,20,2,0.9105,10,uniform,gruppi,euristica,feasible,594,583,0.018868,0.007,,,,"{""tried_cycle_times"": 12, ""n_groups"": 9, ""n_leaves"": 3}",
n20_os0.9_r10_uniform_06,n20_os0.9_r10_uniform,20,2,0.9053,10,uniform,patterson_albracht,pli,optimal,544,544,0.0,0.005,0.002,24,46,"{""c_min"": 544, ""c_max"": 558}",
n20_os0.9_r10_uniform_06,n20_os0.9_r10_uniform,20,2,0.9053,10,uniform,ritt_costa,pli,optimal,544,544,0.0,0.005,0.001,39,25,"{""c_min"": 544, ""c_max"": 558}",
n20_os0.9_r10_uniform_06,n20_os0.9_r10_uniform,20,2,0.9053,10,uniform,hoffmann,euristica,optimal,544,544,0.0,0.009,,,,"{""tried_cycle_times"": 1, ""node_limit"": 20000, ""node_limit_hits"": 0, ""node_limit_hits_total"": 0}",
n20_os0.9_r10_uniform_06,n20_os0.9_r10_uniform,20,2,0.9053,10,uniform,gruppi,euristica,optimal,544,544,0.0,0.009,,,,"{""tried_cycle_times"": 1, ""n_groups"": 7, ""n_leaves"": 3}",
n20_os0.9_r10_uniform_07,n20_os0.9_r10_uniform,20,2,0.9053,10,uniform,hoffmann,euristica,optimal,383,383,0.0,0.005,,,,"{""tried_cycle_times"": 1, ""node_limit"": 20000, ""node_limit_hits"": 0, ""node_limit_hits_total"": 0}",
n20_os0.9_r10_uniform_07,n20_os0.9_r10_uniform,20,2,0.9053,10,uniform,gruppi,euristica,optimal,383,383,0.0,0.005,,,,"{""tried_cycle_times"": 1, ""n_groups"": 9, ""n_leaves"": 1}",
n20_os0.9_r10_uniform_08,n20_os0.9_r10_uniform,20,2,0.9053,10,uniform,hoffmann,euristica,feasible,436,434,0.004608,0.005,,,,"{""tried_cycle_times"": 3, ""node_limit"": 20000, ""node_limit_hits"": 0, ""node_limit_hits_total"": 0}",
n20_os0.9_r10_uniform_08,n20_os0.9_r10_uniform,20,2,0.9053,10,uniform,gruppi,euristica,feasible,436,434,0.004608,0.006,,,,"{""tried_cycle_times"": 3, ""n_groups"": 8, ""n_leaves"": 1}",
n20_os0.9_r10_uniform_09,n20_os0.9_r10_uniform,20,2,0.9105,10,uniform,hoffmann,euristica,feasible,426,414,0.028986,0.009,,,,"{""tried_cycle_times"": 13, ""node_limit"": 20000, ""node_limit_hits"": 0, ""node_limit_hits_total"": 0}",
n20_os0.9_r10_uniform_09,n20_os0.9_r10_uniform,20,2,0.9105,10,uniform,gruppi,euristica,feasible,427,414,0.031401,0.007,,,,"{""tried_cycle_times"": 14, ""n_groups"": 8, ""n_leaves"": 2}",
n20_os0.9_r10_uniform_10,n20_os0.9_r10_uniform,20,2,0.9158,10,uniform,hoffmann,euristica,optimal,552,552,0.0,0.005,,,,"{""tried_cycle_times"": 1, ""node_limit"": 20000, ""node_limit_hits"": 0, ""node_limit_hits_total"": 0}",
n20_os0.9_r10_uniform_10,n20_os0.9_r10_uniform,20,2,0.9158,10,uniform,gruppi,euristica,optimal,552,552,0.0,0.005,,,,"{""tried_cycle_times"": 1, ""n_groups"": 8, ""n_leaves"": 2}",
n20_os0.9_r10_uniform_11,n20_os0.9_r10_uniform,20,2,0.9,10,uniform,hoffmann,euristica,optimal,459,459,0.0,0.005,,,,"{""tried_cycle_times"": 1, ""node_limit"": 20000, ""node_limit_hits"": 0, ""node_limit_hits_total"": 0}",
n20_os0.9_r10_uniform_11,n20_os0.9_r10_uniform,20,2,0.9,10,uniform,gruppi,euristica,optimal,459,459,0.0,0.005,,,,"{""tried_cycle_times"": 1, ""n_groups"": 4, ""n_leaves"": 3}",
n20_os0.9_r10_uniform_12,n20_os0.9_r10_uniform,20,2,0.9158,10,uniform,hoffmann,euristica,optimal,471,471,0.0,0.006,,,,"{""tried_cycle_times"": 1, ""node_limit"": 20000, ""node_limit_hits"": 0, ""node_limit_hits_total"": 0}",
n20_os0.9_r10_uniform_12,n20_os0.9_r10_uniform,20,2,0.9158,10,uniform,gruppi,euristica,feasible,477,471,0.012739,0.005,,,,"{""tried_cycle_times"": 7, ""n_groups"": 9, ""n_leaves"": 1}",
n20_os0.9_r10_uniform_13,n20_os0.9_r10_uniform,20,2,0.9053,10,uniform,hoffmann,euristica,feasible,609,602,0.011628,0.007,,,,"{""tried_cycle_times"": 8, ""node_limit"": 20000, ""node_limit_hits"": 0, ""node_limit_hits_total"": 0}",
n20_os0.9_r10_uniform_13,n20_os0.9_r10_uniform,20,2,0.9053,10,uniform,gruppi,euristica,feasible,609,602,0.011628,0.006,,,,"{""tried_cycle_times"": 8, ""n_groups"": 11, ""n_leaves"": 1}",
n20_os0.9_r10_uniform_14,n20_os0.9_r10_uniform,20,2,0.9,10,uniform,hoffmann,euristica,optimal,592,592,0.0,0.006,,,,"{""tried_cycle_times"": 1, ""node_limit"": 20000, ""node_limit_hits"": 0, ""node_limit_hits_total"": 0}",
n20_os0.9_r10_uniform_14,n20_os0.9_r10_uniform,20,2,0.9,10,uniform,gruppi,euristica,feasible,598,592,0.010135,0.006,,,,"{""tried_cycle_times"": 7, ""n_groups"": 5, ""n_leaves"": 1}",
n20_os0.9_r10_uniform_15,n20_os0.9_r10_uniform,20,2,0.9105,10,uniform,hoffmann,euristica,feasible,519,511,0.015656,0.007,,,,"{""tried_cycle_times"": 9, ""node_limit"": 20000, ""node_limit_hits"": 0, ""node_limit_hits_total"": 0}",
n20_os0.9_r10_uniform_15,n20_os0.9_r10_uniform,20,2,0.9105,10,uniform,gruppi,euristica,feasible,525,511,0.027397,0.007,,,,"{""tried_cycle_times"": 15, ""n_groups"": 7, ""n_leaves"": 1}",
n20_os0.9_r10_uniform_16,n20_os0.9_r10_uniform,20,2,0.9053,10,uniform,hoffmann,euristica,feasible,543,539,0.007421,0.007,,,,"{""tried_cycle_times"": 5, ""node_limit"": 20000, ""node_limit_hits"": 0, ""node_limit_hits_total"": 0}",
n20_os0.9_r10_uniform_16,n20_os0.9_r10_uniform,20,2,0.9053,10,uniform,gruppi,euristica,feasible,543,539,0.007421,0.006,,,,"{""tried_cycle_times"": 5, ""n_groups"": 7, ""n_leaves"": 1}",
n20_os0.9_r10_uniform_17,n20_os0.9_r10_uniform,20,2,0.9,10,uniform,hoffmann,euristica,feasible,421,413,0.01937,0.008,,,,"{""tried_cycle_times"": 9, ""node_limit"": 20000, ""node_limit_hits"": 0, ""node_limit_hits_total"": 0}",
n20_os0.9_r10_uniform_17,n20_os0.9_r10_uniform,20,2,0.9,10,uniform,gruppi,euristica,feasible,421,413,0.01937,0.006,,,,"{""tried_cycle_times"": 9, ""n_groups"": 8, ""n_leaves"": 2}",
n20_os0.9_r10_uniform_18,n20_os0.9_r10_uniform,20,2,0.9,10,uniform,hoffmann,euristica,feasible,612,605,0.01157,0.007,,,,"{""tried_cycle_times"": 8, ""node_limit"": 20000, ""node_limit_hits"": 0, ""node_limit_hits_total"": 0}",
n20_os0.9_r10_uniform_18,n20_os0.9_r10_uniform,20,2,0.9,10,uniform,gruppi,euristica,feasible,612,605,0.01157,0.006,,,,"{""tried_cycle_times"": 8, ""n_groups"": 7, ""n_leaves"": 1}",
n20_os0.9_r10_uniform_19,n20_os0.9_r10_uniform,20,2,0.9,10,uniform,hoffmann,euristica,feasible,467,461,0.013015,0.007,,,,"{""tried_cycle_times"": 7, ""node_limit"": 20000, ""node_limit_hits"": 0, ""node_limit_hits_total"": 0}",
n20_os0.9_r10_uniform_19,n20_os0.9_r10_uniform,20,2,0.9,10,uniform,gruppi,euristica,feasible,467,461,0.013015,0.006,,,,"{""tried_cycle_times"": 7, ""n_groups"": 9, ""n_leaves"": 1}",
n20_os0.9_r10_uniform_20,n20_os0.9_r10_uniform,20,2,0.9053,10,uniform,hoffmann,euristica,optimal,495,495,0.0,0.005,,,,"{""tried_cycle_times"": 1, ""node_limit"": 20000, ""node_limit_hits"": 0, ""node_limit_hits_total"": 0}",
n20_os0.9_r10_uniform_20,n20_os0.9_r10_uniform,20,2,0.9053,10,uniform,gruppi,euristica,optimal,495,495,0.0,0.005,,,,"{""tried_cycle_times"": 1, ""n_groups"": 8, ""n_leaves"": 2}",
n20_os0.9_r10_uniform_21,n20_os0.9_r10_uniform,20,2,0.9,10,uniform,hoffmann,euristica,feasible,586,567,0.03351,0.011,,,,"{""tried_cycle_times"": 20, ""node_limit"": 20000, ""node_limit_hits"": 0, ""node_limit_hits_total"": 0}",
n20_os0.9_r10_uniform_21,n20_os0.9_r10_uniform,20,2,0.9,10,uniform,gruppi,euristica,feasible,586,567,0.03351,0.007,,,,"{""tried_cycle_times"": 20, ""n_groups"": 9, ""n_leaves"": 2}",
n20_os0.9_r10_uniform_22,n20_os0.9_r10_uniform,20,2,0.9158,10,uniform,hoffmann,euristica,optimal,595,595,0.0,0.006,,,,"{""tried_cycle_times"": 1, ""node_limit"": 20000, ""node_limit_hits"": 0, ""node_limit_hits_total"": 0}",
n20_os0.9_r10_uniform_22,n20_os0.9_r10_uniform,20,2,0.9158,10,uniform,gruppi,euristica,optimal,595,595,0.0,0.006,,,,"{""tried_cycle_times"": 1, ""n_groups"": 7, ""n_leaves"": 2}",
n20_os0.9_r10_uniform_23,n20_os0.9_r10_uniform,20,2,0.9,10,uniform,hoffmann,euristica,feasible,376,365,0.030137,0.008,,,,"{""tried_cycle_times"": 12, ""node_limit"": 20000, ""node_limit_hits"": 0, ""node_limit_hits_total"": 0}",
n20_os0.9_r10_uniform_23,n20_os0.9_r10_uniform,20,2,0.9,10,uniform,gruppi,euristica,feasible,376,365,0.030137,0.006,,,,"{""tried_cycle_times"": 12, ""n_groups"": 7, ""n_leaves"": 2}",
n20_os0.9_r10_uniform_24,n20_os0.9_r10_uniform,20,2,0.9105,10,uniform,hoffmann,euristica,feasible,549,528,0.039773,0.011,,,,"{""tried_cycle_times"": 22, ""node_limit"": 20000, ""node_limit_hits"": 0, ""node_limit_hits_total"": 0}",
n20_os0.9_r10_uniform_24,n20_os0.9_r10_uniform,20,2,0.9105,10,uniform,gruppi,euristica,feasible,551,528,0.043561,0.007,,,,"{""tried_cycle_times"": 24, ""n_groups"": 6, ""n_leaves"": 1}",
n50_os0.2_r3_uniform_00,n50_os0.2_r3_uniform,50,17,0.2041,3,uniform,hoffmann,euristica,feasible,152,149,0.020134,0.022,,,,"{""tried_cycle_times"": 4, ""node_limit"": 20000, ""node_limit_hits"": 0, ""node_limit_hits_total"": 0}",
n50_os0.2_r3_uniform_00,n50_os0.2_r3_uniform,50,17,0.2041,3,uniform,gruppi,euristica,feasible,155,149,0.040268,0.016,,,,"{""tried_cycle_times"": 7, ""n_groups"": 18, ""n_leaves"": 14}",
n50_os0.2_r3_uniform_01,n50_os0.2_r3_uniform,50,17,0.2024,3,uniform,hoffmann,euristica,feasible,153,146,0.047945,0.034,,,,"{""tried_cycle_times"": 8, ""node_limit"": 20000, ""node_limit_hits"": 0, ""node_limit_hits_total"": 0}",
n50_os0.2_r3_uniform_01,n50_os0.2_r3_uniform,50,17,0.2024,3,uniform,gruppi,euristica,feasible,155,146,0.061644,0.018,,,,"{""tried_cycle_times"": 10, ""n_groups"": 20, ""n_leaves"": 13}",
n50_os0.2_r3_uniform_02,n50_os0.2_r3_uniform,50,17,0.2008,3,uniform,hoffmann,euristica,feasible,150,148,0.013514,0.019,,,,"{""tried_cycle_times"": 3, ""node_limit"": 20000, ""node_limit_hits"": 0, ""node_limit_hits_total"": 0}",
n50_os0.2_r3_uniform_02,n50_os0.2_r3_uniform,50,17,0.2008,3,uniform,gruppi,euristica,feasible,164,148,0.108108,0.027,,,,"{""tried_cycle_times"": 17, ""n_groups"": 21, ""n_leaves"": 17}",
n50_os0.2_r3_uniform_03,n50_os0.2_r3_uniform,50,17,0.2065,3,uniform,hoffmann,euristica,feasible,153,150,0.02,0.022,,,,"{""tried_cycle_times"": 4, ""node_limit"": 20000, ""node_limit_hits"": 0, ""node_limit_hits_total"": 0}",
n50_os0.2_r3_uniform_03,n50_os0.2_r3_uniform,50,17,0.2065,3,uniform,gruppi,euristica,feasible,157,150,0.046667,0.017,,,,"{""tried_cycle_times"": 8, ""n_groups"": 20, ""n_leaves"": 13}",
n50_os0.2_r3_uniform_04,n50_os0.2_r3_uniform,50,17,0.2057,3,uniform,hoffmann,euristica,feasible,168,165,0.018182,0.029,,,,"{""tried_cycle_times"": 4, ""node_limit"": 20000, ""node_limit_hits"": 0, ""node_limit_hits_total"": 0}",
n50_os0.2_r3_uniform_04,n50_os0.2_r3_uniform,50,17,0.2057,3,uniform,gruppi,euristica,feasible,172,165,0.042424,0.015,,,,"{""tried_cycle_times"": 8, ""n_groups"": 20, ""n_leaves"": 15}",
n50_os0.2_r3_uniform_05,n50_os0.2_r3_uniform,50,17,0.2139,3,uniform,hoffmann,euristica,feasible,153,150,0.02,0.023,,,,"{""tried_cycle_times"": 4, ""node_limit"": 20000, ""node_limit_hits"": 0, ""node_limit_hits_total"": 0}",
n50_os0.2_r3_uniform_05,n50_os0.2_r3_uniform,50,17,0.2139,3,uniform,gruppi,euristica,feasible,160,150,0.066667,0.02,,,,"{""tried_cycle_times"": 11, ""n_groups"": 21, ""n_leaves"": 14}",
n50_os0.2_r3_uniform_06,n50_os0.2_r3_uniform,50,17,0.2,3,uniform,hoffmann,euristica,feasible,171,168,0.017857,0.025,,,,"{""tried_cycle_times"": 4, ""node_limit"": 20000, ""node_limit_hits"": 0, ""node_limit_hits_total"": 0}",
n50_os0.2_r3_uniform_06,n50_os0.2_r3_uniform,50,17,0.2,3,uniform,gruppi,euristica,feasible,179,168,0.065476,0.02,,,,"{""tried_cycle_times"": 12, ""n_groups"": 18, ""n_leaves"": 12}",
n50_os0.2_r3_uniform_07,n50_os0.2_r3_uniform,50,17,0.218,3,uniform,hoffmann,euristica,feasible,152,147,0.034014,0.044,,,,"{""tried_cycle_times"": 6, ""node_limit"": 20000, ""node_limit_hits"": 0, ""node_limit_hits_total"": 0}",
n50_os0.2_r3_uniform_07,n50_os0.2_r3_uniform,50,17,0.218,3,uniform,gruppi,euristica,feasible,154,147,0.047619,0.017,,,,"{""tried_cycle_times"": 8, ""n_groups"": 20, ""n_leaves"": 14}",
n50_os0.2_r3_uniform_08,n50_os0.2_r3_uniform,50,17,0.2033,3,uniform,hoffmann,euristica,feasible,160,159,0.006289,0.018,,,,"{""tried_cycle_times"": 2, ""node_limit"": 20000, ""node_limit_hits"": 0, ""node_limit_hits_total"": 0}",
n50_os0.2_r3_uniform_08,n50_os0.2_r3_uniform,50,17,0.2033,3,uniform,gruppi,euristica,feasible,169,159,0.062893,0.021,,,,"{""tried_cycle_times"": 11, ""n_groups"": 21, ""n_leaves"": 13}",
n50_os0.2_r3_uniform_09,n50_os0.2_r3_uniform,50,17,0.2098,3,uniform,hoffmann,euristica,feasible,135,131,0.030534,0.024,,,,"{""tried_cycle_times"": 5, ""node_limit"": 20000, ""node_limit_hits"": 0, ""node_limit_hits_total"": 0}",
n50_os0.2_r3_uniform_09,n50_os0.2_r3_uniform,50,17,0.2098,3,uniform,gruppi,euristica,feasible,141,131,0.076336,0.018,,,,"{""tried_cycle_times"": 11, ""n_groups"": 17, ""n_leaves"": 15}",
n50_os0.2_r3_uniform_10,n50_os0.2_r3_uniform,50,17,0.2098,3,uniform,hoffmann,euristica,feasible,162,160,0.0125,0.018,,,,"{""tried_cycle_times"": 3, ""node_limit"": 20000, ""node_limit_hits"": 0, ""node_limit_hits_total"": 0}",
n50_os0.2_r3_uniform_10,n50_os0.2_r3_uniform,50,17,0.2098,3,uniform,gruppi,euristica,feasible,174,160,0.0875,0.023,,,,"{""tried_cycle_times"": 15, ""n_groups"": 19, ""n_leaves"": 15}",
n50_os0.2_r3_uniform_11,n50_os0.2_r3_uniform,50,17,0.2016,3,uniform,hoffmann,euristica,feasible,150,149,0.006711,0.015,,,,"{""tried_cycle_times"": 2, ""node_limit"": 20000, ""node_limit_hits"": 0, ""node_limit_hits_total"": 0}",
n50_os0.2_r3_uniform_11,n50_os0.2_r3_uniform,50,17,0.2016,3,uniform,gruppi,euristica,feasible,158,149,0.060403,0.017,,,,"{""tried_cycle_times"": 10, ""n_groups"": 19, ""n_leaves"": 13}",
n50_os0.2_r3_uniform_12,n50_os0.2_r3_uniform,50,17,0.2008,3,uniform,hoffmann,euristica,feasible,157,154,0.019481,0.034,,,,"{""tried_cycle_times"": 4, ""node_limit"": 20000, ""node_limit_hits"": 0, ""node_limit_hits_total"": 0}",
n50_os0.2_r3_uniform_12,n50_os0.2_r3_uniform,50,17,0.2008,3,uniform,gruppi,euristica,feasible,162,154,0.051948,0.031,,,,"{""tried_cycle_times"": 9, ""n_groups"": 16, ""n_leaves"": 14}",
n50_os0.2_r3_uniform_13,n50_os0.2_r3_uniform,50,17,0.2008,3,uniform,hoffmann,euristica,feasible,151,147,0.027211,0.049,,,,"{""tried_cycle_times"": 5, ""node_limit"": 20000, ""node_limit_hits"": 0, ""node_limit_hits_total"": 0}",
n50_os0.2_r3_uniform_13,n50_os0.2_r3_uniform,50,17,0.2008,3,uniform,gruppi,euristica,feasible,157,147,0.068027,0.022,,,,"{""tried_cycle_times"": 11, ""n_groups"": 20, ""n_leaves"": 14}",
n50_os0.2_r3_uniform_14,n50_os0.2_r3_uniform,50,17,0.2,3,uniform,hoffmann,euristica,feasible,164,163,0.006135,0.016,,,,"{""tried_cycle_times"": 2, ""node_limit"": 20000, ""node_limit_hits"": 0, ""node_limit_hits_total"": 0}",
n50_os0.2_r3_uniform_14,n50_os0.2_r3_uniform,50,17,0.2,3,uniform,gruppi,euristica,feasible,178,163,0.092025,0.026,,,,"{""tried_cycle_times"": 16, ""n_groups"": 19, ""n_leaves"": 15}",
n50_os0.2_r3_uniform_15,n50_os0.2_r3_uniform,50,17,0.2,3,uniform,hoffmann,euristica,feasible,164,160,0.025,0.029,,,,"{""tried_cycle_times"": 5, ""node_limit"": 20000, ""node_limit_hits"": 0, ""node_limit_hits_total"": 0}",
n50_os0.2_r3_uniform_15,n50_os0.2_r3_uniform,50,17,0.2,3,uniform,gruppi,euristica,feasible,170,160,0.0625,0.019,,,,"{""tried_cycle_times"": 11, ""n_groups"": 21, ""n_leaves"": 14}",
n50_os0.2_r3_uniform_16,n50_os0.2_r3_uniform,50,17,0.2033,3,uniform,hoffmann,euristica,feasible,146,142,0.028169,0.027,,,,"{""tried_cycle_times"": 5, ""node_limit"": 20000, ""node_limit_hits"": 0, ""node_limit_hits_total"": 0}",
n50_os0.2_r3_uniform_16,n50_os0.2_r3_uniform,50,17,0.2033,3,uniform,gruppi,euristica,feasible,151,142,0.06338,0.019,,,,"{""tried_cycle_times"": 10, ""n_groups"": 18, ""n_leaves"": 15}",
n50_os0.2_r3_uniform_17,n50_os0.2_r3_uniform,50,17,0.2,3,uniform,hoffmann,euristica,feasible,141,138,0.021739,0.023,,,,"{""tried_cycle_times"": 4, ""node_limit"": 20000, ""node_limit_hits"": 0, ""node_limit_hits_total"": 0}",
n50_os0.2_r3_uniform_17,n50_os0.2_r3_uniform,50,17,0.2,3,uniform,gruppi,euristica,feasible,149,138,0.07971,0.02,,,,"{""tried_cycle_times"": 12, ""n_groups"": 18, ""n_leaves"": 14}",
n50_os0.2_r3_uniform_18,n50_os0.2_r3_uniform,50,17,0.2008,3,uniform,hoffmann,euristica,feasible,163,159,0.025157,0.029,,,,"{""tried_cycle_times"": 5, ""node_limit"": 20000, ""node_limit_hits"": 0, ""node_limit_hits_total"": 0}",
n50_os0.2_r3_uniform_18,n50_os0.2_r3_uniform,50,17,0.2008,3,uniform,gruppi,euristica,feasible,171,159,0.075472,0.022,,,,"{""tried_cycle_times"": 13, ""n_groups"": 16, ""n_leaves"": 14}",
n50_os0.2_r3_uniform_19,n50_os0.2_r3_uniform,50,17,0.2,3,uniform,hoffmann,euristica,feasible,157,153,0.026144,0.029,,,,"{""tried_cycle_times"": 5, ""node_limit"": 20000, ""node_limit_hits"": 0, ""node_limit_hits_total"": 0}",
n50_os0.2_r3_uniform_19,n50_os0.2_r3_uniform,50,17,0.2,3,uniform,gruppi,euristica,feasible,159,153,0.039216,0.016,,,,"{""tried_cycle_times"": 7, ""n_groups"": 19, ""n_leaves"": 16}",
n50_os0.2_r3_uniform_20,n50_os0.2_r3_uniform,50,17,0.2033,3,uniform,hoffmann,euristica,feasible,167,155,0.077419,0.066,,,,"{""tried_cycle_times"": 13, ""node_limit"": 20000, ""node_limit_hits"": 0, ""node_limit_hits_total"": 0}",
n50_os0.2_r3_uniform_20,n50_os0.2_r3_uniform,50,17,0.2033,3,uniform,gruppi,euristica,feasible,167,155,0.077419,0.023,,,,"{""tried_cycle_times"": 13, ""n_groups"": 23, ""n_leaves"": 12}",
n50_os0.2_r3_uniform_21,n50_os0.2_r3_uniform,50,17,0.2,3,uniform,hoffmann,euristica,feasible,146,144,0.013889,0.018,,,,"{""tried_cycle_times"": 3, ""node_limit"": 20000, ""node_limit_hits"": 0, ""node_limit_hits_total"": 0}",
n50_os0.2_r3_uniform_21,n50_os0.2_r3_uniform,50,17,0.2,3,uniform,gruppi,euristica,feasible,154,144,0.069444,0.019,,,,"{""tried_cycle_times"": 11, ""n_groups"": 20, ""n_leaves"": 12}",
n50_os0.2_r3_uniform_22,n50_os0.2_r3_uniform,50,17,0.2057,3,uniform,hoffmann,euristica,feasible,160,156,0.025641,0.033,,,,"{""tried_cycle_times"": 5, ""node_limit"": 20000, ""node_limit_hits"": 0, ""node_limit_hits_total"": 0}",
n50_os0.2_r3_uniform_22,n50_os0.2_r3_uniform,50,17,0.2057,3,uniform,gruppi,euristica,feasible,169,156,0.083333,0.023,,,,"{""tried_cycle_times"": 14, ""n_groups"": 18, ""n_leaves"": 14}",
n50_os0.2_r3_uniform_23,n50_os0.2_r3_uniform,50,17,0.2114,3,uniform,hoffmann,euristica,feasible,168,167,0.005988,0.028,,,,"{""tried_cycle_times"": 2, ""node_limit"": 20000, ""node_limit_hits"": 0, ""node_limit_hits_total"": 0}",
n50_os0.2_r3_uniform_23,n50_os0.2_r3_uniform,50,17,0.2114,3,uniform,gruppi,euristica,feasible,178,167,0.065868,0.02,,,,"{""tried_cycle_times"": 12, ""n_groups"": 17, ""n_leaves"": 13}",
n50_os0.2_r3_uniform_24,n50_os0.2_r3_uniform,50,17,0.2,3,uniform,hoffmann,euristica,feasible,173,169,0.023669,0.032,,,,"{""tried_cycle_times"": 5, ""node_limit"": 20000, ""node_limit_hits"": 0, ""node_limit_hits_total"": 0}",
n50_os0.2_r3_uniform_24,n50_os0.2_r3_uniform,50,17,0.2,3,uniform,gruppi,euristica,feasible,185,169,0.094675,0.023,,,,"{""tried_cycle_times"": 17, ""n_groups"": 19, ""n_leaves"": 13}",
n50_os0.2_r6_uniform_00,n50_os0.2_r6_uniform,50,8,0.2008,6,uniform,hoffmann,euristica,optimal,364,364,0.0,0.015,,,,"{""tried_cycle_times"": 1, ""node_limit"": 20000, ""node_limit_hits"": 0, ""node_limit_hits_total"": 0}",
n50_os0.2_r6_uniform_00,n50_os0.2_r6_uniform,50,8,0.2008,6,uniform,gruppi,euristica,feasible,368,364,0.010989,0.011,,,,"{""tried_cycle_times"": 5, ""n_groups"": 21, ""n_leaves"": 14}",
n50_os0.2_r6_uniform_01,n50_os0.2_r6_uniform,50,8,0.2073,6,uniform,hoffmann,euristica,optimal,288,288,0.0,0.012,,,,"{""tried_cycle_times"": 1, ""node_limit"": 20000, ""node_limit_hits"": 0, ""node_limit_hits_total"": 0}",
n50_os0.2_r6_uniform_01,n50_os0.2_r6_uniform,50,8,0.2073,6,uniform,gruppi,euristica,feasible,295,288,0.024306,0.014,,,,"{""tried_cycle_times"": 8, ""n_groups"": 21, ""n_leaves"": 15}",
n50_os0.2_r6_uniform_02,n50_os0.2_r6_uniform,50,8,0.2049,6,uniform,hoffmann,euristica,optimal,324,324,0.0,0.009,,,,"{""tried_cycle_times"": 1, ""node_limit"": 20000, ""node_limit_hits"": 0, ""node_limit_hits_total"": 0}",
n50_os0.2_r6_uniform_02,n50_os0.2_r6_uniform,50,8,0.2049,6,uniform,gruppi,euristica,feasible,334,324,0.030864,0.015,,,,"{""tried_cycle_times"": 11, ""n_groups"": 22, ""n_leaves"": 13}",
n50_os0.2_r6_uniform_03,n50_os0.2_r6_uniform,50,8,0.2016,6,uniform,hoffmann,euristica,optimal,363,363,0.0,0.014,,,,"{""tried_cycle_times"": 1, ""node_limit"": 20000, ""node_limit_hits"": 0, ""node_limit_hits_total"": 0}",
n50_os0.2_r6_uniform_03,n50_os0.2_r6_uniform,50,8,0.2016,6,uniform,gruppi,euristica,feasible,369,363,0.016529,0.012,,,,"{""tried_cycle_times"": 7, ""n_groups"": 18, ""n_leaves"": 11}",
n50_os0.2_r6_uniform_04,n50_os0.2_r6_uniform,50,8,0.2016,6,uniform,hoffmann,euristica,optimal,293,293,0.0,0.012,,,,"{""tried_cycle_times"": 1, ""node_limit"": 20000, ""node_limit_hits"": 0, ""node_limit_hits_total"": 0}",
n50_os0.2_r6_uniform_04,n50_os0.2_r6_uniform,50,8,0.2016,6,uniform,gruppi,euristica,feasible,300,293,0.023891,0.013,,,,"{""tried_cycle_times"": 8, ""n_groups"": 20, ""n_leaves"": 16}",
n50_os0.2_r6_uniform_05,n50_os0.2_r6_uniform,50,8,0.2,6,uniform,hoffmann,euristica,optimal,305,305,0.0,0.008,,,,"{""tried_cycle_times"": 1, ""node_limit"": 20000, ""node_limit_hits"": 0, ""node_limit_hits_total"": 0}",
n50_os0.2_r6_uniform_05,n50_os0.2_r6_uniform,50,8,0.2,6,uniform,gruppi,euristica,feasible,309,305,0.013115,0.011,,,,"{""tried_cycle_times"": 5, ""n_groups"": 21, ""n_leaves"": 12}",
n50_os0.2_r6_uniform_06,n50_os0.2_r6_uniform,50,8,0.2,6,uniform,hoffmann,euristica,feasible,327,326,0.003067,0.017,,,,"{""tried_cycle_times"": 2, ""node_limit"": 20000, ""node_limit_hits"": 0, ""node_limit_hits_total"": 0}",
n50_os0.2_r6_uniform_06,n50_os0.2_r6_uniform,50,8,0.2,6,uniform,gruppi,euristica,feasible,334,326,0.02454,0.015,,,,"{""tried_cycle_times"": 9, ""n_groups"": 17, ""n_leaves"": 18}",
n50_os0.2_r6_uniform_07,n50_os0.2_r6_uniform,50,8,0.2082,6,uniform,hoffmann,euristica,optimal,316,316,0.0,0.01,,,,"{""tried_cycle_times"": 1, ""node_limit"": 20000, ""node_limit_hits"": 0, ""node_limit_hits_total"": 0}",
n50_os0.2_r6_uniform_07,n50_os0.2_r6_uniform,50,8,0.2082,6,uniform,gruppi,euristica,feasible,324,316,0.025316,0.014,,,,"{""tried_cycle_times"": 9, ""n_groups"": 19, ""n_leaves"": 16}",
n50_os0.2_r6_uniform_08,n50_os0.2_r6_uniform,50,8,0.2114,6,uniform,hoffmann,euristica,optimal,346,346,0.0,0.011,,,,"{""tried_cycle_times"": 1, ""node_limit"": 20000, ""node_limit_hits"": 0, ""node_limit_hits_total"": 0}",
n50_os0.2_r6_uniform_08,n50_os0.2_r6_uniform,50,8,0.2114,6,uniform,gruppi,euristica,feasible,352,346,0.017341,0.013,,,,"{""tried_cycle_times"": 7, ""n_groups"": 22, ""n_leaves"": 13}",
n50_os0.2_r6_uniform_09,n50_os0.2_r6_uniform,50,8,0.2033,6,uniform,hoffmann,euristica,feasible,267,266,0.003759,0.016,,,,"{""tried_cycle_times"": 2, ""node_limit"": 20000, ""node_limit_hits"": 0, ""node_limit_hits_total"": 0}",
n50_os0.2_r6_uniform_09,n50_os0.2_r6_uniform,50,8,0.2033,6,uniform,gruppi,euristica,feasible,270,266,0.015038,0.012,,,,"{""tried_cycle_times"": 5, ""n_groups"": 22, ""n_leaves"": 13}",
n50_os0.2_r6_uniform_10,n50_os0.2_r6_uniform,50,8,0.2033,6,uniform,hoffmann,euristica,optimal,314,314,0.0,0.011,,,,"{""tried_cycle_times"": 1, ""node_limit"": 20000, ""node_limit_hits"": 0, ""node_limit_hits_total"": 0}",
n50_os0.2_r6_uniform_10,n50_os0.2_r6_uniform,50,8,0.2033,6,uniform,gruppi,euristica,feasible,323,314,0.028662,0.016,,,,"{""tried_cycle_times"": 10, ""n_groups"": 19, ""n_leaves"": 14}",
n50_os0.2_r6_uniform_11,n50_os0.2_r6_uniform,50,8,0.2,6,uniform,hoffmann,euristica,optimal,270,270,0.0,0.01,,,,"{""tried_cycle_times"": 1, ""node_limit"": 20000, ""node_limit_hits"": 0, ""node_limit_hits_total"": 0}",
n50_os0.2_r6_uniform_11,n50_os0.2_r6_uniform,50,8,0.2,6,uniform,gruppi,euristica,feasible,272,270,0.007407,0.009,,,,"{""tried_cycle_times"": 3, ""n_groups"": 22, ""n_leaves"": 14}",
n50_os0.2_r6_uniform_12,n50_os0.2_r6_uniform,50,8,0.2016,6,uniform,hoffmann,euristica,optimal,331,331,0.0,0.008,,,,"{""tried_cycle_times"": 1, ""node_limit"": 20000, ""node_limit_hits"": 0, ""node_limit_hits_total"": 0}",
n50_os0.2_r6_uniform_12,n50_os0.2_r6_uniform,50,8,0.2016,6,uniform,gruppi,euristica,feasible,340,331,0.02719,0.014,,,,"{""tried_cycle_times"": 10, ""n_groups"": 19, ""n_leaves"": 14}",
n50_os0.2_r6_uniform_13,n50_os0.2_r6_uniform,50,8,0.2,6,uniform,hoffmann,euristica,optimal,307,307,0.0,0.009,,,,"{""tried_cycle_times"": 1, ""node_limit"": 20000, ""node_limit_hits"": 0, ""node_limit_hits_total"": 0}",
n50_os0.2_r6_uniform_13,n50_os0.2_r6_uniform,50,8,0.2,6,uniform,gruppi,euristica,feasible,314,307,0.022801,0.014,,,,"{""tried_cycle_times"": 8, ""n_groups"": 18, ""n_leaves"": 15}",
n50_os0.2_r6_uniform_14,n50_os0.2_r6_uniform,50,8,0.2122,6,uniform,hoffmann,euristica,optimal,337,337,0.0,0.025,,,,"{""tried_cycle_times"": 1, ""node_limit"": 20000, ""node_limit_hits"": 0, ""node_limit_hits_total"": 0}",
n50_os0.2_r6_uniform_14,n50_os0.2_r6_uniform,50,8,0.2122,6,uniform,gruppi,euristica,feasible,348,337,0.032641,0.016,,,,"{""tried_cycle_times"": 12, ""n_groups"": 20, ""n_leaves"": 13}",
n50_os0.2_r6_uniform_15,n50_os0.2_r6_uniform,50,8,0.2008,6,uniform,hoffmann,euristica,optimal,296,296,0.0,0.012,,,,"{""tried_cycle_times"": 1, ""node_limit"": 20000, ""node_limit_hits"": 0, ""node_limit_hits_total"": 0}",
n50_os0.2_r6_uniform_15,n50_os0.2_r6_uniform,50,8,0.2008,6,uniform,gruppi,euristica,feasible,303,296,0.023649,0.013,,,,"{""tried_cycle_times"": 8, ""n_groups"": 19, ""n_leaves"": 11}",
n50_os0.2_r6_uniform_16,n50_os0.2_r6_uniform,50,8,0.2073,6,uniform,hoffmann,euristica,optimal,338,338,0.0,0.014,,,,"{""tried_cycle_times"": 1, ""node_limit"": 20000, ""node_limit_hits"": 0, ""node_limit_hits_total"": 0}",
n50_os0.2_r6_uniform_16,n50_os0.2_r6_uniform,50,8,0.2073,6,uniform,gruppi,euristica,feasible,343,338,0.014793,0.011,,,,"{""tried_cycle_times"": 6, ""n_groups"": 20, ""n_leaves"": 10}",
n50_os0.2_r6_uniform_17,n50_os0.2_r6_uniform,50,8,0.2033,6,uniform,hoffmann,euristica,optimal,338,338,0.0,0.013,,,,"{""tried_cycle_times"": 1, ""node_limit"": 20000, ""node_limit_hits"": 0, ""node_limit_hits_total"": 0}",
n50_os0.2_r6_uniform_17,n50_os0.2_r6_uniform,50,8,0.2033,6,uniform,gruppi,euristica,feasible,346,338,0.023669,0.015,,,,"{""tried_cycle_times"": 9, ""n_groups"": 16, ""n_leaves"": 14}",
n50_os0.2_r6_uniform_18,n50_os0.2_r6_uniform,50,8,0.2122,6,uniform,hoffmann,euristica,optimal,308,308,0.0,0.012,,,,"{""tried_cycle_times"": 1, ""node_limit"": 20000, ""node_limit_hits"": 0, ""node_limit_hits_total"": 0}",
n50_os0.2_r6_uniform_18,n50_os0.2_r6_uniform,50,8,0.2122,6,uniform,gruppi,euristica,feasible,314,308,0.019481,0.013,,,,"{""tried_cycle_times"": 7, ""n_groups"": 21, ""n_leaves"": 12}",
n50_os0.2_r6_uniform_19,n50_os0.2_r6_uniform,50,8,0.2024,6,uniform,hoffmann,euristica,optimal,333,333,0.0,0.009,,,,"{""tried_cycle_times"": 1, ""node_limit"": 20000, ""node_limit_hits"": 0, ""node_limit_hits_total"": 0}",
n50_os0.2_r6_uniform_19,n50_os0.2_r6_uniform,50,8,0.2024,6,uniform,gruppi,euristica,feasible,335,333,0.006006,0.01,,,,"{""tried_cycle_times"": 3, ""n_groups"": 20, ""n_leaves"": 12}",
n50_os0.2_r6_uniform_20,n50_os0.2_r6_uniform,50,8,0.2057,6,uniform,hoffmann,euristica,optimal,309,309,0.0,0.01,,,,"{""tried_cycle_times"": 1, ""node_limit"": 20000, ""node_limit_hits"": 0, ""node_limit_hits_total"": 0}",
n50_os0.2_r6_uniform_20,n50_os0.2_r6_uniform,50,8,0.2057,6,uniform,gruppi,euristica,feasible,317,309,0.02589,0.013,,,,"{""tried_cycle_times"": 9, ""n_groups"": 18, ""n_leaves"": 12}",
n50_os0.2_r6_uniform_21,n50_os0.2_r6_uniform,50,8,0.2163,6,uniform,hoffmann,euristica,optimal,294,294,0.0,0.011,,,,"{""tried_cycle_times"": 1, ""node_limit"": 20000, ""node_limit_hits"": 0, ""node_limit_hits_total"": 0}",
n50_os0.2_r6_uniform_21,n50_os0.2_r6_uniform,50,8,0.2163,6,uniform,gruppi,euristica,feasible,298,294,0.013605,0.011,,,,"{""tried_cycle_times"": 5, ""n_groups"": 19, ""n_leaves"": 16}",
n50_os0.2_r6_uniform_22,n50_os0.2_r6_uniform,50,8,0.2033,6,uniform,hoffmann,euristica,optimal,305,305,0.0,0.01,,,,"{""tried_cycle_times"": 1, ""node_limit"": 20000, ""node_limit_hits"": 0, ""node_limit_hits_total"": 0}",
n50_os0.2_r6_uniform_22,n50_os0.2_r6_uniform,50,8,0.2033,6,uniform,gruppi,euristica,feasible,315,305,0.032787,0.017,,,,"{""tried_cycle_times"": 11, ""n_groups"": 22, ""n_leaves"": 14}",
n50_os0.2_r6_uniform_23,n50_os0.2_r6_uniform,50,8,0.2024,6,uniform,hoffmann,euristica,optimal,325,325,0.0,0.009,,,,"{""tried_cycle_times"": 1, ""node_limit"": 20000, ""node_limit_hits"": 0, ""node_limit_hits_total"": 0}",
n50_os0.2_r6_uniform_23,n50_os0.2_r6_uniform,50,8,0.2024,6,uniform,gruppi,euristica,feasible,338,325,0.04,0.016,,,,"{""tried_cycle_times"": 14, ""n_groups"": 19, ""n_leaves"": 13}",
n50_os0.2_r6_uniform_24,n50_os0.2_r6_uniform,50,8,0.2008,6,uniform,hoffmann,euristica,optimal,347,347,0.0,0.011,,,,"{""tried_cycle_times"": 1, ""node_limit"": 20000, ""node_limit_hits"": 0, ""node_limit_hits_total"": 0}",
n50_os0.2_r6_uniform_24,n50_os0.2_r6_uniform,50,8,0.2008,6,uniform,gruppi,euristica,feasible,351,347,0.011527,0.011,,,,"{""tried_cycle_times"": 5, ""n_groups"": 18, ""n_leaves"": 16}",
n50_os0.2_r10_uniform_00,n50_os0.2_r10_uniform,50,5,0.2057,10,uniform,hoffmann,euristica,optimal,412,412,0.0,0.009,,,,"{""tried_cycle_times"": 1, ""node_limit"": 20000, ""node_limit_hits"": 0, ""node_limit_hits_total"": 0}",
n50_os0.2_r10_uniform_00,n50_os0.2_r10_uniform,50,5,0.2057,10,uniform,gruppi,euristica,feasible,419,412,0.01699,0.013,,,,"{""tried_cycle_times"": 8, ""n_groups"": 19, ""n_leaves"": 16}",
n50_os0.2_r10_uniform_01,n50_os0.2_r10_uniform,50,5,0.2,10,uniform,hoffmann,euristica,optimal,479,479,0.0,0.008,,,,"{""tried_cycle_times"": 1, ""node_limit"": 20000, ""node_limit_hits"": 0, ""node_limit_hits_total"": 0}",
n50_os0.2_r10_uniform_01,n50_os0.2_r10_uniform,50,5,0.2,10,uniform,gruppi,euristica,feasible,481,479,0.004175,0.009,,,,"{""tried_cycle_times"": 3, ""n_groups"": 20, ""n_leaves"": 13}",
n50_os0.2_r10_uniform_02,n50_os0.2_r10_uniform,50,5,0.2008,10,uniform,hoffmann,euristica,optimal,539,539,0.0,0.009,,,,"{""tried_cycle_times"": 1, ""node_limit"": 20000, ""node_limit_hits"": 0, ""node_limit_hits_total"": 0}",
n50_os0.2_r10_uniform_02,n50_os0.2_r10_uniform,50,5,0.2008,10,uniform,gruppi,euristica,feasible,542,539,0.005566,0.01,,,,"{""tried_cycle_times"": 4, ""n_groups"": 23, ""n_leaves"": 9}",
n50_os0.2_r10_uniform_03,n50_os0.2_r10_uniform,50,5,0.2049,10,uniform,hoffmann,euristica,optimal,498,498,0.0,0.009,,,,"{""tried_cycle_times"": 1, ""node_limit"": 20000, ""node_limit_hits"": 0, ""node_limit_hits_total"": 0}",
n50_os0.2_r10_uniform_03,n50_os0.2_r10_uniform,50,5,0.2049,10,uniform,gruppi,euristica,feasible,499,498,0.002008,0.008,,,,"{""tried_cycle_times"": 2, ""n_groups"": 20, ""n_leaves"": 12}",
n50_os0.2_r10_uniform_04,n50_os0.2_r10_uniform,50,5,0.2114,10,uniform,hoffmann,euristica,optimal,538,538,0.0,0.014,,,,"{""tried_cycle_times"": 1, ""node_limit"": 20000, ""node_limit_hits"": 0, ""node_limit_hits_total"": 0}",
n50_os0.2_r10_uniform_04,n50_os0.2_r10_uniform,50,5,0.2114,10,uniform,gruppi,euristica,feasible,543,538,0.009294,0.012,,,,"{""tried_cycle_times"": 6, ""n_groups"": 20, ""n_leaves"": 12}",
n50_os0.2_r10_uniform_05,n50_os0.2_r10_uniform,50,5,0.2065,10,uniform,hoffmann,euristica,optimal,543,543,0.0,0.012,,,,"{""tried_cycle_times"": 1, ""node_limit"": 20000, ""node_limit_hits"": 0, ""node_limit_hits_total"": 0}",
n50_os0.2_r10_uniform_05,n50_os0.2_r10_uniform,50,5,0.2065,10,uniform,gruppi,euristica,feasible,545,543,0.003683,0.009,,,,"{""tried_cycle_times"": 3, ""n_groups"": 19, ""n_leaves"": 13}",
n50_os0.2_r10_uniform_06,n50_os0.2_r10_uniform,50,5,0.2024,10,uniform,hoffmann,euristica,optimal,530,530,0.0,0.009,,,,"{""tried_cycle_times"": 1, ""node_limit"": 20000, ""node_limit_hits"": 0, ""node_limit_hits_total"": 0}",
n50_os0.2_r10_uniform_06,n50_os0.2_r10_uniform,50,5,0.2024,10,uniform,gruppi,euristica,feasible,532,530,0.003774,0.009,,,,"{""tried_cycle_times"": 3, ""n_groups"": 22, ""n_leaves"": 10}",
n50_os0.2_r10_uniform_07,n50_os0.2_r10_uniform,50,5,0.2,10,uniform,hoffmann,euristica,optimal,529,529,0.0,0.012,,,,"{""tried_cycle_times"": 1, ""node_limit"": 20000, ""node_limit_hits"": 0, ""node_limit_hits_total"": 0}",
n50_os0.2_r10_uniform_07,n50_os0.2_r10_uniform,50,5,0.2,10,uniform,gruppi,euristica,feasible,531,529,0.003781,0.009,,,,"{""tried_cycle_times"": 3, ""n_groups"": 21, ""n_leaves"": 12}",
n50_os0.2_r10_uniform_08,n50_os0.2_r10_uniform,50,5,0.2122,10,uniform,hoffmann,euristica,optimal,516,516,0.0,0.009,,,,"{""tried_cycle_times"": 1, ""node_limit"": 20000, ""node_limit_hits"": 0, ""node_limit_hits_total"": 0}",
n50_os0.2_r10_uniform_08,n50_os0.2_r10_uniform,50,5,0.2122,10,uniform,gruppi,euristica,feasible,519,516,0.005814,0.011,,,,"{""tried_cycle_times"": 4, ""n_groups"": 16, ""n_leaves"": 13}",
n50_os0.2_r10_uniform_09,n50_os0.2_r10_uniform,50,5,0.2024,10,uniform,hoffmann,euristica,optimal,478,478,0.0,0.009,,,,"{""tried_cycle_times"": 1, ""node_limit"": 20000, ""node_limit_hits"": 0, ""node_limit_hits_total"": 0}",
n50_os0.2_r10_uniform_09,n50_os0.2_r10_uniform,50,5,0.2024,10,uniform,gruppi,euristica,feasible,484,478,0.012552,0.011,,,,"{""tried_cycle_times"": 7, ""n_groups"": 20, ""n_leaves"": 9}",
n50_os0.2_r10_uniform_10,n50_os0.2_r10_uniform,50,5,0.2,10,uniform,hoffmann,euristica,optimal,474,474,0.0,0.013,,,,"{""tried_cycle_times"": 1, ""node_limit"": 20000, ""node_limit_hits"": 0, ""node_limit_hits_total"": 0}",
n50_os0.2_r10_uniform_10,n50_os0.2_r10_uniform,50,5,0.2,10,uniform,gruppi,euristica,feasible,479,474,0.010549,0.011,,,,"{""tried_cycle_times"": 6, ""n_groups"": 25, ""n_leaves"": 12}",
n50_os0.2_r10_uniform_11,n50_os0.2_r10_uniform,50,5,0.2008,10,uniform,hoffmann,euristica,optimal,483,483,0.0,0.008,,,,"{""tried_cycle_times"": 1, ""node_limit"": 20000, ""node_limit_hits"": 0, ""node_limit_hits_total"": 0}",
n50_os0.2_r10_uniform_11,n50_os0.2_r10_uniform,50,5,0.2008,10,uniform,gruppi,euristica,feasible,489,483,0.012422,0.012,,,,"{""tried_cycle_times"": 7, ""n_groups"": 20, ""n_leaves"": 12}",
n50_os0.2_r10_uniform_12,n50_os0.2_r10_uniform,50,5,0.2,10,uniform,hoffmann,euristica,optimal,526,526,0.0,0.013,,,,"{""tried_cycle_times"": 1, ""node_limit"": 20000, ""node_limit_hits"": 0, ""node_limit_hits_total"": 0}",
n50_os0.2_r10_uniform_12,n50_os0.2_r10_uniform,50,5,0.2,10,uniform,gruppi,euristica,feasible,530,526,0.007605,0.01,,,,"{""tried_cycle_times"": 5, ""n_groups"": 18, ""n_leaves"": 13}",
n50_os0.2_r10_uniform_13,n50_os0.2_r10_uniform,50,5,0.209,10,uniform,hoffmann,euristica,optimal,493,493,0.0,0.012,,,,"{""tried_cycle_times"": 1, ""node_limit"": 20000, ""node_limit_hits"": 0, ""node_limit_hits_total"": 0}",
n50_os0.2_r10_uniform_13,n50_os0.2_r10_uniform,50,5,0.209,10,uniform,gruppi,euristica,feasible,495,493,0.004057,0.009,,,,"{""tried_cycle_times"": 3, ""n_groups"": 18, ""n_leaves"": 19}",
n50_os0.2_r10_uniform_14,n50_os0.2_r10_uniform,50,5,0.2065,10,uniform,hoffmann,euristica,optimal,542,542,0.0,0.011,,,,"{""tried_cycle_times"": 1, ""node_limit"": 20000, ""node_limit_hits"": 0, ""node_limit_hits_total"": 0}",
n50_os0.2_r10_uniform_14,n50_os0.2_r10_uniform,50,5,0.2065,10,uniform,gruppi,euristica,feasible,550,542,0.01476,0.014,,,,"{""tried_cycle_times"": 9, ""n_groups"": 20, ""n_leaves"": 17}",
n50_os0.2_r10_uniform_15,n50_os0.2_r10_uniform,50,5,0.2073,10,uniform,hoffmann,euristica,optimal,499,499,0.0,0.017,,,,"{""tried_cycle_times"": 1, ""node_limit"": 20000, ""node_limit_hits"": 0, ""node_limit_hits_total"": 0}",
n50_os0.2_r10_uniform_15,n50_os0.2_r10_uniform,50,5,0.2073,10,uniform,gruppi,euristica,feasible,503,499,0.008016,0.011,,,,"{""tried_cycle_times"": 5, ""n_groups"": 16, ""n_leaves"": 17}",
n50_os0.2_r10_uniform_16,n50_os0.2_r10_uniform,50,5,0.2049,10,uniform,hoffmann,euristica,optimal,500,500,0.0,0.011,,,,"{""tried_cycle_times"": 1, ""node_limit"": 20000, ""node_limit_hits"": 0, ""node_limit_hits_total"": 0}",
n50_os0.2_r10_uniform_16,n50_os0.2_r10_uniform,50,5,0.2049,10,uniform,gruppi,euristica,feasible,506,500,0.012,0.012,,,,"{""tried_cycle_times"": 7, ""n_groups"": 21, ""n_leaves"": 15}",
n50_os0.2_r10_uniform_17,n50_os0.2_r10_uniform,50,5,0.2065,10,uniform,hoffmann,euristica,optimal,504,504,0.0,0.01,,,,"{""tried_cycle_times"": 1, ""node_limit"": 20000, ""node_limit_hits"": 0, ""node_limit_hits_total"": 0}",
n50_os0.2_r10_uniform_17,n50_os0.2_r10_uniform,50,5,0.2065,10,uniform,gruppi,euristica,feasible,509,504,0.009921,0.011,,,,"{""tried_cycle_times"": 6, ""n_groups"": 17, ""n_leaves"": 14}",
n50_os0.2_r10_uniform_18,n50_os0.2_r10_uniform,50,5,0.2122,10,uniform,hoffmann,euristica,optimal,471,471,0.0,0.012,,,,"{""tried_cycle_times"": 1, ""node_limit"": 20000, ""node_limit_hits"": 0, ""node_limit_hits_total"": 0}",
n50_os0.2_r10_uniform_18,n50_os0.2_r10_uniform,50,5,0.2122,10,uniform,gruppi,euristica,feasible,475,471,0.008493,0.017,,,,"{""tried_cycle_times"": 5, ""n_groups"": 18, ""n_leaves"": 13}",
n50_os0.2_r10_uniform_19,n50_os0.2_r10_uniform,50,5,0.2041,10,uniform,hoffmann,euristica,optimal,514,514,0.0,0.017,,,,"{""tried_cycle_times"": 1, ""node_limit"": 20000, ""node_limit_hits"": 0, ""node_limit_hits_total"": 0}",
n50_os0.2_r10_uniform_19,n50_os0.2_r10_uniform,50,5,0.2041,10,uniform,gruppi,euristica,feasible,516,514,0.003891,0.015,,,,"{""tried_cycle_times"": 3, ""n_groups"": 21, ""n_leaves"": 12}",
n50_os0.2_r10_uniform_20,n50_os0.2_r10_uniform,50,5,0.2049,10,uniform,hoffmann,euristica,optimal,561,561,0.0,0.021,,,,"{""tried_cycle_times"": 1, ""node_limit"": 20000, ""node_limit_hits"": 0, ""node_limit_hits_total"": 0}",
n50_os0.2_r10_uniform_20,n50_os0.2_r10_uniform,50,5,0.2049,10,uniform,gruppi,euristica,feasible,562,561,0.001783,0.009,,,,"{""tried_cycle_times"": 2, ""n_groups"": 20, ""n_leaves"": 14}",
n50_os0.2_r10_uniform_21,n50_os0.2_r10_uniform,50,5,0.2122,10,uniform,hoffmann,euristica,optimal,557,557,0.0,0.018,,,,"{""tried_cycle_times"": 1, ""node_limit"": 20000, ""node_limit_hits"": 0, ""node_limit_hits_total"": 0}",
n50_os0.2_r10_uniform_21,n50_os0.2_r10_uniform,50,5,0.2122,10,uniform,gruppi,euristica,feasible,559,557,0.003591,0.011,,,,"{""tried_cycle_times"": 3, ""n_groups"": 18, ""n_leaves"": 14}",
n50_os0.2_r10_uniform_22,n50_os0.2_r10_uniform,50,5,0.2024,10,uniform,hoffmann,euristica,optimal,486,486,0.0,0.012,,,,"{""tried_cycle_times"": 1, ""node_limit"": 20000, ""node_limit_hits"": 0, ""node_limit_hits_total"": 0}",
n50_os0.2_r10_uniform_22,n50_os0.2_r10_uniform,50,5,0.2024,10,uniform,gruppi,euristica,feasible,494,486,0.016461,0.014,,,,"{""tried_cycle_times"": 9, ""n_groups"": 18, ""n_leaves"": 15}",
n50_os0.2_r10_uniform_23,n50_os0.2_r10_uniform,50,5,0.2131,10,uniform,hoffmann,euristica,optimal,537,537,0.0,0.011,,,,"{""tried_cycle_times"": 1, ""node_limit"": 20000, ""node_limit_hits"": 0, ""node_limit_hits_total"": 0}",
n50_os0.2_r10_uniform_23,n50_os0.2_r10_uniform,50,5,0.2131,10,uniform,gruppi,euristica,feasible,543,537,0.011173,0.012,,,,"{""tried_cycle_times"": 7, ""n_groups"": 19, ""n_leaves"": 13}",
n50_os0.2_r10_uniform_24,n50_os0.2_r10_uniform,50,5,0.2033,10,uniform,hoffmann,euristica,optimal,510,510,0.0,0.011,,,,"{""tried_cycle_times"": 1, ""node_limit"": 20000, ""node_limit_hits"": 0, ""node_limit_hits_total"": 0}",
n50_os0.2_r10_uniform_24,n50_os0.2_r10_uniform,50,5,0.2033,10,uniform,gruppi,euristica,feasible,520,510,0.019608,0.014,,,,"{""tried_cycle_times"": 11, ""n_groups"": 20, ""n_leaves"": 12}",
n50_os0.6_r3_uniform_00,n50_os0.6_r3_uniform,50,17,0.6016,3,uniform,hoffmann,euristica,feasible,151,146,0.034247,0.032,,,,"{""tried_cycle_times"": 6, ""node_limit"": 20000, ""node_limit_hits"": 0, ""node_limit_hits_total"": 0}",
n50_os0.6_r3_uniform_00,n50_os0.6_r3_uniform,50,17,0.6016,3,uniform,gruppi,euristica,feasible,161,146,0.10274,0.031,,,,"{""tried_cycle_times"": 16, ""n_groups"": 20, ""n_leaves"": 5}",
n50_os0.6_r3_uniform_01,n50_os0.6_r3_uniform,50,17,0.6,3,uniform,hoffmann,euristica,feasible,168,158,0.063291,0.046,,,,"{""tried_cycle_times"": 11, ""node_limit"": 20000, ""node_limit_hits"": 0, ""node_limit_hits_total"": 0}",
n50_os0.6_r3_uniform_01,n50_os0.6_r3_uniform,50,17,0.6,3,uniform,gruppi,euristica,feasible,175,158,0.107595,0.034,,,,"{""tried_cycle_times"": 18, ""n_groups"": 21, ""n_leaves"": 6}",
n50_os0.6_r3_uniform_02,n50_os0.6_r3_uniform,50,17,0.6008,3,uniform,hoffmann,euristica,feasible,156,153,0.019608,0.029,,,,"{""tried_cycle_times"": 4, ""node_limit"": 20000, ""node_limit_hits"": 0, ""node_limit_hits_total"": 0}",
n50_os0.6_r3_uniform_02,n50_os0.6_r3_uniform,50,17,0.6008,3,uniform,gruppi,euristica,feasible,168,153,0.098039,0.032,,,,"{""tried_cycle_times"": 16, ""n_groups"": 19, ""n_leaves"": 8}",
n50_os0.6_r3_uniform_03,n50_os0.6_r3_uniform,50,17,0.6171,3,uniform,hoffmann,euristica,feasible,146,141,0.035461,0.032,,,,"{""tried_cycle_times"": 6, ""node_limit"": 20000, ""node_limit_hits"": 0, ""node_limit_hits_total"": 0}",
n50_os0.6_r3_uniform_03,n50_os0.6_r3_uniform,50,17,0.6171,3,uniform,gruppi,euristica,feasible,155,141,0.099291,0.028,,,,"{""tried_cycle_times"": 15, ""n_groups"": 16, ""n_leaves"": 7}",
n50_os0.6_r3_uniform_04,n50_os0.6_r3_uniform,50,17,0.6049,3,uniform,hoffmann,euristica,feasible,172,163,0.055215,0.045,,,,"{""tried_cycle_times"": 10, ""node_limit"": 20000, ""node_limit_hits"": 0, ""node_limit_hits_total"": 0}",
n50_os0.6_r3_uniform_04,n50_os0.6_r3_uniform,50,17,0.6049,3,uniform,gruppi,euristica,feasible,175,163,0.07362,0.029,,,,"{""tried_cycle_times"": 13, ""n_groups"": 21, ""n_leaves"": 8}",
n50_os0.6_r3_uniform_05,n50_os0.6_r3_uniform,50,17,0.6016,3,uniform,hoffmann,euristica,feasible,148,144,0.027778,0.029,,,,"{""tried_cycle_times"": 5, ""node_limit"": 20000, ""node_limit_hits"": 0, ""node_limit_hits_total"": 0}",
n50_os0.6_r3_uniform_05,n50_os0.6_r3_uniform,50,17,0.6016,3,uniform,gruppi,euristica,feasible,160,144,0.111111,0.031,,,,"{""tried_cycle_times"": 17, ""n_groups"": 17, ""n_leaves"": 9}",
n50_os0.6_r3_uniform_06,n50_os0.6_r3_uniform,50,17,0.6,3,uniform,hoffmann,euristica,feasible,174,168,0.035714,0.034,,,,"{""tried_cycle_times"": 7, ""node_limit"": 20000, ""node_limit_hits"": 0, ""node_limit_hits_total"": 0}",
n50_os0.6_r3_uniform_06,n50_os0.6_r3_uniform,50,17,0.6,3,uniform,gruppi,euristica,feasible,188,168,0.119048,0.036,,,,"{""tried_cycle_times"": 21, ""n_groups"": 20, ""n_leaves"": 9}",
n50_os0.6_r3_uniform_07,n50_os0.6_r3_uniform,50,17,0.6,3,uniform,hoffmann,euristica,feasible,158,146,0.082192,0.047,,,,"{""tried_cycle_times"": 13, ""node_limit"": 20000, ""node_limit_hits"": 0, ""node_limit_hits_total"": 0}",
n50_os0.6_r3_uniform_07,n50_os0.6_r3_uniform,50,17,0.6,3,uniform,gruppi,euristica,feasible,165,146,0.130137,0.032,,,,"{""tried_cycle_times"": 20, ""n_groups"": 18, ""n_leaves"": 5}",
n50_os0.6_r3_uniform_08,n50_os0.6_r3_uniform,50,17,0.6008,3,uniform,hoffmann,euristica,feasible,156,149,0.04698,0.038,,,,"{""tried_cycle_times"": 8, ""node_limit"": 20000, ""node_limit_hits"": 0, ""node_limit_hits_total"": 0}",
n50_os0.6_r3_uniform_08,n50_os0.6_r3_uniform,50,17,0.6008,3,uniform,gruppi,euristica,feasible,164,149,0.100671,0.028,,,,"{""tried_cycle_times"": 16, ""n_groups"": 20, ""n_leaves"": 4}",
n50_os0.6_r3_uniform_09,n50_os0.6_r3_uniform,50,17,0.6033,3,uniform,hoffmann,euristica,feasible,150,143,0.048951,0.036,,,,"{""tried_cycle_times"": 8, ""node_limit"": 20000, ""node_limit_hits"": 0, ""node_limit_hits_total"": 0}",
n50_os0.6_r3_uniform_09,n50_os0.6_r3_uniform,50,17,0.6033,3,uniform,gruppi,euristica,feasible,159,143,0.111888,0.033,,,,"{""tried_cycle_times"": 17, ""n_groups"": 18, ""n_leaves"": 7}",
n50_os0.6_r3_uniform_10,n50_os0.6_r3_uniform,50,17,0.6016,3,uniform,hoffmann,euristica,feasible,138,133,0.037594,0.031,,,,"{""tried_cycle_times"": 6, ""node_limit"": 20000, ""node_limit_hits"": 0, ""node_limit_hits_total"": 0}",
n50_os0.6_r3_uniform_10,n50_os0.6_r3_uniform,50,17,0.6016,3,uniform,gruppi,euristica,feasible,145,133,0.090226,0.026,,,,"{""tried_cycle_times"": 13, ""n_groups"": 21, ""n_leaves"": 2}",
n50_os0.6_r3_uniform_11,n50_os0.6_r3_uniform,50,17,0.6008,3,uniform,hoffmann,euristica,feasible,138,134,0.029851,0.028,,,,"{""tried_cycle_times"": 5, ""node_limit"": 20000, ""node_limit_hits"": 0, ""node_limit_hits_total"": 0}",
n50_os0.6_r3_uniform_11,n50_os0.6_r3_uniform,50,17,0.6008,3,uniform,gruppi,euristica,feasible,144,134,0.074627,0.026,,,,"{""tried_cycle_times"": 11, ""n_groups"": 24, ""n_leaves"": 6}",
n50_os0.6_r3_uniform_12,n50_os0.6_r3_uniform,50,17,0.6,3,uniform,hoffmann,euristica,feasible,172,166,0.036145,0.036,,,,"{""tried_cycle_times"": 7, ""node_limit"": 20000, ""node_limit_hits"": 0, ""node_limit_hits_total"": 0}",
n50_os0.6_r3_uniform_12,n50_os0.6_r3_uniform,50,17,0.6,3,uniform,gruppi,euristica,feasible,182,166,0.096386,0.032,,,,"{""tried_cycle_times"": 17, ""n_groups"": 19, ""n_leaves"": 8}",
n50_os0.6_r3_uniform_13,n50_os0.6_r3_uniform,50,17,0.6,3,uniform,hoffmann,euristica,feasible,150,144,0.041667,0.036,,,,"{""tried_cycle_times"": 7, ""node_limit"": 20000, ""node_limit_hits"": 0, ""node_limit_hits_total"": 0}",
n50_os0.6_r3_uniform_13,n50_os0.6_r3_uniform,50,17,0.6,3,uniform,gruppi,euristica,feasible,161,144,0.118056,0.034,,,,"{""tried_cycle_times"": 18, ""n_groups"": 19, ""n_leaves"": 8}",
n50_os0.6_r3_uniform_14,n50_os0.6_r3_uniform,50,17,0.6041,3,uniform,hoffmann,euristica,feasible,138,133,0.037594,0.03,,,,"{""tried_cycle_times"": 6, ""node_limit"": 20000, ""node_limit_hits"": 0, ""node_limit_hits_total"": 0}",
n50_os0.6_r3_uniform_14,n50_os0.6_r3_uniform,50,17,0.6041,3,uniform,gruppi,euristica,feasible,147,133,0.105263,0.029,,,,"{""tried_cycle_times"": 15, ""n_groups"": 18, ""n_leaves"": 5}",
n50_os0.6_r3_uniform_15,n50_os0.6_r3_uniform,50,17,0.6,3,uniform,hoffmann,euristica,feasible,154,150,0.026667,0.033,,,,"{""tried_cycle_times"": 5, ""node_limit"": 20000, ""node_limit_hits"": 0, ""node_limit_hits_total"": 0}",
n50_os0.6_r3_uniform_15,n50_os0.6_r3_uniform,50,17,0.6,3,uniform,gruppi,euristica,feasible,168,150,0.12,0.034,,,,"{""tried_cycle_times"": 19, ""n_groups"": 22, ""n_leaves"": 5}",
n50_os0.6_r3_uniform_16,n50_os0.6_r3_uniform,50,17,0.6065,3,uniform,hoffmann,euristica,feasible,161,155,0.03871,0.04,,,,"{""tried_cycle_times"": 7, ""node_limit"": 20000, ""node_limit_hits"": 0, ""node_limit_hits_total"": 0}",
n50_os0.6_r3_uniform_16,n50_os0.6_r3_uniform,50,17,0.6065,3,uniform,gruppi,euristica,feasible,174,155,0.122581,0.032,,,,"{""tried_cycle_times"": 20, ""n_groups"": 18, ""n_leaves"": 5}",
n50_os0.6_r3_uniform_17,n50_os0.6_r3_uniform,50,17,0.6008,3,uniform,hoffmann,euristica,feasible,150,143,0.048951,0.033,,,,"{""tried_cycle_times"": 8, ""node_limit"": 20000, ""node_limit_hits"": 0, ""node_limit_hits_total"": 0}",
n50_os0.6_r3_uniform_17,n50_os0.6_r3_uniform,50,17,0.6008,3,uniform,gruppi,euristica,feasible,166,143,0.160839,0.036,,,,"{""tried_cycle_times"": 24, ""n_groups"": 16, ""n_leaves"": 8}",
n50_os0.6_r3_uniform_18,n50_os0.6_r3_uniform,50,17,0.6008,3,uniform,hoffmann,euristica,feasible,142,133,0.067669,0.046,,,,"{""tried_cycle_times"": 10, ""node_limit"": 20000, ""node_limit_hits"": 0, ""node_limit_hits_total"": 0}",
n50_os0.6_r3_uniform_18,n50_os0.6_r3_uniform,50,17,0.6008,3,uniform,gruppi,euristica,feasible,152,133,0.142857,0.034,,,,"{""tried_cycle_times"": 20, ""n_groups"": 22, ""n_leaves"": 4}",
n50_os0.6_r3_uniform_19,n50_os0.6_r3_uniform,50,17,0.6024,3,uniform,hoffmann,euristica,feasible,137,133,0.030075,0.028,,,,"{""tried_cycle_times"": 5, ""node_limit"": 20000, ""node_limit_hits"": 0, ""node_limit_hits_total"": 0}",
n50_os0.6_r3_uniform_19,n50_os0.6_r3_uniform,50,17,0.6024,3,uniform,gruppi,euristica,feasible,145,133,0.090226,0.026,,,,"{""tried_cycle_times"": 13, ""n_groups"": 18, ""n_leaves"": 6}",
n50_os0.6_r3_uniform_20,n50_os0.6_r3_uniform,50,17,0.6131,3,uniform,hoffmann,euristica,feasible,146,139,0.05036,0.037,,,,"{""tried_cycle_times"": 8, ""node_limit"": 20000, ""node_limit_hits"": 0, ""node_limit_hits_total"": 0}",
n50_os0.6_r3_uniform_20,n50_os0.6_r3_uniform,50,17,0.6131,3,uniform,gruppi,euristica,feasible,157,139,0.129496,0.032,,,,"{""tried_cycle_times"": 19, ""n_groups"": 18, ""n_leaves"": 5}",
n50_os0.6_r3_uniform_21,n50_os0.6_r3_uniform,50,17,0.6008,3,uniform,hoffmann,euristica,feasible,149,147,0.013605,0.023,,,,"{""tried_cycle_times"": 3, ""node_limit"": 20000, ""node_limit_hits"": 0, ""node_limit_hits_total"": 0}",
n50_os0.6_r3_uniform_21,n50_os0.6_r3_uniform,50,17,0.6008,3,uniform,gruppi,euristica,feasible,166,147,0.129252,0.034,,,,"{""tried_cycle_times"": 20, ""n_groups"": 20, ""n_leaves"": 7}",
n50_os0.6_r3_uniform_22,n50_os0.6_r3_uniform,50,17,0.6,3,uniform,hoffmann,euristica,feasible,153,151,0.013245,0.025,,,,"{""tried_cycle_times"": 3, ""node_limit"": 20000, ""node_limit_hits"": 0, ""node_limit_hits_total"": 0}",
n50_os0.6_r3_uniform_22,n50_os0.6_r3_uniform,50,17,0.6,3,uniform,gruppi,euristica,feasible,168,151,0.112583,0.028,,,,"{""tried_cycle_times"": 18, ""n_groups"": 18, ""n_leaves"": 4}",
n50_os0.6_r3_uniform_23,n50_os0.6_r3_uniform,50,17,0.6041,3,uniform,hoffmann,euristica,feasible,151,148,0.02027,0.027,,,,"{""tried_cycle_times"": 4, ""node_limit"": 20000, ""node_limit_hits"": 0, ""node_limit_hits_total"": 0}",
n50_os0.6_r3_uniform_23,n50_os0.6_r3_uniform,50,17,0.6041,3,uniform,gruppi,euristica,feasible,165,148,0.114865,0.032,,,,"{""tried_cycle_times"": 18, ""n_groups"": 18, ""n_leaves"": 8}",
n50_os0.6_r3_uniform_24,n50_os0.6_r3_uniform,50,17,0.6016,3,uniform,hoffmann,euristica,feasible,129,125,0.032,0.028,,,,"{""tried_cycle_times"": 5, ""node_limit"": 20000, ""node_limit_hits"": 0, ""node_limit_hits_total"": 0}",
n50_os0.6_r3_uniform_24,n50_os0.6_r3_uniform,50,17,0.6016,3,uniform,gruppi,euristica,feasible,136,125,0.088,0.026,,,,"{""tried_cycle_times"": 12, ""n_groups"": 15, ""n_leaves"": 7}",
n50_os0.6_r6_uniform_00,n50_os0.6_r6_uniform,50,8,0.6024,6,uniform,hoffmann,euristica,feasible,324,323,0.003096,0.025,,,,"{""tried_cycle_times"": 2, ""node_limit"": 20000, ""node_limit_hits"": 0, ""node_limit_hits_total"": 0}",
n50_os0.6_r6_uniform_00,n50_os0.6_r6_uniform,50,8,0.6024,6,uniform,gruppi,euristica,feasible,330,323,0.021672,0.022,,,,"{""tried_cycle_times"": 8, ""n_groups"": 19, ""n_leaves"": 8}",
n50_os0.6_r6_uniform_01,n50_os0.6_r6_uniform,50,8,0.6024,6,uniform,hoffmann,euristica,feasible,342,341,0.002933,0.028,,,,"{""tried_cycle_times"": 2, ""node_limit"": 20000, ""node_limit_hits"": 0, ""node_limit_hits_total"": 0}",
n50_os0.6_r6_uniform_01,n50_os0.6_r6_uniform,50,8,0.6024,6,uniform,gruppi,euristica,feasible,352,341,0.032258,0.027,,,,"{""tried_cycle_times"": 12, ""n_groups"": 21, ""n_leaves"": 5}",
n50_os0.6_r6_uniform_02,n50_os0.6_r6_uniform,50,8,0.6041,6,uniform,hoffmann,euristica,optimal,325,325,0.0,0.019,,,,"{""tried_cycle_times"": 1, ""node_limit"": 20000, ""node_limit_hits"": 0, ""node_limit_hits_total"": 0}",
n50_os0.6_r6_uniform_02,n50_os0.6_r6_uniform,50,8,0.6041,6,uniform,gruppi,euristica,feasible,346,325,0.064615,0.03,,,,"{""tried_cycle_times"": 22, ""n_groups"": 22, ""n_leaves"": 6}",
n50_os0.6_r6_uniform_03,n50_os0.6_r6_uniform,50,8,0.6,6,uniform,hoffmann,euristica,feasible,337,336,0.002976,0.023,,,,"{""tried_cycle_times"": 2, ""node_limit"": 20000, ""node_limit_hits"": 0, ""node_limit_hits_total"": 0}",
n50_os0.6_r6_uniform_03,n50_os0.6_r6_uniform,50,8,0.6,6,uniform,gruppi,euristica,feasible,349,336,0.03869,0.025,,,,"{""tried_cycle_times"": 14, ""n_groups"": 20, ""n_leaves"": 7}",
n50_os0.6_r6_uniform_04,n50_os0.6_r6_uniform,50,8,0.6016,6,uniform,hoffmann,euristica,feasible,309,307,0.006515,0.028,,,,"{""tried_cycle_times"": 3, ""node_limit"": 20000, ""node_limit_hits"": 0, ""node_limit_hits_total"": 0}",
n50_os0.6_r6_uniform_04,n50_os0.6_r6_uniform,50,8,0.6016,6,uniform,gruppi,euristica,feasible,316,307,0.029316,0.023,,,,"{""tried_cycle_times"": 10, ""n_groups"": 20, ""n_leaves"": 6}",
n50_os0.6_r6_uniform_05,n50_os0.6_r6_uniform,50,8,0.6057,6,uniform,hoffmann,euristica,feasible,299,298,0.003356,0.026,,,,"{""tried_cycle_times"": 2, ""node_limit"": 20000, ""node_limit_hits"": 0, ""node_limit_hits_total"": 0}",
n50_os0.6_r6_uniform_05,n50_os0.6_r6_uniform,50,8,0.6057,6,uniform,gruppi,euristica,feasible,313,298,0.050336,0.03,,,,"{""tried_cycle_times"": 16, ""n_groups"": 22, ""n_leaves"": 7}",
n50_os0.6_r6_uniform_06,n50_os0.6_r6_uniform,50,8,0.6073,6,uniform,hoffmann,euristica,optimal,311,311,0.0,0.026,,,,"{""tried_cycle_times"": 1, ""node_limit"": 20000, ""node_limit_hits"": 0, ""node_limit_hits_total"": 0}",
n50_os0.6_r6_uniform_06,n50_os0.6_r6_uniform,50,8,0.6073,6,uniform,gruppi,euristica,feasible,318,311,0.022508,0.028,,,,"{""tried_cycle_times"": 8, ""n_groups"": 20, ""n_leaves"": 6}",
n50_os0.6_r6_uniform_07,n50_os0.6_r6_uniform,50,8,0.6041,6,uniform,hoffmann,euristica,feasible,305,304,0.003289,0.028,,,,"{""tried_cycle_times"": 2, ""node_limit"": 20000, ""node_limit_hits"": 0, ""node_limit_hits_total"": 0}",
n50_os0.6_r6_uniform_07,n50_os0.6_r6_uniform,50,8,0.6041,6,uniform,gruppi,euristica,feasible,313,304,0.029605,0.03,,,,"{""tried_cycle_times"": 10, ""n_groups"": 20, ""n_leaves"": 5}",
n50_os0.6_r6_uniform_08,n50_os0.6_r6_uniform,50,8,0.6008,6,uniform,hoffmann,euristica,feasible,334,333,0.003003,0.031,,,,"{""tried_cycle_times"": 2, ""node_limit"": 20000, ""node_limit_hits"": 0, ""node_limit_hits_total"": 0}",
n50_os0.6_r6_uniform_08,n50_os0.6_r6_uniform,50,8,0.6008,6,uniform,gruppi,euristica,feasible,344,333,0.033033,0.024,,,,"{""tried_cycle_times"": 12, ""n_groups"": 20, ""n_leaves"": 6}",
n50_os0.6_r6_uniform_09,n50_os0.6_r6_uniform,50,8,0.6,6,uniform,hoffmann,euristica,optimal,259,259,0.0,0.023,,,,"{""tried_cycle_times"": 1, ""node_limit"": 20000, ""node_limit_hits"": 0, ""node_limit_hits_total"": 0}",
n50_os0.6_r6_uniform_09,n50_os0.6_r6_uniform,50,8,0.6,6,uniform,gruppi,euristica,feasible,265,259,0.023166,0.021,,,,"{""tried_cycle_times"": 7, ""n_groups"": 16, ""n_leaves"": 8}",
n50_os0.6_r6_uniform_10,n50_os0.6_r6_uniform,50,8,0.6008,6,uniform,hoffmann,euristica,feasible,358,356,0.005618,0.041,,,,"{""tried_cycle_times"": 3, ""node_limit"": 20000, ""node_limit_hits"": 0, ""node_limit_hits_total"": 0}",
n50_os0.6_r6_uniform_10,n50_os0.6_r6_uniform,50,8,0.6008,6,uniform,gruppi,euristica,feasible,373,356,0.047753,0.029,,,,"{""tried_cycle_times"": 18, ""n_groups"": 21, ""n_leaves"": 5}",
n50_os0.6_r6_uniform_11,n50_os0.6_r6_uniform,50,8,0.6057,6,uniform,hoffmann,euristica,feasible,306,305,0.003279,0.023,,,,"{""tried_cycle_times"": 2, ""node_limit"": 20000, ""node_limit_hits"": 0, ""node_limit_hits_total"": 0}",
n50_os0.6_r6_uniform_11,n50_os0.6_r6_uniform,50,8,0.6057,6,uniform,gruppi,euristica,feasible,316,305,0.036066,0.024,,,,"{""tried_cycle_times"": 12, ""n_groups"": 21, ""n_leaves"": 5}",
n50_os0.6_r6_uniform_12,n50_os0.6_r6_uniform,50,8,0.6049,6,uniform,hoffmann,euristica,feasible,344,343,0.002915,0.027,,,,"{""tried_cycle_times"": 2, ""node_limit"": 20000, ""node_limit_hits"": 0, ""node_limit_hits_total"": 0}",
n50_os0.6_r6_uniform_12,n50_os0.6_r6_uniform,50,8,0.6049,6,uniform,gruppi,euristica,feasible,359,343,0.046647,0.027,,,,"{""tried_cycle_times"": 17, ""n_groups"": 20, ""n_leaves"": 6}",
n50_os0.6_r6_uniform_13,n50_os0.6_r6_uniform,50,8,0.6016,6,uniform,hoffmann,euristica,optimal,286,286,0.0,0.024,,,,"{""tried_cycle_times"": 1, ""node_limit"": 20000, ""node_limit_hits"": 0, ""node_limit_hits_total"": 0}",
n50_os0.6_r6_uniform_13,n50_os0.6_r6_uniform,50,8,0.6016,6,uniform,gruppi,euristica,feasible,291,286,0.017483,0.02,,,,"{""tried_cycle_times"": 6, ""n_groups"": 17, ""n_leaves"": 6}",
n50_os0.6_r6_uniform_14,n50_os0.6_r6_uniform,50,8,0.6163,6,uniform,hoffmann,euristica,feasible,358,356,0.005618,0.031,,,,"{""tried_cycle_times"": 3, ""node_limit"": 20000, ""node_limit_hits"": 0, ""node_limit_hits_total"": 0}",
n50_os0.6_r6_uniform_14,n50_os0.6_r6_uniform,50,8,0.6163,6,uniform,gruppi,euristica,feasible,371,356,0.042135,0.027,,,,"{""tried_cycle_times"": 16, ""n_groups"": 21, ""n_leaves"": 4}",
n50_os0.6_r6_uniform_15,n50_os0.6_r6_uniform,50,8,0.6,6,uniform,hoffmann,euristica,feasible,315,314,0.003185,0.027,,,,"{""tried_cycle_times"": 2, ""node_limit"": 20000, ""node_limit_hits"": 0, ""node_limit_hits_total"": 0}",
n50_os0.6_r6_uniform_15,n50_os0.6_r6_uniform,50,8,0.6,6,uniform,gruppi,euristica,feasible,335,314,0.066879,0.032,,,,"{""tried_cycle_times"": 22, ""n_groups"": 21, ""n_leaves"": 9}",
n50_os0.6_r6_uniform_16,n50_os0.6_r6_uniform,50,8,0.6024,6,uniform,hoffmann,euristica,optimal,320,320,0.0,0.019,,,,"{""tried_cycle_times"": 1, ""node_limit"": 20000, ""node_limit_hits"": 0, ""node_limit_hits_total"": 0}",
n50_os0.6_r6_uniform_16,n50_os0.6_r6_uniform,50,8,0.6024,6,uniform,gruppi,euristica,feasible,330,320,0.03125,0.024,,,,"{""tried_cycle_times"": 11, ""n_groups"": 21, ""n_leaves"": 5}",
n50_os0.6_r6_uniform_17,n50_os0.6_r6_uniform,50,8,0.6016,6,uniform,hoffmann,euristica,optimal,281,281,0.0,0.024,,,,"{""tried_cycle_times"": 1, ""node_limit"": 20000, ""node_limit_hits"": 0, ""node_limit_hits_total"": 0}",
n50_os0.6_r6_uniform_17,n50_os0.6_r6_uniform,50,8,0.6016,6,uniform,gruppi,euristica,feasible,293,281,0.042705,0.023,,,,"{""tried_cycle_times"": 13, ""n_groups"": 20, ""n_leaves"": 4}",
n50_os0.6_r6_uniform_18,n50_os0.6_r6_uniform,50,8,0.6016,6,uniform,hoffmann,euristica,optimal,321,321,0.0,0.023,,,,"{""tried_cycle_times"": 1, ""node_limit"": 20000, ""node_limit_hits"": 0, ""node_limit_hits_total"": 0}",
n50_os0.6_r6_uniform_18,n50_os0.6_r6_uniform,50,8,0.6016,6,uniform,gruppi,euristica,feasible,348,321,0.084112,0.034,,,,"{""tried_cycle_times"": 28, ""n_groups"": 20, ""n_leaves"": 3}",
n50_os0.6_r6_uniform_19,n50_os0.6_r6_uniform,50,8,0.6065,6,uniform,hoffmann,euristica,feasible,301,300,0.003333,0.037,,,,"{""tried_cycle_times"": 2, ""node_limit"": 20000, ""node_limit_hits"": 0, ""node_limit_hits_total"": 0}",
n50_os0.6_r6_uniform_19,n50_os0.6_r6_uniform,50,8,0.6065,6,uniform,gruppi,euristica,feasible,305,300,0.016667,0.021,,,,"{""tried_cycle_times"": 6, ""n_groups"": 24, ""n_leaves"": 5}",
n50_os0.6_r6_uniform_20,n50_os0.6_r6_uniform,50,8,0.6024,6,uniform,hoffmann,euristica,optimal,346,346,0.0,0.022,,,,"{""tried_cycle_times"": 1, ""node_limit"": 20000, ""node_limit_hits"": 0, ""node_limit_hits_total"": 0}",
n50_os0.6_r6_uniform_20,n50_os0.6_r6_uniform,50,8,0.6024,6,uniform,gruppi,euristica,feasible,361,346,0.043353,0.026,,,,"{""tried_cycle_times"": 16, ""n_groups"": 22, ""n_leaves"": 5}",
n50_os0.6_r6_uniform_21,n50_os0.6_r6_uniform,50,8,0.6057,6,uniform,hoffmann,euristica,optimal,341,341,0.0,0.02,,,,"{""tried_cycle_times"": 1, ""node_limit"": 20000, ""node_limit_hits"": 0, ""node_limit_hits_total"": 0}",
n50_os0.6_r6_uniform_21,n50_os0.6_r6_uniform,50,8,0.6057,6,uniform,gruppi,euristica,feasible,354,341,0.038123,0.025,,,,"{""tried_cycle_times"": 14, ""n_groups"": 15, ""n_leaves"": 5}",
n50_os0.6_r6_uniform_22,n50_os0.6_r6_uniform,50,8,0.6008,6,uniform,hoffmann,euristica,feasible,350,349,0.002865,0.028,,,,"{""tried_cycle_times"": 2, ""node_limit"": 20000, ""node_limit_hits"": 0, ""node_limit_hits_total"": 0}",
n50_os0.6_r6_uniform_22,n50_os0.6_r6_uniform,50,8,0.6008,6,uniform,gruppi,euristica,feasible,375,349,0.074499,0.029,,,,"{""tried_cycle_times"": 27, ""n_groups"": 20, ""n_leaves"": 2}",
n50_os0.6_r6_uniform_23,n50_os0.6_r6_uniform,50,8,0.6073,6,uniform,hoffmann,euristica,feasible,318,317,0.003155,0.026,,,,"{""tried_cycle_times"": 2, ""node_limit"": 20000, ""node_limit_hits"": 0, ""node_limit_hits_total"": 0}",
n50_os0.6_r6_uniform_23,n50_os0.6_r6_uniform,50,8,0.6073,6,uniform,gruppi,euristica,feasible,341,317,0.07571,0.03,,,,"{""tried_cycle_times"": 25, ""n_groups"": 19, ""n_leaves"": 6}",
n50_os0.6_r6_uniform_24,n50_os0.6_r6_uniform,50,8,0.6033,6,uniform,hoffmann,euristica,optimal,319,319,0.0,0.02,,,,"{""tried_cycle_times"": 1, ""node_limit"": 20000, ""node_limit_hits"": 0, ""node_limit_hits_total"": 0}",
n50_os0.6_r6_uniform_24,n50_os0.6_r6_uniform,50,8,0.6033,6,uniform,gruppi,euristica,feasible,324,319,0.015674,0.02,,,,"{""tried_cycle_times"": 6, ""n_groups"": 20, ""n_leaves"": 5}",
n50_os0.6_r10_uniform_00,n50_os0.6_r10_uniform,50,5,0.6106,10,uniform,hoffmann,euristica,optimal,418,418,0.0,0.019,,,,"{""tried_cycle_times"": 1, ""node_limit"": 20000, ""node_limit_hits"": 0, ""node_limit_hits_total"": 0}",
n50_os0.6_r10_uniform_00,n50_os0.6_r10_uniform,50,5,0.6106,10,uniform,gruppi,euristica,feasible,428,418,0.023923,0.022,,,,"{""tried_cycle_times"": 11, ""n_groups"": 17, ""n_leaves"": 7}",
n50_os0.6_r10_uniform_01,n50_os0.6_r10_uniform,50,5,0.6008,10,uniform,hoffmann,euristica,feasible,497,496,0.002016,0.026,,,,"{""tried_cycle_times"": 2, ""node_limit"": 20000, ""node_limit_hits"": 0, ""node_limit_hits_total"": 0}",
n50_os0.6_r10_uniform_01,n50_os0.6_r10_uniform,50,5,0.6008,10,uniform,gruppi,euristica,feasible,505,496,0.018145,0.022,,,,"{""tried_cycle_times"": 10, ""n_groups"": 23, ""n_leaves"": 5}",
n50_os0.6_r10_uniform_02,n50_os0.6_r10_uniform,50,5,0.6008,10,uniform,hoffmann,euristica,optimal,525,525,0.0,0.026,,,,"{""tried_cycle_times"": 1, ""node_limit"": 20000, ""node_limit_hits"": 0, ""node_limit_hits_total"": 0}",
n50_os0.6_r10_uniform_02,n50_os0.6_r10_uniform,50,5,0.6008,10,uniform,gruppi,euristica,feasible,548,525,0.04381,0.03,,,,"{""tried_cycle_times"": 24, ""n_groups"": 20, ""n_leaves"": 7}",
n50_os0.6_r10_uniform_03,n50_os0.6_r10_uniform,50,5,0.6016,10,uniform,hoffmann,euristica,optimal,481,481,0.0,0.019,,,,"{""tried_cycle_times"": 1, ""node_limit"": 20000, ""node_limit_hits"": 0, ""node_limit_hits_total"": 0}",
n50_os0.6_r10_uniform_03,n50_os0.6_r10_uniform,50,5,0.6016,10,uniform,gruppi,euristica,feasible,490,481,0.018711,0.022,,,,"{""tried_cycle_times"": 10, ""n_groups"": 19, ""n_leaves"": 7}",
n50_os0.6_r10_uniform_04,n50_os0.6_r10_uniform,50,5,0.6033,10,uniform,hoffmann,euristica,optimal,544,544,0.0,0.018,,,,"{""tried_cycle_times"": 1, ""node_limit"": 20000, ""node_limit_hits"": 0, ""node_limit_hits_total"": 0}",
n50_os0.6_r10_uniform_04,n50_os0.6_r10_uniform,50,5,0.6033,10,uniform,gruppi,euristica,feasible,553,544,0.016544,0.025,,,,"{""tried_cycle_times"": 10, ""n_groups"": 22, ""n_leaves"": 8}",
n50_os0.6_r10_uniform_05,n50_os0.6_r10_uniform,50,5,0.6033,10,uniform,hoffmann,euristica,optimal,545,545,0.0,0.022,,,,"{""tried_cycle_times"": 1, ""node_limit"": 20000, ""node_limit_hits"": 0, ""node_limit_hits_total"": 0}",
n50_os0.6_r10_uniform_05,n50_os0.6_r10_uniform,50,5,0.6033,10,uniform,gruppi,euristica,feasible,577,545,0.058716,0.039,,,,"{""tried_cycle_times"": 33, ""n_groups"": 22, ""n_leaves"": 8}",
n50_os0.6_r10_uniform_06,n50_os0.6_r10_uniform,50,5,0.6041,10,uniform,hoffmann,euristica,optimal,498,498,0.0,0.019,,,,"{""tried_cycle_times"": 1, ""node_limit"": 20000, ""node_limit_hits"": 0, ""node_limit_hits_total"": 0}",
n50_os0.6_r10_uniform_06,n50_os0.6_r10_uniform,50,5,0.6041,10,uniform,gruppi,euristica,feasible,510,498,0.024096,0.025,,,,"{""tried_cycle_times"": 13, ""n_groups"": 18, ""n_leaves"": 7}",
n50_os0.6_r10_uniform_07,n50_os0.6_r10_uniform,50,5,0.6024,10,uniform,hoffmann,euristica,optimal,528,528,0.0,0.018,,,,"{""tried_cycle_times"": 1, ""node_limit"": 20000, ""node_limit_hits"": 0, ""node_limit_hits_total"": 0}",
n50_os0.6_r10_uniform_07,n50_os0.6_r10_uniform,50,5,0.6024,10,uniform,gruppi,euristica,feasible,539,528,0.020833,0.023,,,,"{""tried_cycle_times"": 12, ""n_groups"": 18, ""n_leaves"": 6}",
n50_os0.6_r10_uniform_08,n50_os0.6_r10_uniform,50,5,0.6033,10,uniform,hoffmann,euristica,optimal,512,512,0.0,0.02,,,,"{""tried_cycle_times"": 1, ""node_limit"": 20000, ""node_limit_hits"": 0, ""node_limit_hits_total"": 0}",
n50_os0.6_r10_uniform_08,n50_os0.6_r10_uniform,50,5,0.6033,10,uniform,gruppi,euristica,feasible,520,512,0.015625,0.02,,,,"{""tried_cycle_times"": 9, ""n_groups"": 18, ""n_leaves"": 7}",
n50_os0.6_r10_uniform_09,n50_os0.6_r10_uniform,50,5,0.609,10,uniform,hoffmann,euristica,optimal,462,462,0.0,0.021,,,,"{""tried_cycle_times"": 1, ""node_limit"": 20000, ""node_limit_hits"": 0, ""node_limit_hits_total"": 0}",
n50_os0.6_r10_uniform_09,n50_os0.6_r10_uniform,50,5,0.609,10,uniform,gruppi,euristica,feasible,476,462,0.030303,0.025,,,,"{""tried_cycle_times"": 15, ""n_groups"": 25, ""n_leaves"": 4}",
n50_os0.6_r10_uniform_10,n50_os0.6_r10_uniform,50,5,0.6,10,uniform,hoffmann,euristica,optimal,557,557,0.0,0.02,,,,"{""tried_cycle_times"": 1, ""node_limit"": 20000, ""node_limit_hits"": 0, ""node_limit_hits_total"": 0}",
n50_os0.6_r10_uniform_10,n50_os0.6_r10_uniform,50,5,0.6,10,uniform,gruppi,euristica,feasible,567,557,0.017953,0.023,,,,"{""tried_cycle_times"": 11, ""n_groups"": 19, ""n_leaves"": 8}",
n50_os0.6_r10_uniform_11,n50_os0.6_r10_uniform,50,5,0.6098,10,uniform,hoffmann,euristica,optimal,535,535,0.0,0.018,,,,"{""tried_cycle_times"": 1, ""node_limit"": 20000, ""node_limit_hits"": 0, ""node_limit_hits_total"": 0}",
n50_os0.6_r10_uniform_11,n50_os0.6_r10_uniform,50,5,0.6098,10,uniform,gruppi,euristica,feasible,549,535,0.026168,0.023,,,,"{""tried_cycle_times"": 15, ""n_groups"": 20, ""n_leaves"": 5}",
n50_os0.6_r10_uniform_12,n50_os0.6_r10_uniform,50,5,0.6041,10,uniform,hoffmann,euristica,optimal,543,543,0.0,0.024,,,,"{""tried_cycle_times"": 1, ""node_limit"": 20000, ""node_limit_hits"": 0, ""node_limit_hits_total"": 0}",
n50_os0.6_r10_uniform_12,n50_os0.6_r10_uniform,50,5,0.6041,10,uniform,gruppi,euristica,feasible,556,543,0.023941,0.025,,,,"{""tried_cycle_times"": 14, ""n_groups"": 19, ""n_leaves"": 6}",
n50_os0.6_r10_uniform_13,n50_os0.6_r10_uniform,50,5,0.6,10,uniform,hoffmann,euristica,optimal,468,468,0.0,0.021,,,,"{""tried_cycle_times"": 1, ""node_limit"": 20000, ""node_limit_hits"": 0, ""node_limit_hits_total"": 0}",
n50_os0.6_r10_uniform_13,n50_os0.6_r10_uniform,50,5,0.6,10,uniform,gruppi,euristica,feasible,477,468,0.019231,0.025,,,,"{""tried_cycle_times"": 10, ""n_groups"": 21, ""n_leaves"": 5}",
n50_os0.6_r10_uniform_14,n50_os0.6_r10_uniform,50,5,0.6041,10,uniform,hoffmann,euristica,feasible,563,562,0.001779,0.028,,,,"{""tried_cycle_times"": 2, ""node_limit"": 20000, ""node_limit_hits"": 0, ""node_limit_hits_total"": 0}",
n50_os0.6_r10_uniform_14,n50_os0.6_r10_uniform,50,5,0.6041,10,uniform,gruppi,euristica,feasible,569,562,0.012456,0.021,,,,"{""tried_cycle_times"": 8, ""n_groups"": 19, ""n_leaves"": 5}",
n50_os0.6_r10_uniform_15,n50_os0.6_r10_uniform,50,5,0.6098,10,uniform,hoffmann,euristica,feasible,541,540,0.001852,0.038,,,,"{""tried_cycle_times"": 2, ""node_limit"": 20000, ""node_limit_hits"": 0, ""node_limit_hits_total"": 0}",
n50_os0.6_r10_uniform_15,n50_os0.6_r10_uniform,50,5,0.6098,10,uniform,gruppi,euristica,feasible,550,540,0.018519,0.022,,,,"{""tried_cycle_times"": 11, ""n_groups"": 21, ""n_leaves"": 4}",
n50_os0.6_r10_uniform_16,n50_os0.6_r10_uniform,50,5,0.6008,10,uniform,hoffmann,euristica,optimal,509,509,0.0,0.022,,,,"{""tried_cycle_times"": 1, ""node_limit"": 20000, ""node_limit_hits"": 0, ""node_limit_hits_total"": 0}",
n50_os0.6_r10_uniform_16,n50_os0.6_r10_uniform,50,5,0.6008,10,uniform,gruppi,euristica,feasible,527,509,0.035363,0.03,,,,"{""tried_cycle_times"": 19, ""n_groups"": 19, ""n_leaves"": 7}",
n50_os0.6_r10_uniform_17,n50_os0.6_r10_uniform,50,5,0.6008,10,uniform,hoffmann,euristica,optimal,433,433,0.0,0.024,,,,"{""tried_cycle_times"": 1, ""node_limit"": 20000, ""node_limit_hits"": 0, ""node_limit_hits_total"": 0}",
n50_os0.6_r10_uniform_17,n50_os0.6_r10_uniform,50,5,0.6008,10,uniform,gruppi,euristica,feasible,445,433,0.027714,0.024,,,,"{""tried_cycle_times"": 13, ""n_groups"": 22, ""n_leaves"": 6}",
n50_os0.6_r10_uniform_18,n50_os0.6_r10_uniform,50,5,0.6008,10,uniform,hoffmann,euristica,optimal,441,441,0.0,0.023,,,,"{""tried_cycle_times"": 1, ""node_limit"": 20000, ""node_limit_hits"": 0, ""node_limit_hits_total"": 0}",
n50_os0.6_r10_uniform_18,n50_os0.6_r10_uniform,50,5,0.6008,10,uniform,gruppi,euristica,feasible,446,441,0.011338,0.02,,,,"{""tried_cycle_times"": 6, ""n_groups"": 21, ""n_leaves"": 9}",
n50_os0.6_r10_uniform_19,n50_os0.6_r10_uniform,50,5,0.6033,10,uniform,hoffmann,euristica,optimal,509,509,0.0,0.028,,,,"{""tried_cycle_times"": 1, ""node_limit"": 20000, ""node_limit_hits"": 0, ""node_limit_hits_total"": 0}",
n50_os0.6_r10_uniform_19,n50_os0.6_r10_uniform,50,5,0.6033,10,uniform,gruppi,euristica,feasible,522,509,0.02554,0.024,,,,"{""tried_cycle_times"": 14, ""n_groups"": 20, ""n_leaves"": 5}",
n50_os0.6_r10_uniform_20,n50_os0.6_r10_uniform,50,5,0.6008,10,uniform,hoffmann,euristica,optimal,442,442,0.0,0.028,,,,"{""tried_cycle_times"": 1, ""node_limit"": 20000, ""node_limit_hits"": 0, ""node_limit_hits_total"": 0}",
n50_os0.6_r10_uniform_20,n50_os0.6_r10_uniform,50,5,0.6008,10,uniform,gruppi,euristica,feasible,448,442,0.013575,0.02,,,,"{""tried_cycle_times"": 7, ""n_groups"": 19, ""n_leaves"": 5}",
n50_os0.6_r10_uniform_21,n50_os0.6_r10_uniform,50,5,0.6016,10,uniform,hoffmann,euristica,optimal,461,461,0.0,0.017,,,,"{""tried_cycle_times"": 1, ""node_limit"": 20000, ""node_limit_hits"": 0, ""node_limit_hits_total"": 0}",
n50_os0.6_r10_uniform_21,n50_os0.6_r10_uniform,50,5,0.6016,10,uniform,gruppi,euristica,feasible,465,461,0.008677,0.021,,,,"{""tried_cycle_times"": 5, ""n_groups"": 22, ""n_leaves"": 5}",
n50_os0.6_r10_uniform_22,n50_os0.6_r10_uniform,50,5,0.6016,10,uniform,hoffmann,euristica,optimal,440,440,0.0,0.018,,,,"{""tried_cycle_times"": 1, ""node_limit"": 20000, ""node_limit_hits"": 0, ""node_limit_hits_total"": 0}",
n50_os0.6_r10_uniform_22,n50_os0.6_r10_uniform,50,5,0.6016,10,uniform,gruppi,euristica,feasible,445,440,0.011364,0.019,,,,"{""tried_cycle_times"": 6, ""n_groups"": 17, ""n_leaves"": 5}",
n50_os0.6_r10_uniform_23,n50_os0.6_r10_uniform,50,5,0.6057,10,uniform,hoffmann,euristica,optimal,588,588,0.0,0.022,,,,"{""tried_cycle_times"": 1, ""node_limit"": 20000, ""node_limit_hits"": 0, ""node_limit_hits_total"": 0}",
n50_os0.6_r10_uniform_23,n50_os0.6_r10_uniform,50,5,0.6057,10,uniform,gruppi,euristica,feasible,616,588,0.047619,0.033,,,,"{""tried_cycle_times"": 29, ""n_groups"": 20, ""n_leaves"": 6}",
n50_os0.6_r10_uniform_24,n50_os0.6_r10_uniform,50,5,0.6073,10,uniform,hoffmann,euristica,optimal,464,464,0.0,0.019,,,,"{""tried_cycle_times"": 1, ""node_limit"": 20000, ""node_limit_hits"": 0, ""node_limit_hits_total"": 0}",
n50_os0.6_r10_uniform_24,n50_os0.6_r10_uniform,50,5,0.6073,10,uniform,gruppi,euristica,feasible,474,464,0.021552,0.025,,,,"{""tried_cycle_times"": 11, ""n_groups"": 22, ""n_leaves"": 8}",
n50_os0.9_r3_uniform_00,n50_os0.9_r3_uniform,50,17,0.902,3,uniform,patterson_albracht,pli,optimal,155,155,0.0,4.024,0.046,391,149,"{""c_min"": 144, ""c_max"": 215}",
n50_os0.9_r3_uniform_00,n50_os0.9_r3_uniform,50,17,0.902,3,uniform,ritt_costa,pli,optimal,155,155,0.0,0.962,0.062,463,808,"{""c_min"": 144, ""c_max"": 215}",
n50_os0.9_r3_uniform_00,n50_os0.9_r3_uniform,50,17,0.902,3,uniform,hoffmann,euristica,feasible,156,144,0.083333,0.043,,,,"{""tried_cycle_times"": 13, ""node_limit"": 20000, ""node_limit_hits"": 0, ""node_limit_hits_total"": 0}",
n50_os0.9_r3_uniform_00,n50_os0.9_r3_uniform,50,17,0.902,3,uniform,gruppi,euristica,feasible,163,144,0.131944,0.047,,,,"{""tried_cycle_times"": 20, ""n_groups"": 20, ""n_leaves"": 2}",
n50_os0.9_r3_uniform_01,n50_os0.9_r3_uniform,50,17,0.902,3,uniform,patterson_albracht,pli,optimal,171,171,0.0,2.352,0.022,382,149,"{""c_min"": 156, ""c_max"": 234}",
n50_os0.9_r3_uniform_01,n50_os0.9_r3_uniform,50,17,0.902,3,uniform,ritt_costa,pli,optimal,171,171,0.0,1.058,0.068,461,807,"{""c_min"": 156, ""c_max"": 234}",
n50_os0.9_r3_uniform_01,n50_os0.9_r3_uniform,50,17,0.902,3,uniform,hoffmann,euristica,feasible,173,156,0.108974,0.045,,,,"{""tried_cycle_times"": 18, ""node_limit"": 20000, ""node_limit_hits"": 0, ""node_limit_hits_total"": 0}",
n50_os0.9_r3_uniform_01,n50_os0.9_r3_uniform,50,17,0.902,3,uniform,gruppi,euristica,feasible,174,156,0.115385,0.044,,,,"{""tried_cycle_times"": 19, ""n_groups"": 20, ""n_leaves"": 3}",
n50_os0.9_r3_uniform_02,n50_os0.9_r3_uniform,50,17,0.9037,3,uniform,patterson_albracht,pli,optimal,150,150,0.0,1.636,0.021,341,155,"{""c_min"": 140, ""c_max"": 196}",
n50_os0.9_r3_uniform_02,n50_os0.9_r3_uniform,50,17,0.9037,3,uniform,ritt_costa,pli,optimal,150,150,0.0,0.823,0.05,398,724,"{""c_min"": 140, ""c_max"": 196}",
n50_os0.9_r3_uniform_02,n50_os0.9_r3_uniform,50,17,0.9037,3,uniform,hoffmann,euristica,feasible,162,140,0.157143,0.062,,,,"{""tried_cycle_times"": 23, ""node_limit"": 20000, ""node_limit_hits"": 0, ""node_limit_hits_total"": 0}",
n50_os0.9_r3_uniform_02,n50_os0.9_r3_uniform,50,17,0.9037,3,uniform,gruppi,euristica,feasible,168,140,0.2,0.056,,,,"{""tried_cycle_times"": 29, ""n_groups"": 21, ""n_leaves"": 2}",
n50_os0.9_r3_uniform_03,n50_os0.9_r3_uniform,50,17,0.9078,3,uniform,hoffmann,euristica,feasible,147,131,0.122137,0.044,,,,"{""tried_cycle_times"": 17, ""node_limit"": 20000, ""node_limit_hits"": 0, ""node_limit_hits_total"": 0}",
n50_os0.9_r3_uniform_03,n50_os0.9_r3_uniform,50,17,0.9078,3,uniform,gruppi,euristica,feasible,155,131,0.183206,0.056,,,,"{""tried_cycle_times"": 25, ""n_groups"": 19, ""n_leaves"": 3}",
n50_os0.9_r3_uniform_04,n50_os0.9_r3_uniform,50,17,0.9012,3,uniform,patterson_albracht,pli,optimal,179,179,0.0,5.975,0.043,378,151,"{""c_min"": 171, ""c_max"": 254}",
n50_os0.9_r3_uniform_04,n50_os0.9_r3_uniform,50,17,0.9012,3,uniform,ritt_costa,pli,optimal,179,179,0.0,0.803,0.066,462,806,"{""c_min"": 171, ""c_max"": 254}",
n50_os0.9_r3_uniform_04,n50_os0.9_r3_uniform,50,17,0.9012,3,uniform,hoffmann,euristica,feasible,179,171,0.046784,0.038,,,,"{""tried_cycle_times"": 9, ""node_limit"": 20000, ""node_limit_hits"": 0, ""node_limit_hits_total"": 0}",
n50_os0.9_r3_uniform_04,n50_os0.9_r3_uniform,50,17,0.9012,3,uniform,gruppi,euristica,feasible,203,171,0.187135,0.055,,,,"{""tried_cycle_times"": 33, ""n_groups"": 17, ""n_leaves"": 3}",
n50_os0.9_r3_uniform_05,n50_os0.9_r3_uniform,50,17,0.9061,3,uniform,patterson_albracht,pli,optimal,161,161,0.0,2.419,0.022,351,157,"{""c_min"": 148, ""c_max"": 206}",
n50_os0.9_r3_uniform_05,n50_os0.9_r3_uniform,50,17,0.9061,3,uniform,ritt_costa,pli,optimal,161,161,0.0,0.64,0.055,410,737,"{""c_min"": 148, ""c_max"": 206}",
n50_os0.9_r3_uniform_05,n50_os0.9_r3_uniform,50,17,0.9061,3,uniform,hoffmann,euristica,feasible,167,148,0.128378,0.049,,,,"{""tried_cycle_times"": 20, ""node_limit"": 20000, ""node_limit_hits"": 0, ""node_limit_hits_total"": 0}",
n50_os0.9_r3_uniform_05,n50_os0.9_r3_uniform,50,17,0.9061,3,uniform,gruppi,euristica,feasible,174,148,0.175676,0.05,,,,"{""tried_cycle_times"": 27, ""n_groups"": 18, ""n_leaves"": 3}",
n50_os0.9_r3_uniform_06,n50_os0.9_r3_uniform,50,17,0.902,3,uniform,patterson_albracht,pli,optimal,148,148,0.0,2.253,0.025,375,153,"{""c_min"": 139, ""c_max"": 200}",
n50_os0.9_r3_uniform_06,n50_os0.9_r3_uniform,50,17,0.902,3,uniform,ritt_costa,pli,optimal,148,148,0.0,0.929,0.069,437,790,"{""c_min"": 139, ""c_max"": 200}",
n50_os0.9_r3_uniform_06,n50_os0.9_r3_uniform,50,17,0.902,3,uniform,hoffmann,euristica,feasible,151,139,0.086331,0.047,,,,"{""tried_cycle_times"": 13, ""node_limit"": 20000, ""node_limit_hits"": 0, ""node_limit_hits_total"": 0}",
n50_os0.9_r3_uniform_06,n50_os0.9_r3_uniform,50,17,0.902,3,uniform,gruppi,euristica,feasible,151,139,0.086331,0.041,,,,"{""tried_cycle_times"": 13, ""n_groups"": 18, ""n_leaves"": 3}",
n50_os0.9_r3_uniform_07,n50_os0.9_r3_uniform,50,17,0.9029,3,uniform,patterson_albracht,pli,optimal,159,159,0.0,3.605,0.025,410,152,"{""c_min"": 146, ""c_max"": 225}",
n50_os0.9_r3_uniform_07,n50_os0.9_r3_uniform,50,17,0.9029,3,uniform,ritt_costa,pli,optimal,159,159,0.0,2.007,0.073,490,887,"{""c_min"": 146, ""c_max"": 225}",
n50_os0.9_r3_uniform_07,n50_os0.9_r3_uniform,50,17,0.9029,3,uniform,hoffmann,euristica,feasible,159,146,0.089041,0.04,,,,"{""tried_cycle_times"": 14, ""node_limit"": 20000, ""node_limit_hits"": 0, ""node_limit_hits_total"": 0}",
n50_os0.9_r3_uniform_07,n50_os0.9_r3_uniform,50,17,0.9029,3,uniform,gruppi,euristica,feasible,176,146,0.205479,0.049,,,,"{""tried_cycle_times"": 31, ""n_groups"": 17, ""n_leaves"": 1}",
n50_os0.9_r3_uniform_08,n50_os0.9_r3_uniform,50,17,0.9004,3,uniform,hoffmann,euristica,feasible,161,152,0.059211,0.034,,,,"{""tried_cycle_times"": 10, ""node_limit"": 20000, ""node_limit_hits"": 0, ""node_limit_hits_total"": 0}",
n50_os0.9_r3_uniform_08,n50_os0.9_r3_uniform,50,17,0.9004,3,uniform,gruppi,euristica,feasible,176,152,0.157895,0.046,,,,"{""tried_cycle_times"": 25, ""n_groups"": 20, ""n_leaves"": 2}",
n50_os0.9_r3_uniform_09,n50_os0.9_r3_uniform,50,17,0.902,3,uniform,hoffmann,euristica,feasible,163,156,0.044872,0.031,,,,"{""tried_cycle_times"": 8, ""node_limit"": 20000, ""node_limit_hits"": 0, ""node_limit_hits_total"": 0}",
n50_os0.9_r3_uniform_09,n50_os0.9_r3_uniform,50,17,0.902,3,uniform,gruppi,euristica,feasible,173,156,0.108974,0.039,,,,"{""tried_cycle_times"": 18, ""n_groups"": 20, ""n_leaves"": 3}",
n50_os0.9_r3_uniform_10,n50_os0.9_r3_uniform,50,17,0.9004,3,uniform,patterson_albracht,pli,optimal,168,168,0.0,1.547,0.022,332,164,"{""c_min"": 160, ""c_max"": 208}",
n50_os0.9_r3_uniform_10,n50_os0.9_r3_uniform,50,17,0.9004,3,uniform,ritt_costa,pli,optimal,168,168,0.0,0.589,0.042,381,698,"{""c_min"": 160, ""c_max"": 208}",
n50_os0.9_r3_uniform_10,n50_os0.9_r3_uniform,50,17,0.9004,3,uniform,hoffmann,euristica,feasible,168,160,0.05,0.042,,,,"{""tried_cycle_times"": 9, ""node_limit"": 20000, ""node_limit_hits"": 0, ""node_limit_hits_total"": 0}",
n50_os0.9_r3_uniform_10,n50_os0.9_r3_uniform,50,17,0.9004,3,uniform,gruppi,euristica,feasible,174,160,0.0875,0.043,,,,"{""tried_cycle_times"": 15, ""n_groups"": 17, ""n_leaves"": 3}",
n50_os0.9_r3_uniform_11,n50_os0.9_r3_uniform,50,17,0.9061,3,uniform,hoffmann,euristica,feasible,179,170,0.052941,0.036,,,,"{""tried_cycle_times"": 10, ""node_limit"": 20000, ""node_limit_hits"": 0, ""node_limit_hits_total"": 0}",
n50_os0.9_r3_uniform_11,n50_os0.9_r3_uniform,50,17,0.9061,3,uniform,gruppi,euristica,feasible,188,170,0.105882,0.056,,,,"{""tried_cycle_times"": 19, ""n_groups"": 18, ""n_leaves"": 2}",
n50_os0.9_r3_uniform_12,n50_os0.9_r3_uniform,50,17,0.902,3,uniform,patterson_albracht,pli,optimal,170,170,0.0,1.936,0.026,392,140,"{""c_min"": 160, ""c_max"": 235}",
n50_os0.9_r3_uniform_12,n50_os0.9_r3_uniform,50,17,0.902,3,uniform,ritt_costa,pli,optimal,170,170,0.0,0.565,0.062,468,749,"{""c_min"": 160, ""c_max"": 235}",
n50_os0.9_r3_uniform_12,n50_os0.9_r3_uniform,50,17,0.902,3,uniform,hoffmann,euristica,feasible,172,160,0.075,0.051,,,,"{""tried_cycle_times"": 13, ""node_limit"": 20000, ""node_limit_hits"": 0, ""node_limit_hits_total"": 0}",
n50_os0.9_r3_uniform_12,n50_os0.9_r3_uniform,50,17,0.902,3,uniform,gruppi,euristica,feasible,172,160,0.075,0.047,,,,"{""tried_cycle_times"": 13, ""n_groups"": 25, ""n_leaves"": 2}",
n50_os0.9_r3_uniform_13,n50_os0.9_r3_uniform,50,17,0.9004,3,uniform,patterson_albracht,pli,optimal,167,167,0.0,3.73,0.025,404,159,"{""c_min"": 158, ""c_max"": 239}",
n50_os0.9_r3_uniform_13,n50_os0.9_r3_uniform,50,17,0.9004,3,uniform,ritt_costa,pli,optimal,167,167,0.0,1.372,0.071,486,897,"{""c_min"": 158, ""c_max"": 239}",
n50_os0.9_r3_uniform_13,n50_os0.9_r3_uniform,50,17,0.9004,3,uniform,hoffmann,euristica,feasible,167,158,0.056962,0.04,,,,"{""tried_cycle_times"": 10, ""node_limit"": 20000, ""node_limit_hits"": 0, ""node_limit_hits_total"": 0}",
n50_os0.9_r3_uniform_13,n50_os0.9_r3_uniform,50,17,0.9004,3,uniform,gruppi,euristica,feasible,171,158,0.082278,0.042,,,,"{""tried_cycle_times"": 14, ""n_groups"": 19, ""n_leaves"": 2}",
n50_os0.9_r3_uniform_14,n50_os0.9_r3_uniform,50,17,0.9004,3,uniform,patterson_albracht,pli,optimal,175,175,0.0,3.99,0.02,346,146,"{""c_min"": 167, ""c_max"": 226}",
n50_os0.9_r3_uniform_14,n50_os0.9_r3_uniform,50,17,0.9004,3,uniform,ritt_costa,pli,optimal,175,175,0.0,1.113,0.049,406,672,"{""c_min"": 167, ""c_max"": 226}",
n50_os0.9_r3_uniform_14,n50_os0.9_r3_uniform,50,17,0.9004,3,uniform,hoffmann,euristica,feasible,175,167,0.047904,0.038,,,,"{""tried_cycle_times"": 9, ""node_limit"": 20000, ""node_limit_hits"": 0, ""node_limit_hits_total"": 0}",
n50_os0.9_r3_uniform_14,n50_os0.9_r3_uniform,50,17,0.9004,3,uniform,gruppi,euristica,feasible,183,167,0.095808,0.043,,,,"{""tried_cycle_times"": 17, ""n_groups"": 21, ""n_leaves"": 2}",
n50_os0.9_r3_uniform_15,n50_os0.9_r3_uniform,50,17,0.9053,3,uniform,patterson_albracht,pli,optimal,133,133,0.0,0.878,0.019,336,146,"{""c_min"": 129, ""c_max"": 175}",
n50_os0.9_r3_uniform_15,n50_os0.9_r3_uniform,50,17,0.9053,3,uniform,ritt_costa,pli,optimal,133,133,0.0,0.488,0.045,383,661,"{""c_min"": 129, ""c_max"": 175}",
n50_os0.9_r3_uniform_15,n50_os0.9_r3_uniform,50,17,0.9053,3,uniform,hoffmann,euristica,feasible,137,129,0.062016,0.035,,,,"{""tried_cycle_times"": 9, ""node_limit"": 20000, ""node_limit_hits"": 0, ""node_limit_hits_total"": 0}",
n50_os0.9_r3_uniform_15,n50_os0.9_r3_uniform,50,17,0.9053,3,uniform,gruppi,euristica,feasible,153,129,0.186047,0.045,,,,"{""tried_cycle_times"": 25, ""n_groups"": 19, ""n_leaves"": 3}",
n50_os0.9_r3_uniform_16,n50_os0.9_r3_uniform,50,17,0.902,3,uniform,hoffmann,euristica,feasible,171,161,0.062112,0.037,,,,"{""tried_cycle_times"": 11, ""node_limit"": 20000, ""node_limit_hits"": 0, ""node_limit_hits_total"": 0}",
n50_os0.9_r3_uniform_16,n50_os0.9_r3_uniform,50,17,0.902,3,uniform,gruppi,euristica,feasible,186,161,0.15528,0.047,,,,"{""tried_cycle_times"": 26, ""n_groups"": 14, ""n_leaves"": 4}",
n50_os0.9_r3_uniform_17,n50_os0.9_r3_uniform,50,17,0.9004,3,uniform,patterson_albracht,pli,optimal,147,147,0.0,3.012,0.024,422,145,"{""c_min"": 139, ""c_max"": 222}",
n50_os0.9_r3_uniform_17,n50_os0.9_r3_uniform,50,17,0.9004,3,uniform,ritt_costa,pli,optimal,147,147,0.0,0.939,0.074,506,876,"{""c_min"": 139, ""c_max"": 222}",
n50_os0.9_r3_uniform_17,n50_os0.9_r3_uniform,50,17,0.9004,3,uniform,hoffmann,euristica,feasible,150,139,0.079137,0.044,,,,"{""tried_cycle_times"": 12, ""node_limit"": 20000, ""node_limit_hits"": 0, ""node_limit_hits_total"": 0}",
n50_os0.9_r3_uniform_17,n50_os0.9_r3_uniform,50,17,0.9004,3,uniform,gruppi,euristica,feasible,169,139,0.215827,0.057,,,,"{""tried_cycle_times"": 31, ""n_groups"": 22, ""n_leaves"": 2}",
n50_os0.9_r3_uniform_18,n50_os0.9_r3_uniform,50,17,0.9069,3,uniform,patterson_albracht,pli,optimal,144,144,0.0,4.17,0.022,410,141,"{""c_min"": 139, ""c_max"": 217}",
n50_os0.9_r3_uniform_18,n50_os0.9_r3_uniform,50,17,0.9069,3,uniform,ritt_costa,pli,optimal,144,144,0.0,0.654,0.071,489,831,"{""c_min"": 139, ""c_max"": 217}",
n50_os0.9_r3_uniform_18,n50_os0.9_r3_uniform,50,17,0.9069,3,uniform,hoffmann,euristica,feasible,146,139,0.05036,0.033,,,,"{""tried_cycle_times"": 8, ""node_limit"": 20000, ""node_limit_hits"": 0, ""node_limit_hits_total"": 0}",
n50_os0.9_r3_uniform_18,n50_os0.9_r3_uniform,50,17,0.9069,3,uniform,gruppi,euristica,feasible,159,139,0.143885,0.042,,,,"{""tried_cycle_times"": 21, ""n_groups"": 18, ""n_leaves"": 3}",
n50_os0.9_r3_uniform_19,n50_os0.9_r3_uniform,50,17,0.9012,3,uniform,patterson_albracht,pli,optimal,168,168,0.0,3.357,0.021,355,154,"{""c_min"": 161, ""c_max"": 228}",
n50_os0.9_r3_uniform_19,n50_os0.9_r3_uniform,50,17,0.9012,3,uniform,ritt_costa,pli,optimal,168,168,0.0,1.062,0.058,423,753,"{""c_min"": 161, ""c_max"": 228}",
n50_os0.9_r3_uniform_19,n50_os0.9_r3_uniform,50,17,0.9012,3,uniform,hoffmann,euristica,feasible,175,161,0.086957,0.048,,,,"{""tried_cycle_times"": 15, ""node_limit"": 20000, ""node_limit_hits"": 0, ""node_limit_hits_total"": 0}",
n50_os0.9_r3_uniform_19,n50_os0.9_r3_uniform,50,17,0.9012,3,uniform,gruppi,euristica,feasible,182,161,0.130435,0.045,,,,"{""tried_cycle_times"": 22, ""n_groups"": 18, ""n_leaves"": 2}",
n50_os0.9_r3_uniform_20,n50_os0.9_r3_uniform,50,17,0.9037,3,uniform,hoffmann,euristica,feasible,169,155,0.090323,0.039,,,,"{""tried_cycle_times"": 15, ""node_limit"": 20000, ""node_limit_hits"": 0, ""node_limit_hits_total"": 0}",
n50_os0.9_r3_uniform_20,n50_os0.9_r3_uniform,50,17,0.9037,3,uniform,gruppi,euristica,feasible,173,155,0.116129,0.04,,,,"{""tried_cycle_times"": 19, ""n_groups"": 20, ""n_leaves"": 2}",
n50_os0.9_r3_uniform_21,n50_os0.9_r3_uniform,50,17,0.9004,3,uniform,patterson_albracht,pli,optimal,167,167,0.0,1.232,0.019,316,148,"{""c_min"": 161, ""c_max"": 207}",
n50_os0.9_r3_uniform_21,n50_os0.9_r3_uniform,50,17,0.9004,3,uniform,ritt_costa,pli,optimal,167,167,0.0,0.688,0.046,363,596,"{""c_min"": 161, ""c_max"": 207}",
n50_os0.9_r3_uniform_21,n50_os0.9_r3_uniform,50,17,0.9004,3,uniform,hoffmann,euristica,feasible,167,161,0.037267,0.04,,,,"{""tried_cycle_times"": 7, ""node_limit"": 20000, ""node_limit_hits"": 0, ""node_limit_hits_total"": 0}",
n50_os0.9_r3_uniform_21,n50_os0.9_r3_uniform,50,17,0.9004,3,uniform,gruppi,euristica,feasible,180,161,0.118012,0.049,,,,"{""tried_cycle_times"": 20, ""n_groups"": 19, ""n_leaves"": 3}",
n50_os0.9_r3_uniform_22,n50_os0.9_r3_uniform,50,17,0.9029,3,uniform,patterson_albracht,pli,optimal,161,161,0.0,3.181,0.023,396,149,"{""c_min"": 151, ""c_max"": 228}",
n50_os0.9_r3_uniform_22,n50_os0.9_r3_uniform,50,17,0.9029,3,uniform,ritt_costa,pli,optimal,161,161,0.0,1.503,0.066,474,827,"{""c_min"": 151, ""c_max"": 228}",
n50_os0.9_r3_uniform_22,n50_os0.9_r3_uniform,50,17,0.9029,3,uniform,hoffmann,euristica,feasible,164,151,0.086093,0.045,,,,"{""tried_cycle_times"": 14, ""node_limit"": 20000, ""node_limit_hits"": 0, ""node_limit_hits_total"": 0}",
n50_os0.9_r3_uniform_22,n50_os0.9_r3_uniform,50,17,0.9029,3,uniform,gruppi,euristica,feasible,164,151,0.086093,0.042,,,,"{""tried_cycle_times"": 14, ""n_groups"": 21, ""n_leaves"": 2}",
n50_os0.9_r3_uniform_23,n50_os0.9_r3_uniform,50,17,0.9004,3,uniform,hoffmann,euristica,feasible,173,156,0.108974,0.042,,,,"{""tried_cycle_times"": 18, ""node_limit"": 20000, ""node_limit_hits"": 0, ""node_limit_hits_total"": 0}",
n50_os0.9_r3_uniform_23,n50_os0.9_r3_uniform,50,17,0.9004,3,uniform,gruppi,euristica,feasible,178,156,0.141026,0.048,,,,"{""tried_cycle_times"": 23, ""n_groups"": 17, ""n_leaves"": 3}",
n50_os0.9_r3_uniform_24,n50_os0.9_r3_uniform,50,17,0.9004,3,uniform,patterson_albracht,pli,optimal,148,148,0.0,4.454,0.023,387,154,"{""c_min"": 138, ""c_max"": 208}",
n50_os0.9_r3_uniform_24,n50_os0.9_r3_uniform,50,17,0.9004,3,uniform,ritt_costa,pli,optimal,148,148,0.0,0.828,0.064,458,836,"{""c_min"": 138, ""c_max"": 208}",
n50_os0.9_r3_uniform_24,n50_os0.9_r3_uniform,50,17,0.9004,3,uniform,hoffmann,euristica,feasible,148,138,0.072464,0.037,,,,"{""tried_cycle_times"": 11, ""node_limit"": 20000, ""node_limit_hits"": 0, ""node_limit_hits_total"": 0}",
n50_os0.9_r3_uniform_24,n50_os0.9_r3_uniform,50,17,0.9004,3,uniform,gruppi,euristica,feasible,171,138,0.23913,0.053,,,,"{""tried_cycle_times"": 34, ""n_groups"": 18, ""n_leaves"": 2}",
n50_os0.9_r6_uniform_00,n50_os0.9_r6_uniform,50,8,0.9012,6,uniform,hoffmann,euristica,feasible,367,359,0.022284,0.042,,,,"{""tried_cycle_times"": 9, ""node_limit"": 20000, ""node_limit_hits"": 0, ""node_limit_hits_total"": 0}",
n50_os0.9_r6_uniform_00,n50_os0.9_r6_uniform,50,8,0.9012,6,uniform,gruppi,euristica,feasible,371,359,0.033426,0.034,,,,"{""tried_cycle_times"": 13, ""n_groups"": 20, ""n_leaves"": 3}",
n50_os0.9_r6_uniform_01,n50_os0.9_r6_uniform,50,8,0.902,6,uniform,hoffmann,euristica,feasible,331,325,0.018462,0.037,,,,"{""tried_cycle_times"": 7, ""node_limit"": 20000, ""node_limit_hits"": 0, ""node_limit_hits_total"": 0}",
n50_os0.9_r6_uniform_01,n50_os0.9_r6_uniform,50,8,0.902,6,uniform,gruppi,euristica,feasible,343,325,0.055385,0.038,,,,"{""tried_cycle_times"": 19, ""n_groups"": 20, ""n_leaves"": 2}",
n50_os0.9_r6_uniform_02,n50_os0.9_r6_uniform,50,8,0.9061,6,uniform,hoffmann,euristica,feasible,315,311,0.012862,0.033,,,,"{""tried_cycle_times"": 5, ""node_limit"": 20000, ""node_limit_hits"": 0, ""node_limit_hits_total"": 0}",
n50_os0.9_r6_uniform_02,n50_os0.9_r6_uniform,50,8,0.9061,6,uniform,gruppi,euristica,feasible,330,311,0.061093,0.038,,,,"{""tried_cycle_times"": 20, ""n_groups"": 19, ""n_leaves"": 2}",
n50_os0.9_r6_uniform_03,n50_os0.9_r6_uniform,50,8,0.9004,6,uniform,hoffmann,euristica,feasible,320,310,0.032258,0.045,,,,"{""tried_cycle_times"": 11, ""node_limit"": 20000, ""node_limit_hits"": 0, ""node_limit_hits_total"": 0}",
n50_os0.9_r6_uniform_03,n50_os0.9_r6_uniform,50,8,0.9004,6,uniform,gruppi,euristica,feasible,331,310,0.067742,0.043,,,,"{""tried_cycle_times"": 22, ""n_groups"": 19, ""n_leaves"": 2}",
n50_os0.9_r6_uniform_04,n50_os0.9_r6_uniform,50,8,0.9004,6,uniform,hoffmann,euristica,feasible,307,298,0.030201,0.04,,,,"{""tried_cycle_times"": 10, ""node_limit"": 20000, ""node_limit_hits"": 0, ""node_limit_hits_total"": 0}",
n50_os0.9_r6_uniform_04,n50_os0.9_r6_uniform,50,8,0.9004,6,uniform,gruppi,euristica,feasible,326,298,0.09396,0.046,,,,"{""tried_cycle_times"": 29, ""n_groups"": 20, ""n_leaves"": 4}",
n50_os0.9_r6_uniform_05,n50_os0.9_r6_uniform,50,8,0.9004,6,uniform,patterson_albracht,pli,optimal,280,280,0.0,0.103,0.011,159,133,"{""c_min"": 278, ""c_max"": 350}",
n50_os0.9_r6_uniform_05,n50_os0.9_r6_uniform,50,8,0.9004,6,uniform,ritt_costa,pli,optimal,280,280,0.0,0.122,0.019,232,262,"{""c_min"": 278, ""c_max"": 350}",
n50_os0.9_r6_uniform_05,n50_os0.9_r6_uniform,50,8,0.9004,6,uniform,hoffmann,euristica,feasible,285,278,0.02518,0.041,,,,"{""tried_cycle_times"": 8, ""node_limit"": 20000, ""node_limit_hits"": 0, ""node_limit_hits_total"": 0}",
n50_os0.9_r6_uniform_05,n50_os0.9_r6_uniform,50,8,0.9004,6,uniform,gruppi,euristica,feasible,296,278,0.064748,0.038,,,,"{""tried_cycle_times"": 19, ""n_groups"": 21, ""n_leaves"": 1}",
n50_os0.9_r6_uniform_06,n50_os0.9_r6_uniform,50,8,0.902,6,uniform,hoffmann,euristica,feasible,303,298,0.016779,0.034,,,,"{""tried_cycle_times"": 6, ""node_limit"": 20000, ""node_limit_hits"": 0, ""node_limit_hits_total"": 0}",
n50_os0.9_r6_uniform_06,n50_os0.9_r6_uniform,50,8,0.902,6,uniform,gruppi,euristica,feasible,313,298,0.050336,0.036,,,,"{""tried_cycle_times"": 16, ""n_groups"": 18, ""n_leaves"": 3}",
n50_os0.9_r6_uniform_07,n50_os0.9_r6_uniform,50,8,0.9004,6,uniform,hoffmann,euristica,feasible,316,301,0.049834,0.056,,,,"{""tried_cycle_times"": 16, ""node_limit"": 20000, ""node_limit_hits"": 0, ""node_limit_hits_total"": 0}",
n50_os0.9_r6_uniform_07,n50_os0.9_r6_uniform,50,8,0.9004,6,uniform,gruppi,euristica,feasible,324,301,0.076412,0.04,,,,"{""tried_cycle_times"": 24, ""n_groups"": 20, ""n_leaves"": 3}",
n50_os0.9_r6_uniform_08,n50_os0.9_r6_uniform,50,8,0.9004,6,uniform,hoffmann,euristica,feasible,313,307,0.019544,0.036,,,,"{""tried_cycle_times"": 7, ""node_limit"": 20000, ""node_limit_hits"": 0, ""node_limit_hits_total"": 0}",
n50_os0.9_r6_uniform_08,n50_os0.9_r6_uniform,50,8,0.9004,6,uniform,gruppi,euristica,feasible,326,307,0.061889,0.038,,,,"{""tried_cycle_times"": 20, ""n_groups"": 20, ""n_leaves"": 2}",
n50_os0.9_r6_uniform_09,n50_os0.9_r6_uniform,50,8,0.9012,6,uniform,hoffmann,euristica,feasible,314,305,0.029508,0.041,,,,"{""tried_cycle_times"": 10, ""node_limit"": 20000, ""node_limit_hits"": 0, ""node_limit_hits_total"": 0}",
n50_os0.9_r6_uniform_09,n50_os0.9_r6_uniform,50,8,0.9012,6,uniform,gruppi,euristica,feasible,318,305,0.042623,0.034,,,,"{""tried_cycle_times"": 14, ""n_groups"": 18, ""n_leaves"": 3}",
n50_os0.9_r6_uniform_10,n50_os0.9_r6_uniform,50,8,0.9029,6,uniform,hoffmann,euristica,feasible,339,332,0.021084,0.034,,,,"{""tried_cycle_times"": 8, ""node_limit"": 20000, ""node_limit_hits"": 0, ""node_limit_hits_total"": 0}",
n50_os0.9_r6_uniform_10,n50_os0.9_r6_uniform,50,8,0.9029,6,uniform,gruppi,euristica,feasible,357,332,0.075301,0.038,,,,"{""tried_cycle_times"": 26, ""n_groups"": 17, ""n_leaves"": 3}",
n50_os0.9_r6_uniform_11,n50_os0.9_r6_uniform,50,8,0.9029,6,uniform,hoffmann,euristica,feasible,302,295,0.023729,0.037,,,,"{""tried_cycle_times"": 8, ""node_limit"": 20000, ""node_limit_hits"": 0, ""node_limit_hits_total"": 0}",
n50_os0.9_r6_uniform_11,n50_os0.9_r6_uniform,50,8,0.9029,6,uniform,gruppi,euristica,feasible,322,295,0.091525,0.04,,,,"{""tried_cycle_times"": 28, ""n_groups"": 21, ""n_leaves"": 2}",
n50_os0.9_r6_uniform_12,n50_os0.9_r6_uniform,50,8,0.9029,6,uniform,hoffmann,euristica,feasible,349,339,0.029499,0.043,,,,"{""tried_cycle_times"": 11, ""node_limit"": 20000, ""node_limit_hits"": 0, ""node_limit_hits_total"": 0}",
n50_os0.9_r6_uniform_12,n50_os0.9_r6_uniform,50,8,0.9029,6,uniform,gruppi,euristica,feasible,362,339,0.067847,0.038,,,,"{""tried_cycle_times"": 24, ""n_groups"": 18, ""n_leaves"": 1}",
n50_os0.9_r6_uniform_13,n50_os0.9_r6_uniform,50,8,0.9102,6,uniform,hoffmann,euristica,feasible,347,338,0.026627,0.042,,,,"{""tried_cycle_times"": 10, ""node_limit"": 20000, ""node_limit_hits"": 0, ""node_limit_hits_total"": 0}",
n50_os0.9_r6_uniform_13,n50_os0.9_r6_uniform,50,8,0.9102,6,uniform,gruppi,euristica,feasible,350,338,0.035503,0.033,,,,"{""tried_cycle_times"": 13, ""n_groups"": 19, ""n_leaves"": 1}",
n50_os0.9_r6_uniform_14,n50_os0.9_r6_uniform,50,8,0.9045,6,uniform,patterson_albracht,pli,optimal,312,312,0.0,0.09,0.009,131,137,"{""c_min"": 307, ""c_max"": 351}",
n50_os0.9_r6_uniform_14,n50_os0.9_r6_uniform,50,8,0.9045,6,uniform,ritt_costa,pli,optimal,312,312,0.0,0.108,0.012,176,202,"{""c_min"": 307, ""c_max"": 351}",
n50_os0.9_r6_uniform_14,n50_os0.9_r6_uniform,50,8,0.9045,6,uniform,hoffmann,euristica,feasible,312,307,0.016287,0.06,,,,"{""tried_cycle_times"": 6, ""node_limit"": 20000, ""node_limit_hits"": 0, ""node_limit_hits_total"": 0}",
n50_os0.9_r6_uniform_14,n50_os0.9_r6_uniform,50,8,0.9045,6,uniform,gruppi,euristica,feasible,321,307,0.045603,0.056,,,,"{""tried_cycle_times"": 15, ""n_groups"": 17, ""n_leaves"": 4}",
n50_os0.9_r6_uniform_15,n50_os0.9_r6_uniform,50,8,0.902,6,uniform,hoffmann,euristica,feasible,303,296,0.023649,0.043,,,,"{""tried_cycle_times"": 8, ""node_limit"": 20000, ""node_limit_hits"": 0, ""node_limit_hits_total"": 0}",
n50_os0.9_r6_uniform_15,n50_os0.9_r6_uniform,50,8,0.902,6,uniform,gruppi,euristica,feasible,315,296,0.064189,0.039,,,,"{""tried_cycle_times"": 20, ""n_groups"": 19, ""n_leaves"": 2}",
n50_os0.9_r6_uniform_16,n50_os0.9_r6_uniform,50,8,0.9053,6,uniform,hoffmann,euristica,feasible,319,315,0.012698,0.03,,,,"{""tried_cycle_times"": 5, ""node_limit"": 20000, ""node_limit_hits"": 0, ""node_limit_hits_total"": 0}",
n50_os0.9_r6_uniform_16,n50_os0.9_r6_uniform,50,8,0.9053,6,uniform,gruppi,euristica,feasible,333,315,0.057143,0.042,,,,"{""tried_cycle_times"": 19, ""n_groups"": 20, ""n_leaves"": 1}",
n50_os0.9_r6_uniform_17,n50_os0.9_r6_uniform,50,8,0.9012,6,uniform,hoffmann,euristica,feasible,306,299,0.023411,0.041,,,,"{""tried_cycle_times"": 8, ""node_limit"": 20000, ""node_limit_hits"": 0, ""node_limit_hits_total"": 0}",
n50_os0.9_r6_uniform_17,n50_os0.9_r6_uniform,50,8,0.9012,6,uniform,gruppi,euristica,feasible,312,299,0.043478,0.037,,,,"{""tried_cycle_times"": 14, ""n_groups"": 22, ""n_leaves"": 5}",
n50_os0.9_r6_uniform_18,n50_os0.9_r6_uniform,50,8,0.9004,6,uniform,hoffmann,euristica,feasible,303,294,0.030612,0.045,,,,"{""tried_cycle_times"": 10, ""node_limit"": 20000, ""node_limit_hits"": 0, ""node_limit_hits_total"": 0}",
n50_os0.9_r6_uniform_18,n50_os0.9_r6_uniform,50,8,0.9004,6,uniform,gruppi,euristica,feasible,304,294,0.034014,0.033,,,,"{""tried_cycle_times"": 11, ""n_groups"": 17, ""n_leaves"": 3}",
n50_os0.9_r6_uniform_19,n50_os0.9_r6_uniform,50,8,0.9004,6,uniform,hoffmann,euristica,feasible,329,319,0.031348,0.043,,,,"{""tried_cycle_times"": 11, ""node_limit"": 20000, ""node_limit_hits"": 0, ""node_limit_hits_total"": 0}",
n50_os0.9_r6_uniform_19,n50_os0.9_r6_uniform,50,8,0.9004,6,uniform,gruppi,euristica,feasible,349,319,0.094044,0.043,,,,"{""tried_cycle_times"": 31, ""n_groups"": 17, ""n_leaves"": 2}",
n50_os0.9_r6_uniform_20,n50_os0.9_r6_uniform,50,8,0.9012,6,uniform,hoffmann,euristica,feasible,360,352,0.022727,0.045,,,,"{""tried_cycle_times"": 9, ""node_limit"": 20000, ""node_limit_hits"": 0, ""node_limit_hits_total"": 0}",
n50_os0.9_r6_uniform_20,n50_os0.9_r6_uniform,50,8,0.9012,6,uniform,gruppi,euristica,feasible,376,352,0.068182,0.039,,,,"{""tried_cycle_times"": 25, ""n_groups"": 19, ""n_leaves"": 3}",
n50_os0.9_r6_uniform_21,n50_os0.9_r6_uniform,50,8,0.9012,6,uniform,hoffmann,euristica,feasible,313,304,0.029605,0.039,,,,"{""tried_cycle_times"": 10, ""node_limit"": 20000, ""node_limit_hits"": 0, ""node_limit_hits_total"": 0}",
n50_os0.9_r6_uniform_21,n50_os0.9_r6_uniform,50,8,0.9012,6,uniform,gruppi,euristica,feasible,323,304,0.0625,0.037,,,,"{""tried_cycle_times"": 20, ""n_groups"": 20, ""n_leaves"": 3}",
n50_os0.9_r6_uniform_22,n50_os0.9_r6_uniform,50,8,0.902,6,uniform,hoffmann,euristica,feasible,333,329,0.012158,0.032,,,,"{""tried_cycle_times"": 5, ""node_limit"": 20000, ""node_limit_hits"": 0, ""node_limit_hits_total"": 0}",
n50_os0.9_r6_uniform_22,n50_os0.9_r6_uniform,50,8,0.902,6,uniform,gruppi,euristica,feasible,349,329,0.06079,0.037,,,,"{""tried_cycle_times"": 21, ""n_groups"": 21, ""n_leaves"": 1}",
n50_os0.9_r6_uniform_23,n50_os0.9_r6_uniform,50,8,0.9029,6,uniform,patterson_albracht,pli,optimal,345,345,0.0,0.082,0.009,136,134,"{""c_min"": 340, ""c_max"": 400}",
n50_os0.9_r6_uniform_23,n50_os0.9_r6_uniform,50,8,0.9029,6,uniform,ritt_costa,pli,optimal,345,345,0.0,0.08,0.015,197,212,"{""c_min"": 340, ""c_max"": 400}",
n50_os0.9_r6_uniform_23,n50_os0.9_r6_uniform,50,8,0.9029,6,uniform,hoffmann,euristica,feasible,345,340,0.014706,0.035,,,,"{""tried_cycle_times"": 6, ""node_limit"": 20000, ""node_limit_hits"": 0, ""node_limit_hits_total"": 0}",
n50_os0.9_r6_uniform_23,n50_os0.9_r6_uniform,50,8,0.9029,6,uniform,gruppi,euristica,feasible,356,340,0.047059,0.037,,,,"{""tried_cycle_times"": 17, ""n_groups"": 24, ""n_leaves"": 3}",
n50_os0.9_r6_uniform_24,n50_os0.9_r6_uniform,50,8,0.9012,6,uniform,hoffmann,euristica,feasible,331,321,0.031153,0.043,,,,"{""tried_cycle_times"": 11, ""node_limit"": 20000, ""node_limit_hits"": 0, ""node_limit_hits_total"": 0}",
n50_os0.9_r6_uniform_24,n50_os0.9_r6_uniform,50,8,0.9012,6,uniform,gruppi,euristica,feasible,346,321,0.077882,0.043,,,,"{""tried_cycle_times"": 26, ""n_groups"": 18, ""n_leaves"": 3}",
n50_os0.9_r10_uniform_00,n50_os0.9_r10_uniform,50,5,0.9004,10,uniform,hoffmann,euristica,feasible,508,497,0.022133,0.052,,,,"{""tried_cycle_times"": 12, ""node_limit"": 20000, ""node_limit_hits"": 0, ""node_limit_hits_total"": 0}",
n50_os0.9_r10_uniform_00,n50_os0.9_r10_uniform,50,5,0.9004,10,uniform,gruppi,euristica,feasible,521,497,0.04829,0.035,,,,"{""tried_cycle_times"": 25, ""n_groups"": 20, ""n_leaves"": 2}",
n50_os0.9_r10_uniform_01,n50_os0.9_r10_uniform,50,5,0.9012,10,uniform,patterson_albracht,pli,optimal,416,416,0.0,0.015,0.007,83,131,"{""c_min"": 416, ""c_max"": 441}",
n50_os0.9_r10_uniform_01,n50_os0.9_r10_uniform,50,5,0.9012,10,uniform,ritt_costa,pli,optimal,416,416,0.0,0.023,0.006,109,102,"{""c_min"": 416, ""c_max"": 441}",
n50_os0.9_r10_uniform_01,n50_os0.9_r10_uniform,50,5,0.9012,10,uniform,hoffmann,euristica,optimal,416,416,0.0,0.03,,,,"{""tried_cycle_times"": 1, ""node_limit"": 20000, ""node_limit_hits"": 0, ""node_limit_hits_total"": 0}",
n50_os0.9_r10_uniform_01,n50_os0.9_r10_uniform,50,5,0.9012,10,uniform,gruppi,euristica,feasible,425,416,0.021635,0.034,,,,"{""tried_cycle_times"": 10, ""n_groups"": 19, ""n_leaves"": 4}",
n50_os0.9_r10_uniform_02,n50_os0.9_r10_uniform,50,5,0.9004,10,uniform,patterson_albracht,pli,optimal,524,524,0.0,0.035,0.008,99,143,"{""c_min"": 521, ""c_max"": 602}",
n50_os0.9_r10_uniform_02,n50_os0.9_r10_uniform,50,5,0.9004,10,uniform,ritt_costa,pli,optimal,524,524,0.0,0.06,0.011,181,153,"{""c_min"": 521, ""c_max"": 602}",
n50_os0.9_r10_uniform_02,n50_os0.9_r10_uniform,50,5,0.9004,10,uniform,hoffmann,euristica,feasible,524,521,0.005758,0.036,,,,"{""tried_cycle_times"": 4, ""node_limit"": 20000, ""node_limit_hits"": 0, ""node_limit_hits_total"": 0}",
n50_os0.9_r10_uniform_02,n50_os0.9_r10_uniform,50,5,0.9004,10,uniform,gruppi,euristica,feasible,539,521,0.034549,0.038,,,,"{""tried_cycle_times"": 19, ""n_groups"": 18, ""n_leaves"": 2}",
n50_os0.9_r10_uniform_03,n50_os0.9_r10_uniform,50,5,0.9004,10,uniform,hoffmann,euristica,feasible,560,548,0.021898,0.053,,,,"{""tried_cycle_times"": 13, ""node_limit"": 20000, ""node_limit_hits"": 0, ""node_limit_hits_total"": 0}",
n50_os0.9_r10_uniform_03,n50_os0.9_r10_uniform,50,5,0.9004,10,uniform,gruppi,euristica,feasible,579,548,0.056569,0.04,,,,"{""tried_cycle_times"": 32, ""n_groups"": 16, ""n_leaves"": 3}",
n50_os0.9_r10_uniform_04,n50_os0.9_r10_uniform,50,5,0.902,10,uniform,hoffmann,euristica,feasible,559,550,0.016364,0.042,,,,"{""tried_cycle_times"": 10, ""node_limit"": 20000, ""node_limit_hits"": 0, ""node_limit_hits_total"": 0}",
n50_os0.9_r10_uniform_04,n50_os0.9_r10_uniform,50,5,0.902,10,uniform,gruppi,euristica,feasible,572,550,0.04,0.036,,,,"{""tried_cycle_times"": 23, ""n_groups"": 19, ""n_leaves"": 3}",
n50_os0.9_r10_uniform_05,n50_os0.9_r10_uniform,50,5,0.9078,10,uniform,patterson_albracht,pli,optimal,505,505,0.0,0.029,0.007,93,133,"{""c_min"": 502, ""c_max"": 572}",
n50_os0.9_r10_uniform_05,n50_os0.9_r10_uniform,50,5,0.9078,10,uniform,ritt_costa,pli,optimal,505,505,0.0,0.061,0.01,164,131,"{""c_min"": 502, ""c_max"": 572}",
n50_os0.9_r10_uniform_05,n50_os0.9_r10_uniform,50,5,0.9078,10,uniform,hoffmann,euristica,feasible,505,502,0.005976,0.038,,,,"{""tried_cycle_times"": 4, ""node_limit"": 20000, ""node_limit_hits"": 0, ""node_limit_hits_total"": 0}",
n50_os0.9_r10_uniform_05,n50_os0.9_r10_uniform,50,5,0.9078,10,uniform,gruppi,euristica,feasible,505,502,0.005976,0.032,,,,"{""tried_cycle_times"": 4, ""n_groups"": 20, ""n_leaves"": 2}",
n50_os0.9_r10_uniform_06,n50_os0.9_r10_uniform,50,5,0.9029,10,uniform,hoffmann,euristica,feasible,534,529,0.009452,0.037,,,,"{""tried_cycle_times"": 6, ""node_limit"": 20000, ""node_limit_hits"": 0, ""node_limit_hits_total"": 0}",
n50_os0.9_r10_uniform_06,n50_os0.9_r10_uniform,50,5,0.9029,10,uniform,gruppi,euristica,feasible,554,529,0.047259,0.038,,,,"{""tried_cycle_times"": 26, ""n_groups"": 18, ""n_leaves"": 2}",
n50_os0.9_r10_uniform_07,n50_os0.9_r10_uniform,50,5,0.9012,10,uniform,hoffmann,euristica,feasible,530,526,0.007605,0.036,,,,"{""tried_cycle_times"": 5, ""node_limit"": 20000, ""node_limit_hits"": 0, ""node_limit_hits_total"": 0}",
n50_os0.9_r10_uniform_07,n50_os0.9_r10_uniform,50,5,0.9012,10,uniform,gruppi,euristica,feasible,542,526,0.030418,0.035,,,,"{""tried_cycle_times"": 17, ""n_groups"": 20, ""n_leaves"": 3}",
n50_os0.9_r10_uniform_08,n50_os0.9_r10_uniform,50,5,0.9004,10,uniform,hoffmann,euristica,feasible,443,436,0.016055,0.04,,,,"{""tried_cycle_times"": 8, ""node_limit"": 20000, ""node_limit_hits"": 0, ""node_limit_hits_total"": 0}",
n50_os0.9_r10_uniform_08,n50_os0.9_r10_uniform,50,5,0.9004,10,uniform,gruppi,euristica,feasible,446,436,0.022936,0.035,,,,"{""tried_cycle_times"": 11, ""n_groups"": 20, ""n_leaves"": 3}",
n50_os0.9_r10_uniform_09,n50_os0.9_r10_uniform,50,5,0.9012,10,uniform,hoffmann,euristica,feasible,533,528,0.00947,0.042,,,,"{""tried_cycle_times"": 6, ""node_limit"": 20000, ""node_limit_hits"": 0, ""node_limit_hits_total"": 0}",
n50_os0.9_r10_uniform_09,n50_os0.9_r10_uniform,50,5,0.9012,10,uniform,gruppi,euristica,feasible,542,528,0.026515,0.037,,,,"{""tried_cycle_times"": 15, ""n_groups"": 18, ""n_leaves"": 4}",
n50_os0.9_r10_uniform_10,n50_os0.9_r10_uniform,50,5,0.9004,10,uniform,hoffmann,euristica,feasible,478,475,0.006316,0.033,,,,"{""tried_cycle_times"": 4, ""node_limit"": 20000, ""node_limit_hits"": 0, ""node_limit_hits_total"": 0}",
n50_os0.9_r10_uniform_10,n50_os0.9_r10_uniform,50,5,0.9004,10,uniform,gruppi,euristica,feasible,510,475,0.073684,0.044,,,,"{""tried_cycle_times"": 36, ""n_groups"": 18, ""n_leaves"": 3}",
n50_os0.9_r10_uniform_11,n50_os0.9_r10_uniform,50,5,0.9012,10,uniform,hoffmann,euristica,feasible,440,438,0.004566,0.031,,,,"{""tried_cycle_times"": 3, ""node_limit"": 20000, ""node_limit_hits"": 0, ""node_limit_hits_total"": 0}",
n50_os0.9_r10_uniform_11,n50_os0.9_r10_uniform,50,5,0.9012,10,uniform,gruppi,euristica,feasible,441,438,0.006849,0.028,,,,"{""tried_cycle_times"": 4, ""n_groups"": 19, ""n_leaves"": 3}",
n50_os0.9_r10_uniform_12,n50_os0.9_r10_uniform,50,5,0.9004,10,uniform,hoffmann,euristica,feasible,421,416,0.012019,0.035,,,,"{""tried_cycle_times"": 6, ""node_limit"": 20000, ""node_limit_hits"": 0, ""node_limit_hits_total"": 0}",
n50_os0.9_r10_uniform_12,n50_os0.9_r10_uniform,50,5,0.9004,10,uniform,gruppi,euristica,feasible,429,416,0.03125,0.03,,,,"{""tried_cycle_times"": 14, ""n_groups"": 18, ""n_leaves"": 2}",
n50_os0.9_r10_uniform_13,n50_os0.9_r10_uniform,50,5,0.9012,10,uniform,hoffmann,euristica,feasible,572,563,0.015986,0.047,,,,"{""tried_cycle_times"": 10, ""node_limit"": 20000, ""node_limit_hits"": 0, ""node_limit_hits_total"": 0}",
n50_os0.9_r10_uniform_13,n50_os0.9_r10_uniform,50,5,0.9012,10,uniform,gruppi,euristica,feasible,591,563,0.049734,0.037,,,,"{""tried_cycle_times"": 29, ""n_groups"": 19, ""n_leaves"": 2}",
n50_os0.9_r10_uniform_14,n50_os0.9_r10_uniform,50,5,0.9004,10,uniform,hoffmann,euristica,feasible,467,465,0.004301,0.03,,,,"{""tried_cycle_times"": 3, ""node_limit"": 20000, ""node_limit_hits"": 0, ""node_limit_hits_total"": 0}",
n50_os0.9_r10_uniform_14,n50_os0.9_r10_uniform,50,5,0.9004,10,uniform,gruppi,euristica,feasible,485,465,0.043011,0.035,,,,"{""tried_cycle_times"": 21, ""n_groups"": 19, ""n_leaves"": 2}",
n50_os0.9_r10_uniform_15,n50_os0.9_r10_uniform,50,5,0.9004,10,uniform,hoffmann,euristica,feasible,534,528,0.011364,0.038,,,,"{""tried_cycle_times"": 7, ""node_limit"": 20000, ""node_limit_hits"": 0, ""node_limit_hits_total"": 0}",
n50_os0.9_r10_uniform_15,n50_os0.9_r10_uniform,50,5,0.9004,10,uniform,gruppi,euristica,feasible,540,528,0.022727,0.033,,,,"{""tried_cycle_times"": 13, ""n_groups"": 20, ""n_leaves"": 3}",
n50_os0.9_r10_uniform_16,n50_os0.9_r10_uniform,50,5,0.9029,10,uniform,hoffmann,euristica,feasible,552,548,0.007299,0.036,,,,"{""tried_cycle_times"": 5, ""node_limit"": 20000, ""node_limit_hits"": 0, ""node_limit_hits_total"": 0}",
n50_os0.9_r10_uniform_16,n50_os0.9_r10_uniform,50,5,0.9029,10,uniform,gruppi,euristica,feasible,564,548,0.029197,0.034,,,,"{""tried_cycle_times"": 17, ""n_groups"": 16, ""n_leaves"": 3}",
n50_os0.9_r10_uniform_17,n50_os0.9_r10_uniform,50,5,0.902,10,uniform,hoffmann,euristica,feasible,509,501,0.015968,0.042,,,,"{""tried_cycle_times"": 9, ""node_limit"": 20000, ""node_limit_hits"": 0, ""node_limit_hits_total"": 0}",
n50_os0.9_r10_uniform_17,n50_os0.9_r10_uniform,50,5,0.902,10,uniform,gruppi,euristica,feasible,516,501,0.02994,0.032,,,,"{""tried_cycle_times"": 16, ""n_groups"": 18, ""n_leaves"": 2}",
n50_os0.9_r10_uniform_18,n50_os0.9_r10_uniform,50,5,0.9012,10,uniform,hoffmann,euristica,feasible,520,519,0.001927,0.027,,,,"{""tried_cycle_times"": 2, ""node_limit"": 20000, ""node_limit_hits"": 0, ""node_limit_hits_total"": 0}",
n50_os0.9_r10_uniform_18,n50_os0.9_r10_uniform,50,5,0.9012,10,uniform,gruppi,euristica,feasible,545,519,0.050096,0.036,,,,"{""tried_cycle_times"": 27, ""n_groups"": 18, ""n_leaves"": 1}",
n50_os0.9_r10_uniform_19,n50_os0.9_r10_uniform,50,5,0.9094,10,uniform,hoffmann,euristica,feasible,532,530,0.003774,0.03,,,,"{""tried_cycle_times"": 3, ""node_limit"": 20000, ""node_limit_hits"": 0, ""node_limit_hits_total"": 0}",
n50_os0.9_r10_uniform_19,n50_os0.9_r10_uniform,50,5,0.9094,10,uniform,gruppi,euristica,feasible,540,530,0.018868,0.032,,,,"{""tried_cycle_times"": 11, ""n_groups"": 19, ""n_leaves"": 1}",
n50_os0.9_r10_uniform_20,n50_os0.9_r10_uniform,50,5,0.9012,10,uniform,hoffmann,euristica,feasible,472,469,0.006397,0.033,,,,"{""tried_cycle_times"": 4, ""node_limit"": 20000, ""node_limit_hits"": 0, ""node_limit_hits_total"": 0}",
n50_os0.9_r10_uniform_20,n50_os0.9_r10_uniform,50,5,0.9012,10,uniform,gruppi,euristica,feasible,489,469,0.042644,0.035,,,,"{""tried_cycle_times"": 21, ""n_groups"": 19, ""n_leaves"": 2}",
n50_os0.9_r10_uniform_21,n50_os0.9_r10_uniform,50,5,0.9012,10,uniform,hoffmann,euristica,feasible,477,472,0.010593,0.036,,,,"{""tried_cycle_times"": 6, ""node_limit"": 20000, ""node_limit_hits"": 0, ""node_limit_hits_total"": 0}",
n50_os0.9_r10_uniform_21,n50_os0.9_r10_uniform,50,5,0.9012,10,uniform,gruppi,euristica,feasible,486,472,0.029661,0.033,,,,"{""tried_cycle_times"": 15, ""n_groups"": 19, ""n_leaves"": 3}",
n50_os0.9_r10_uniform_22,n50_os0.9_r10_uniform,50,5,0.9004,10,uniform,hoffmann,euristica,feasible,482,479,0.006263,0.034,,,,"{""tried_cycle_times"": 4, ""node_limit"": 20000, ""node_limit_hits"": 0, ""node_limit_hits_total"": 0}",
n50_os0.9_r10_uniform_22,n50_os0.9_r10_uniform,50,5,0.9004,10,uniform,gruppi,euristica,feasible,495,479,0.033403,0.035,,,,"{""tried_cycle_times"": 17, ""n_groups"": 21, ""n_leaves"": 3}",
n50_os0.9_r10_uniform_23,n50_os0.9_r10_uniform,50,5,0.9029,10,uniform,hoffmann,euristica,feasible,508,504,0.007937,0.038,,,,"{""tried_cycle_times"": 5, ""node_limit"": 20000, ""node_limit_hits"": 0, ""node_limit_hits_total"": 0}",
n50_os0.9_r10_uniform_23,n50_os0.9_r10_uniform,50,5,0.9029,10,uniform,gruppi,euristica,feasible,514,504,0.019841,0.032,,,,"{""tried_cycle_times"": 11, ""n_groups"": 18, ""n_leaves"": 3}",
n50_os0.9_r10_uniform_24,n50_os0.9_r10_uniform,50,5,0.9004,10,uniform,hoffmann,euristica,feasible,455,451,0.008869,0.036,,,,"{""tried_cycle_times"": 5, ""node_limit"": 20000, ""node_limit_hits"": 0, ""node_limit_hits_total"": 0}",
n50_os0.9_r10_uniform_24,n50_os0.9_r10_uniform,50,5,0.9004,10,uniform,gruppi,euristica,feasible,463,451,0.026608,0.032,,,,"{""tried_cycle_times"": 13, ""n_groups"": 18, ""n_leaves"": 2}",
n100_os0.2_r3_uniform_00,n100_os0.2_r3_uniform,100,33,0.203,3,uniform,hoffmann,euristica,feasible,144,143,0.006993,0.055,,,,"{""tried_cycle_times"": 2, ""node_limit"": 20000, ""node_limit_hits"": 0, ""node_limit_hits_total"": 0}",
n100_os0.2_r3_uniform_00,n100_os0.2_r3_uniform,100,33,0.203,3,uniform,gruppi,euristica,feasible,149,143,0.041958,0.062,,,,"{""tried_cycle_times"": 7, ""n_groups"": 41, ""n_leaves"": 20}",
n100_os0.2_r3_uniform_01,n100_os0.2_r3_uniform,100,33,0.2101,3,uniform,hoffmann,euristica,feasible,160,158,0.012658,0.066,,,,"{""tried_cycle_times"": 3, ""node_limit"": 20000, ""node_limit_hits"": 0, ""node_limit_hits_total"": 0}",
n100_os0.2_r3_uniform_01,n100_os0.2_r3_uniform,100,33,0.2101,3,uniform,gruppi,euristica,feasible,163,158,0.031646,0.042,,,,"{""tried_cycle_times"": 6, ""n_groups"": 45, ""n_leaves"": 13}",
n100_os0.2_r3_uniform_02,n100_os0.2_r3_uniform,100,33,0.2016,3,uniform,hoffmann,euristica,feasible,164,162,0.012346,0.059,,,,"{""tried_cycle_times"": 3, ""node_limit"": 20000, ""node_limit_hits"": 0, ""node_limit_hits_total"": 0}",
n100_os0.2_r3_uniform_02,n100_os0.2_r3_uniform,100,33,0.2016,3,uniform,gruppi,euristica,feasible,170,162,0.049383,0.049,,,,"{""tried_cycle_times"": 9, ""n_groups"": 37, ""n_leaves"": 19}",
n100_os0.2_r3_uniform_03,n100_os0.2_r3_uniform,100,33,0.2026,3,uniform,hoffmann,euristica,feasible,145,144,0.006944,0.047,,,,"{""tried_cycle_times"": 2, ""node_limit"": 20000, ""node_limit_hits"": 0, ""node_limit_hits_total"": 0}",
n100_os0.2_r3_uniform_03,n100_os0.2_r3_uniform,100,33,0.2026,3,uniform,gruppi,euristica,feasible,151,144,0.048611,0.048,,,,"{""tried_cycle_times"": 8, ""n_groups"": 41, ""n_leaves"": 21}",
n100_os0.2_r3_uniform_04,n100_os0.2_r3_uniform,100,33,0.2036,3,uniform,hoffmann,euristica,feasible,152,150,0.013333,0.063,,,,"{""tried_cycle_times"": 3, ""node_limit"": 20000, ""node_limit_hits"": 0, ""node_limit_hits_total"": 0}",
n100_os0.2_r3_uniform_04,n100_os0.2_r3_uniform,100,33,0.2036,3,uniform,gruppi,euristica,feasible,158,150,0.053333,0.054,,,,"{""tried_cycle_times"": 9, ""n_groups"": 44, ""n_leaves"": 20}",
n100_os0.2_r3_uniform_05,n100_os0.2_r3_uniform,100,33,0.2012,3,uniform,hoffmann,euristica,feasible,136,135,0.007407,0.039,,,,"{""tried_cycle_times"": 2, ""node_limit"": 20000, ""node_limit_hits"": 0, ""node_limit_hits_total"": 0}",
n100_os0.2_r3_uniform_05,n100_os0.2_r3_uniform,100,33,0.2012,3,uniform,gruppi,euristica,feasible,138,135,0.022222,0.035,,,,"{""tried_cycle_times"": 4, ""n_groups"": 36, ""n_leaves"": 28}",
n100_os0.2_r3_uniform_06,n100_os0.2_r3_uniform,100,33,0.2018,3,uniform,hoffmann,euristica,feasible,165,158,0.044304,0.102,,,,"{""tried_cycle_times"": 8, ""node_limit"": 20000, ""node_limit_hits"": 0, ""node_limit_hits_total"": 0}",
n100_os0.2_r3_uniform_06,n100_os0.2_r3_uniform,100,33,0.2018,3,uniform,gruppi,euristica,feasible,167,158,0.056962,0.059,,,,"{""tried_cycle_times"": 10, ""n_groups"": 40, ""n_leaves"": 25}",
n100_os0.2_r3_uniform_07,n100_os0.2_r3_uniform,100,33,0.2002,3,uniform,hoffmann,euristica,feasible,155,153,0.013072,0.052,,,,"{""tried_cycle_times"": 3, ""node_limit"": 20000, ""node_limit_hits"": 0, ""node_limit_hits_total"": 0}",
n100_os0.2_r3_uniform_07,n100_os0.2_r3_uniform,100,33,0.2002,3,uniform,gruppi,euristica,feasible,163,153,0.065359,0.062,,,,"{""tried_cycle_times"": 11, ""n_groups"": 39, ""n_leaves"": 24}",
n100_os0.2_r3_uniform_08,n100_os0.2_r3_uniform,100,33,0.2,3,uniform,hoffmann,euristica,feasible,142,136,0.044118,0.076,,,,"{""tried_cycle_times"": 7, ""node_limit"": 20000, ""node_limit_hits"": 0, ""node_limit_hits_total"": 0}",
n100_os0.2_r3_uniform_08,n100_os0.2_r3_uniform,100,33,0.2,3,uniform,gruppi,euristica,feasible,142,136,0.044118,0.047,,,,"{""tried_cycle_times"": 7, ""n_groups"": 37, ""n_leaves"": 22}",
n100_os0.2_r3_uniform_09,n100_os0.2_r3_uniform,100,33,0.201,3,uniform,hoffmann,euristica,feasible,156,150,0.04,0.097,,,,"{""tried_cycle_times"": 7, ""node_limit"": 20000, ""node_limit_hits"": 0, ""node_limit_hits_total"": 0}",
n100_os0.2_r3_uniform_09,n100_os0.2_r3_uniform,100,33,0.201,3,uniform,gruppi,euristica,feasible,157,150,0.046667,0.049,,,,"{""tried_cycle_times"": 8, ""n_groups"": 36, ""n_leaves"": 22}",
n100_os0.2_r3_uniform_10,n100_os0.2_r3_uniform,100,33,0.201,3,uniform,hoffmann,euristica,optimal,154,154,0.0,0.035,,,,"{""tried_cycle_times"": 1, ""node_limit"": 20000, ""node_limit_hits"": 0, ""node_limit_hits_total"": 0}",
n100_os0.2_r3_uniform_10,n100_os0.2_r3_uniform,100,33,0.201,3,uniform,gruppi,euristica,feasible,158,154,0.025974,0.044,,,,"{""tried_cycle_times"": 5, ""n_groups"": 40, ""n_leaves"": 24}",
n100_os0.2_r3_uniform_11,n100_os0.2_r3_uniform,100,33,0.2139,3,uniform,hoffmann,euristica,feasible,162,161,0.006211,0.051,,,,"{""tried_cycle_times"": 2, ""node_limit"": 20000, ""node_limit_hits"": 0, ""node_limit_hits_total"": 0}",
n100_os0.2_r3_uniform_11,n100_os0.2_r3_uniform,100,33,0.2139,3,uniform,gruppi,euristica,feasible,168,161,0.043478,0.05,,,,"{""tried_cycle_times"": 8, ""n_groups"": 38, ""n_leaves"": 21}",
n100_os0.2_r3_uniform_12,n100_os0.2_r3_uniform,100,33,0.2018,3,uniform,hoffmann,euristica,feasible,155,152,0.019737,0.084,,,,"{""tried_cycle_times"": 4, ""node_limit"": 20000, ""node_limit_hits"": 0, ""node_limit_hits_total"": 0}",
n100_os0.2_r3_uniform_12,n100_os0.2_r3_uniform,100,33,0.2018,3,uniform,gruppi,euristica,feasible,157,152,0.032895,0.045,,,,"{""tried_cycle_times"": 6, ""n_groups"": 41, ""n_leaves"": 19}",
n100_os0.2_r3_uniform_13,n100_os0.2_r3_uniform,100,33,0.2,3,uniform,hoffmann,euristica,feasible,161,160,0.00625,0.043,,,,"{""tried_cycle_times"": 2, ""node_limit"": 20000, ""node_limit_hits"": 0, ""node_limit_hits_total"": 0}",
n100_os0.2_r3_uniform_13,n100_os0.2_r3_uniform,100,33,0.2,3,uniform,gruppi,euristica,feasible,169,160,0.05625,0.057,,,,"{""tried_cycle_times"": 10, ""n_groups"": 37, ""n_leaves"": 24}",
n100_os0.2_r3_uniform_14,n100_os0.2_r3_uniform,100,33,0.2053,3,uniform,hoffmann,euristica,feasible,162,159,0.018868,0.069,,,,"{""tried_cycle_times"": 4, ""node_limit"": 20000, ""node_limit_hits"": 0, ""node_limit_hits_total"": 0}",
n100_os0.2_r3_uniform_14,n100_os0.2_r3_uniform,100,33,0.2053,3,uniform,gruppi,euristica,feasible,170,159,0.069182,0.063,,,,"{""tried_cycle_times"": 12, ""n_groups"": 39, ""n_leaves"": 22}",
n100_os0.2_r3_uniform_15,n100_os0.2_r3_uniform,100,33,0.2048,3,uniform,hoffmann,euristica,feasible,151,150,0.006667,0.051,,,,"{""tried_cycle_times"": 2, ""node_limit"": 20000, ""node_limit_hits"": 0, ""node_limit_hits_total"": 0}",
n100_os0.2_r3_uniform_15,n100_os0.2_r3_uniform,100,33,0.2048,3,uniform,gruppi,euristica,feasible,157,150,0.046667,0.048,,,,"{""tried_cycle_times"": 8, ""n_groups"": 42, ""n_leaves"": 18}",
n100_os0.2_r3_uniform_16,n100_os0.2_r3_uniform,100,33,0.2032,3,uniform,hoffmann,euristica,optimal,138,138,0.0,0.032,,,,"{""tried_cycle_times"": 1, ""node_limit"": 20000, ""node_limit_hits"": 0, ""node_limit_hits_total"": 0}",
n100_os0.2_r3_uniform_16,n100_os0.2_r3_uniform,100,33,0.2032,3,uniform,gruppi,euristica,feasible,146,138,0.057971,0.053,,,,"{""tried_cycle_times"": 9, ""n_groups"": 38, ""n_leaves"": 22}",
n100_os0.2_r3_uniform_17,n100_os0.2_r3_uniform,100,33,0.2032,3,uniform,hoffmann,euristica,feasible,162,160,0.0125,0.061,,,,"{""tried_cycle_times"": 3, ""node_limit"": 20000, ""node_limit_hits"": 0, ""node_limit_hits_total"": 0}",
n100_os0.2_r3_uniform_17,n100_os0.2_r3_uniform,100,33,0.2032,3,uniform,gruppi,euristica,feasible,171,160,0.06875,0.063,,,,"{""tried_cycle_times"": 12, ""n_groups"": 42, ""n_leaves"": 22}",
n100_os0.2_r3_uniform_18,n100_os0.2_r3_uniform,100,33,0.2002,3,uniform,hoffmann,euristica,feasible,173,171,0.011696,0.061,,,,"{""tried_cycle_times"": 3, ""node_limit"": 20000, ""node_limit_hits"": 0, ""node_limit_hits_total"": 0}",
n100_os0.2_r3_uniform_18,n100_os0.2_r3_uniform,100,33,0.2002,3,uniform,gruppi,euristica,feasible,179,171,0.046784,0.05,,,,"{""tried_cycle_times"": 9, ""n_groups"": 41, ""n_leaves"": 18}",
n100_os0.2_r3_uniform_19,n100_os0.2_r3_uniform,100,33,0.2002,3,uniform,hoffmann,euristica,optimal,160,160,0.0,0.029,,,,"{""tried_cycle_times"": 1, ""node_limit"": 20000, ""node_limit_hits"": 0, ""node_limit_hits_total"": 0}",
n100_os0.2_r3_uniform_19,n100_os0.2_r3_uniform,100,33,0.2002,3,uniform,gruppi,euristica,feasible,167,160,0.04375,0.049,,,,"{""tried_cycle_times"": 8, ""n_groups"": 40, ""n_leaves"": 20}",
n100_os0.2_r3_uniform_20,n100_os0.2_r3_uniform,100,33,0.2032,3,uniform,hoffmann,euristica,optimal,141,141,0.0,0.036,,,,"{""tried_cycle_times"": 1, ""node_limit"": 20000, ""node_limit_hits"": 0, ""node_limit_hits_total"": 0}",
n100_os0.2_r3_uniform_20,n100_os0.2_r3_uniform,100,33,0.2032,3,uniform,gruppi,euristica,feasible,149,141,0.056738,0.055,,,,"{""tried_cycle_times"": 9, ""n_groups"": 40, ""n_leaves"": 18}",
n100_os0.2_r3_uniform_21,n100_os0.2_r3_uniform,100,33,0.2032,3,uniform,hoffmann,euristica,feasible,159,157,0.012739,0.052,,,,"{""tried_cycle_times"": 3, ""node_limit"": 20000, ""node_limit_hits"": 0, ""node_limit_hits_total"": 0}",
n100_os0.2_r3_uniform_21,n100_os0.2_r3_uniform,100,33,0.2032,3,uniform,gruppi,euristica,feasible,169,157,0.076433,0.064,,,,"{""tried_cycle_times"": 13, ""n_groups"": 36, ""n_leaves"": 19}",
n100_os0.2_r3_uniform_22,n100_os0.2_r3_uniform,100,33,0.202,3,uniform,hoffmann,euristica,feasible,159,156,0.019231,0.068,,,,"{""tried_cycle_times"": 4, ""node_limit"": 20000, ""node_limit_hits"": 0, ""node_limit_hits_total"": 0}",
n100_os0.2_r3_uniform_22,n100_os0.2_r3_uniform,100,33,0.202,3,uniform,gruppi,euristica,feasible,165,156,0.057692,0.059,,,,"{""tried_cycle_times"": 10, ""n_groups"": 39, ""n_leaves"": 20}",
n100_os0.2_r3_uniform_23,n100_os0.2_r3_uniform,100,33,0.2051,3,uniform,hoffmann,euristica,feasible,139,138,0.007246,0.042,,,,"{""tried_cycle_times"": 2, ""node_limit"": 20000, ""node_limit_hits"": 0, ""node_limit_hits_total"": 0}",
n100_os0.2_r3_uniform_23,n100_os0.2_r3_uniform,100,33,0.2051,3,uniform,gruppi,euristica,feasible,145,138,0.050725,0.05,,,,"{""tried_cycle_times"": 8, ""n_groups"": 40, ""n_leaves"": 24}",
n100_os0.2_r3_uniform_24,n100_os0.2_r3_uniform,100,33,0.2002,3,uniform,hoffmann,euristica,feasible,146,144,0.013889,0.063,,,,"{""tried_cycle_times"": 3, ""node_limit"": 20000, ""node_limit_hits"": 0, ""node_limit_hits_total"": 0}",
n100_os0.2_r3_uniform_24,n100_os0.2_r3_uniform,100,33,0.2002,3,uniform,gruppi,euristica,feasible,151,144,0.048611,0.048,,,,"{""tried_cycle_times"": 8, ""n_groups"": 36, ""n_leaves"": 21}",
n100_os0.2_r6_uniform_00,n100_os0.2_r6_uniform,100,17,0.2032,6,uniform,hoffmann,euristica,optimal,274,274,0.0,0.025,,,,"{""tried_cycle_times"": 1, ""node_limit"": 20000, ""node_limit_hits"": 0, ""node_limit_hits_total"": 0}",
n100_os0.2_r6_uniform_00,n100_os0.2_r6_uniform,100,17,0.2032,6,uniform,gruppi,euristica,feasible,279,274,0.018248,0.036,,,,"{""tried_cycle_times"": 6, ""n_groups"": 41, ""n_leaves"": 20}",
n100_os0.2_r6_uniform_01,n100_os0.2_r6_uniform,100,17,0.2012,6,uniform,hoffmann,euristica,optimal,305,305,0.0,0.026,,,,"{""tried_cycle_times"": 1, ""node_limit"": 20000, ""node_limit_hits"": 0, ""node_limit_hits_total"": 0}",
n100_os0.2_r6_uniform_01,n100_os0.2_r6_uniform,100,17,0.2012,6,uniform,gruppi,euristica,feasible,311,305,0.019672,0.039,,,,"{""tried_cycle_times"": 7, ""n_groups"": 40, ""n_leaves"": 19}",
n100_os0.2_r6_uniform_02,n100_os0.2_r6_uniform,100,17,0.2006,6,uniform,hoffmann,euristica,optimal,297,297,0.0,0.029,,,,"{""tried_cycle_times"": 1, ""node_limit"": 20000, ""node_limit_hits"": 0, ""node_limit_hits_total"": 0}",
n100_os0.2_r6_uniform_02,n100_os0.2_r6_uniform,100,17,0.2006,6,uniform,gruppi,euristica,feasible,305,297,0.026936,0.044,,,,"{""tried_cycle_times"": 9, ""n_groups"": 42, ""n_leaves"": 20}",
n100_os0.2_r6_uniform_03,n100_os0.2_r6_uniform,100,17,0.2008,6,uniform,hoffmann,euristica,optimal,320,320,0.0,0.028,,,,"{""tried_cycle_times"": 1, ""node_limit"": 20000, ""node_limit_hits"": 0, ""node_limit_hits_total"": 0}",
n100_os0.2_r6_uniform_03,n100_os0.2_r6_uniform,100,17,0.2008,6,uniform,gruppi,euristica,feasible,327,320,0.021875,0.039,,,,"{""tried_cycle_times"": 8, ""n_groups"": 38, ""n_leaves"": 22}",
n100_os0.2_r6_uniform_04,n100_os0.2_r6_uniform,100,17,0.2006,6,uniform,hoffmann,euristica,optimal,308,308,0.0,0.026,,,,"{""tried_cycle_times"": 1, ""node_limit"": 20000, ""node_limit_hits"": 0, ""node_limit_hits_total"": 0}",
n100_os0.2_r6_uniform_04,n100_os0.2_r6_uniform,100,17,0.2006,6,uniform,gruppi,euristica,feasible,314,308,0.019481,0.038,,,,"{""tried_cycle_times"": 7, ""n_groups"": 39, ""n_leaves"": 17}",
n100_os0.2_r6_uniform_05,n100_os0.2_r6_uniform,100,17,0.201,6,uniform,hoffmann,euristica,optimal,279,279,0.0,0.025,,,,"{""tried_cycle_times"": 1, ""node_limit"": 20000, ""node_limit_hits"": 0, ""node_limit_hits_total"": 0}",
n100_os0.2_r6_uniform_05,n100_os0.2_r6_uniform,100,17,0.201,6,uniform,gruppi,euristica,feasible,286,279,0.02509,0.041,,,,"{""tried_cycle_times"": 8, ""n_groups"": 42, ""n_leaves"": 21}",
n100_os0.2_r6_uniform_06,n100_os0.2_r6_uniform,100,17,0.2002,6,uniform,hoffmann,euristica,optimal,290,290,0.0,0.031,,,,"{""tried_cycle_times"": 1, ""node_limit"": 20000, ""node_limit_hits"": 0, ""node_limit_hits_total"": 0}",
n100_os0.2_r6_uniform_06,n100_os0.2_r6_uniform,100,17,0.2002,6,uniform,gruppi,euristica,feasible,298,290,0.027586,0.049,,,,"{""tried_cycle_times"": 9, ""n_groups"": 39, ""n_leaves"": 25}",
n100_os0.2_r6_uniform_07,n100_os0.2_r6_uniform,100,17,0.2004,6,uniform,hoffmann,euristica,optimal,284,284,0.0,0.06,,,,"{""tried_cycle_times"": 1, ""node_limit"": 20000, ""node_limit_hits"": 0, ""node_limit_hits_total"": 0}",
n100_os0.2_r6_uniform_07,n100_os0.2_r6_uniform,100,17,0.2004,6,uniform,gruppi,euristica,feasible,288,284,0.014085,0.036,,,,"{""tried_cycle_times"": 5, ""n_groups"": 41, ""n_leaves"": 21}",
n100_os0.2_r6_uniform_08,n100_os0.2_r6_uniform,100,17,0.2018,6,uniform,hoffmann,euristica,optimal,304,304,0.0,0.025,,,,"{""tried_cycle_times"": 1, ""node_limit"": 20000, ""node_limit_hits"": 0, ""node_limit_hits_total"": 0}",
n100_os0.2_r6_uniform_08,n100_os0.2_r6_uniform,100,17,0.2018,6,uniform,gruppi,euristica,feasible,308,304,0.013158,0.036,,,,"{""tried_cycle_times"": 5, ""n_groups"": 37, ""n_leaves"": 26}",
n100_os0.2_r6_uniform_09,n100_os0.2_r6_uniform,100,17,0.2014,6,uniform,hoffmann,euristica,optimal,315,315,0.0,0.03,,,,"{""tried_cycle_times"": 1, ""node_limit"": 20000, ""node_limit_hits"": 0, ""node_limit_hits_total"": 0}",
n100_os0.2_r6_uniform_09,n100_os0.2_r6_uniform,100,17,0.2014,6,uniform,gruppi,euristica,feasible,316,315,0.003175,0.027,,,,"{""tried_cycle_times"": 2, ""n_groups"": 41, ""n_leaves"": 25}",
n100_os0.2_r6_uniform_10,n100_os0.2_r6_uniform,100,17,0.2014,6,uniform,hoffmann,euristica,optimal,305,305,0.0,0.047,,,,"{""tried_cycle_times"": 1, ""node_limit"": 20000, ""node_limit_hits"": 0, ""node_limit_hits_total"": 0}",
n100_os0.2_r6_uniform_10,n100_os0.2_r6_uniform,100,17,0.2014,6,uniform,gruppi,euristica,feasible,311,305,0.019672,0.039,,,,"{""tried_cycle_times"": 7, ""n_groups"": 37, ""n_leaves"": 22}",
n100_os0.2_r6_uniform_11,n100_os0.2_r6_uniform,100,17,0.2006,6,uniform,hoffmann,euristica,optimal,302,302,0.0,0.027,,,,"{""tried_cycle_times"": 1, ""node_limit"": 20000, ""node_limit_hits"": 0, ""node_limit_hits_total"": 0}",
n100_os0.2_r6_uniform_11,n100_os0.2_r6_uniform,100,17,0.2006,6,uniform,gruppi,euristica,feasible,312,302,0.033113,0.048,,,,"{""tried_cycle_times"": 11, ""n_groups"": 41, ""n_leaves"": 19}",
n100_os0.2_r6_uniform_12,n100_os0.2_r6_uniform,100,17,0.2004,6,uniform,hoffmann,euristica,optimal,309,309,0.0,0.031,,,,"{""tried_cycle_times"": 1, ""node_limit"": 20000, ""node_limit_hits"": 0, ""node_limit_hits_total"": 0}",
n100_os0.2_r6_uniform_12,n100_os0.2_r6_uniform,100,17,0.2004,6,uniform,gruppi,euristica,feasible,315,309,0.019417,0.046,,,,"{""tried_cycle_times"": 7, ""n_groups"": 41, ""n_leaves"": 23}",
n100_os0.2_r6_uniform_13,n100_os0.2_r6_uniform,100,17,0.2008,6,uniform,hoffmann,euristica,optimal,276,276,0.0,0.035,,,,"{""tried_cycle_times"": 1, ""node_limit"": 20000, ""node_limit_hits"": 0, ""node_limit_hits_total"": 0}",
n100_os0.2_r6_uniform_13,n100_os0.2_r6_uniform,100,17,0.2008,6,uniform,gruppi,euristica,feasible,281,276,0.018116,0.049,,,,"{""tried_cycle_times"": 6, ""n_groups"": 38, ""n_leaves"": 29}",
n100_os0.2_r6_uniform_14,n100_os0.2_r6_uniform,100,17,0.2063,6,uniform,hoffmann,euristica,optimal,302,302,0.0,0.04,,,,"{""tried_cycle_times"": 1, ""node_limit"": 20000, ""node_limit_hits"": 0, ""node_limit_hits_total"": 0}",
n100_os0.2_r6_uniform_14,n100_os0.2_r6_uniform,100,17,0.2063,6,uniform,gruppi,euristica,feasible,308,302,0.019868,0.04,,,,"{""tried_cycle_times"": 7, ""n_groups"": 39, ""n_leaves"": 25}",
n100_os0.2_r6_uniform_15,n100_os0.2_r6_uniform,100,17,0.2004,6,uniform,hoffmann,euristica,optimal,272,272,0.0,0.029,,,,"{""tried_cycle_times"": 1, ""node_limit"": 20000, ""node_limit_hits"": 0, ""node_limit_hits_total"": 0}",
n100_os0.2_r6_uniform_15,n100_os0.2_r6_uniform,100,17,0.2004,6,uniform,gruppi,euristica,feasible,277,272,0.018382,0.039,,,,"{""tried_cycle_times"": 6, ""n_groups"": 40, ""n_leaves"": 26}",
n100_os0.2_r6_uniform_16,n100_os0.2_r6_uniform,100,17,0.2006,6,uniform,hoffmann,euristica,optimal,310,310,0.0,0.028,,,,"{""tried_cycle_times"": 1, ""node_limit"": 20000, ""node_limit_hits"": 0, ""node_limit_hits_total"": 0}",
n100_os0.2_r6_uniform_16,n100_os0.2_r6_uniform,100,17,0.2006,6,uniform,gruppi,euristica,feasible,318,310,0.025806,0.042,,,,"{""tried_cycle_times"": 9, ""n_groups"": 38, ""n_leaves"": 23}",
n100_os0.2_r6_uniform_17,n100_os0.2_r6_uniform,100,17,0.2,6,uniform,hoffmann,euristica,optimal,320,320,0.0,0.029,,,,"{""tried_cycle_times"": 1, ""node_limit"": 20000, ""node_limit_hits"": 0, ""node_limit_hits_total"": 0}",
n100_os0.2_r6_uniform_17,n100_os0.2_r6_uniform,100,17,0.2,6,uniform,gruppi,euristica,feasible,328,320,0.025,0.043,,,,"{""tried_cycle_times"": 9, ""n_groups"": 41, ""n_leaves"": 24}",
n100_os0.2_r6_uniform_18,n100_os0.2_r6_uniform,100,17,0.2008,6,uniform,hoffmann,euristica,optimal,299,299,0.0,0.025,,,,"{""tried_cycle_times"": 1, ""node_limit"": 20000, ""node_limit_hits"": 0, ""node_limit_hits_total"": 0}",
n100_os0.2_r6_uniform_18,n100_os0.2_r6_uniform,100,17,0.2008,6,uniform,gruppi,euristica,feasible,309,299,0.033445,0.051,,,,"{""tried_cycle_times"": 11, ""n_groups"": 37, ""n_leaves"": 20}",
n100_os0.2_r6_uniform_19,n100_os0.2_r6_uniform,100,17,0.2002,6,uniform,hoffmann,euristica,optimal,303,303,0.0,0.029,,,,"{""tried_cycle_times"": 1, ""node_limit"": 20000, ""node_limit_hits"": 0, ""node_limit_hits_total"": 0}",
n100_os0.2_r6_uniform_19,n100_os0.2_r6_uniform,100,17,0.2002,6,uniform,gruppi,euristica,feasible,309,303,0.019802,0.039,,,,"{""tried_cycle_times"": 7, ""n_groups"": 43, ""n_leaves"": 21}",
n100_os0.2_r6_uniform_20,n100_os0.2_r6_uniform,100,17,0.201,6,uniform,hoffmann,euristica,optimal,306,306,0.0,0.029,,,,"{""tried_cycle_times"": 1, ""node_limit"": 20000, ""node_limit_hits"": 0, ""node_limit_hits_total"": 0}",
n100_os0.2_r6_uniform_20,n100_os0.2_r6_uniform,100,17,0.201,6,uniform,gruppi,euristica,feasible,313,306,0.022876,0.04,,,,"{""tried_cycle_times"": 8, ""n_groups"": 38, ""n_leaves"": 22}",
n100_os0.2_r6_uniform_21,n100_os0.2_r6_uniform,100,17,0.2026,6,uniform,hoffmann,euristica,feasible,329,328,0.003049,0.038,,,,"{""tried_cycle_times"": 2, ""node_limit"": 20000, ""node_limit_hits"": 0, ""node_limit_hits_total"": 0}",
n100_os0.2_r6_uniform_21,n100_os0.2_r6_uniform,100,17,0.2026,6,uniform,gruppi,euristica,feasible,336,328,0.02439,0.045,,,,"{""tried_cycle_times"": 9, ""n_groups"": 42, ""n_leaves"": 24}",
n100_os0.2_r6_uniform_22,n100_os0.2_r6_uniform,100,17,0.2036,6,uniform,hoffmann,euristica,optimal,291,291,0.0,0.026,,,,"{""tried_cycle_times"": 1, ""node_limit"": 20000, ""node_limit_hits"": 0, ""node_limit_hits_total"": 0}",
n100_os0.2_r6_uniform_22,n100_os0.2_r6_uniform,100,17,0.2036,6,uniform,gruppi,euristica,feasible,296,291,0.017182,0.036,,,,"{""tried_cycle_times"": 6, ""n_groups"": 42, ""n_leaves"": 22}",
n100_os0.2_r6_uniform_23,n100_os0.2_r6_uniform,100,17,0.2022,6,uniform,hoffmann,euristica,optimal,295,295,0.0,0.033,,,,"{""tried_cycle_times"": 1, ""node_limit"": 20000, ""node_limit_hits"": 0, ""node_limit_hits_total"": 0}",
n100_os0.2_r6_uniform_23,n100_os0.2_r6_uniform,100,17,0.2022,6,uniform,gruppi,euristica,feasible,301,295,0.020339,0.039,,,,"{""tried_cycle_times"": 7, ""n_groups"": 40, ""n_leaves"": 21}",
n100_os0.2_r6_uniform_24,n100_os0.2_r6_uniform,100,17,0.2143,6,uniform,hoffmann,euristica,optimal,288,288,0.0,0.028,,,,"{""tried_cycle_times"": 1, ""node_limit"": 20000, ""node_limit_hits"": 0, ""node_limit_hits_total"": 0}",
n100_os0.2_r6_uniform_24,n100_os0.2_r6_uniform,100,17,0.2143,6,uniform,gruppi,euristica,feasible,296,288,0.027778,0.046,,,,"{""tried_cycle_times"": 9, ""n_groups"": 36, ""n_leaves"": 20}",
n100_os0.2_r10_uniform_00,n100_os0.2_r10_uniform,100,10,0.2002,10,uniform,hoffmann,euristica,optimal,522,522,0.0,0.028,,,,"{""tried_cycle_times"": 1, ""node_limit"": 20000, ""node_limit_hits"": 0, ""node_limit_hits_total"": 0}",
n100_os0.2_r10_uniform_00,n100_os0.2_r10_uniform,100,10,0.2002,10,uniform,gruppi,euristica,feasible,528,522,0.011494,0.036,,,,"{""tried_cycle_times"": 7, ""n_groups"": 36, ""n_leaves"": 24}",
n100_os0.2_r10_uniform_01,n100_os0.2_r10_uniform,100,10,0.2053,10,uniform,hoffmann,euristica,optimal,511,511,0.0,0.031,,,,"{""tried_cycle_times"": 1, ""node_limit"": 20000, ""node_limit_hits"": 0, ""node_limit_hits_total"": 0}",
n100_os0.2_r10_uniform_01,n100_os0.2_r10_uniform,100,10,0.2053,10,uniform,gruppi,euristica,feasible,513,511,0.003914,0.028,,,,"{""tried_cycle_times"": 3, ""n_groups"": 41, ""n_leaves"": 22}",
n100_os0.2_r10_uniform_02,n100_os0.2_r10_uniform,100,10,0.202,10,uniform,hoffmann,euristica,optimal,479,479,0.0,0.037,,,,"{""tried_cycle_times"": 1, ""node_limit"": 20000, ""node_limit_hits"": 0, ""node_limit_hits_total"": 0}",
n100_os0.2_r10_uniform_02,n100_os0.2_r10_uniform,100,10,0.202,10,uniform,gruppi,euristica,feasible,485,479,0.012526,0.036,,,,"{""tried_cycle_times"": 7, ""n_groups"": 40, ""n_leaves"": 19}",
n100_os0.2_r10_uniform_03,n100_os0.2_r10_uniform,100,10,0.2006,10,uniform,hoffmann,euristica,optimal,500,500,0.0,0.032,,,,"{""tried_cycle_times"": 1, ""node_limit"": 20000, ""node_limit_hits"": 0, ""node_limit_hits_total"": 0}",
n100_os0.2_r10_uniform_03,n100_os0.2_r10_uniform,100,10,0.2006,10,uniform,gruppi,euristica,feasible,503,500,0.006,0.031,,,,"{""tried_cycle_times"": 4, ""n_groups"": 40, ""n_leaves"": 25}",
n100_os0.2_r10_uniform_04,n100_os0.2_r10_uniform,100,10,0.2044,10,uniform,hoffmann,euristica,optimal,457,457,0.0,0.184,,,,"{""tried_cycle_times"": 1, ""node_limit"": 20000, ""node_limit_hits"": 0, ""node_limit_hits_total"": 0}",
n100_os0.2_r10_uniform_04,n100_os0.2_r10_uniform,100,10,0.2044,10,uniform,gruppi,euristica,feasible,462,457,0.010941,0.047,,,,"{""tried_cycle_times"": 6, ""n_groups"": 36, ""n_leaves"": 27}",
n100_os0.2_r10_uniform_05,n100_os0.2_r10_uniform,100,10,0.2002,10,uniform,hoffmann,euristica,optimal,536,536,0.0,0.043,,,,"{""tried_cycle_times"": 1, ""node_limit"": 20000, ""node_limit_hits"": 0, ""node_limit_hits_total"": 0}",
n100_os0.2_r10_uniform_05,n100_os0.2_r10_uniform,100,10,0.2002,10,uniform,gruppi,euristica,feasible,538,536,0.003731,0.034,,,,"{""tried_cycle_times"": 3, ""n_groups"": 43, ""n_leaves"": 20}",
n100_os0.2_r10_uniform_06,n100_os0.2_r10_uniform,100,10,0.2004,10,uniform,hoffmann,euristica,optimal,517,517,0.0,0.036,,,,"{""tried_cycle_times"": 1, ""node_limit"": 20000, ""node_limit_hits"": 0, ""node_limit_hits_total"": 0}",
n100_os0.2_r10_uniform_06,n100_os0.2_r10_uniform,100,10,0.2004,10,uniform,gruppi,euristica,feasible,521,517,0.007737,0.033,,,,"{""tried_cycle_times"": 5, ""n_groups"": 41, ""n_leaves"": 23}",
n100_os0.2_r10_uniform_07,n100_os0.2_r10_uniform,100,10,0.2057,10,uniform,hoffmann,euristica,optimal,492,492,0.0,0.029,,,,"{""tried_cycle_times"": 1, ""node_limit"": 20000, ""node_limit_hits"": 0, ""node_limit_hits_total"": 0}",
n100_os0.2_r10_uniform_07,n100_os0.2_r10_uniform,100,10,0.2057,10,uniform,gruppi,euristica,feasible,494,492,0.004065,0.029,,,,"{""tried_cycle_times"": 3, ""n_groups"": 47, ""n_leaves"": 20}",
n100_os0.2_r10_uniform_08,n100_os0.2_r10_uniform,100,10,0.2036,10,uniform,hoffmann,euristica,optimal,473,473,0.0,0.044,,,,"{""tried_cycle_times"": 1, ""node_limit"": 20000, ""node_limit_hits"": 0, ""node_limit_hits_total"": 0}",
n100_os0.2_r10_uniform_08,n100_os0.2_r10_uniform,100,10,0.2036,10,uniform,gruppi,euristica,feasible,477,473,0.008457,0.038,,,,"{""tried_cycle_times"": 5, ""n_groups"": 40, ""n_leaves"": 27}",
n100_os0.2_r10_uniform_09,n100_os0.2_r10_uniform,100,10,0.2008,10,uniform,hoffmann,euristica,optimal,462,462,0.0,0.028,,,,"{""tried_cycle_times"": 1, ""node_limit"": 20000, ""node_limit_hits"": 0, ""node_limit_hits_total"": 0}",
n100_os0.2_r10_uniform_09,n100_os0.2_r10_uniform,100,10,0.2008,10,uniform,gruppi,euristica,feasible,464,462,0.004329,0.029,,,,"{""tried_cycle_times"": 3, ""n_groups"": 43, ""n_leaves"": 18}",
n100_os0.2_r10_uniform_10,n100_os0.2_r10_uniform,100,10,0.2002,10,uniform,hoffmann,euristica,optimal,523,523,0.0,0.039,,,,"{""tried_cycle_times"": 1, ""node_limit"": 20000, ""node_limit_hits"": 0, ""node_limit_hits_total"": 0}",
n100_os0.2_r10_uniform_10,n100_os0.2_r10_uniform,100,10,0.2002,10,uniform,gruppi,euristica,feasible,529,523,0.011472,0.04,,,,"{""tried_cycle_times"": 7, ""n_groups"": 42, ""n_leaves"": 22}",
n100_os0.2_r10_uniform_11,n100_os0.2_r10_uniform,100,10,0.2095,10,uniform,hoffmann,euristica,optimal,520,520,0.0,0.032,,,,"{""tried_cycle_times"": 1, ""node_limit"": 20000, ""node_limit_hits"": 0, ""node_limit_hits_total"": 0}",
n100_os0.2_r10_uniform_11,n100_os0.2_r10_uniform,100,10,0.2095,10,uniform,gruppi,euristica,feasible,523,520,0.005769,0.031,,,,"{""tried_cycle_times"": 4, ""n_groups"": 41, ""n_leaves"": 19}",
n100_os0.2_r10_uniform_12,n100_os0.2_r10_uniform,100,10,0.2,10,uniform,hoffmann,euristica,optimal,540,540,0.0,0.033,,,,"{""tried_cycle_times"": 1, ""node_limit"": 20000, ""node_limit_hits"": 0, ""node_limit_hits_total"": 0}",
n100_os0.2_r10_uniform_12,n100_os0.2_r10_uniform,100,10,0.2,10,uniform,gruppi,euristica,feasible,543,540,0.005556,0.029,,,,"{""tried_cycle_times"": 4, ""n_groups"": 44, ""n_leaves"": 19}",
n100_os0.2_r10_uniform_13,n100_os0.2_r10_uniform,100,10,0.2,10,uniform,hoffmann,euristica,optimal,464,464,0.0,0.028,,,,"{""tried_cycle_times"": 1, ""node_limit"": 20000, ""node_limit_hits"": 0, ""node_limit_hits_total"": 0}",
n100_os0.2_r10_uniform_13,n100_os0.2_r10_uniform,100,10,0.2,10,uniform,gruppi,euristica,feasible,467,464,0.006466,0.031,,,,"{""tried_cycle_times"": 4, ""n_groups"": 39, ""n_leaves"": 20}",
n100_os0.2_r10_uniform_14,n100_os0.2_r10_uniform,100,10,0.2059,10,uniform,hoffmann,euristica,optimal,521,521,0.0,0.032,,,,"{""tried_cycle_times"": 1, ""node_limit"": 20000, ""node_limit_hits"": 0, ""node_limit_hits_total"": 0}",
n100_os0.2_r10_uniform_14,n100_os0.2_r10_uniform,100,10,0.2059,10,uniform,gruppi,euristica,feasible,526,521,0.009597,0.038,,,,"{""tried_cycle_times"": 6, ""n_groups"": 39, ""n_leaves"": 21}",
n100_os0.2_r10_uniform_15,n100_os0.2_r10_uniform,100,10,0.2014,10,uniform,hoffmann,euristica,optimal,457,457,0.0,0.028,,,,"{""tried_cycle_times"": 1, ""node_limit"": 20000, ""node_limit_hits"": 0, ""node_limit_hits_total"": 0}",
n100_os0.2_r10_uniform_15,n100_os0.2_r10_uniform,100,10,0.2014,10,uniform,gruppi,euristica,feasible,461,457,0.008753,0.031,,,,"{""tried_cycle_times"": 5, ""n_groups"": 37, ""n_leaves"": 23}",
n100_os0.2_r10_uniform_16,n100_os0.2_r10_uniform,100,10,0.2006,10,uniform,hoffmann,euristica,optimal,476,476,0.0,0.034,,,,"{""tried_cycle_times"": 1, ""node_limit"": 20000, ""node_limit_hits"": 0, ""node_limit_hits_total"": 0}",
n100_os0.2_r10_uniform_16,n100_os0.2_r10_uniform,100,10,0.2006,10,uniform,gruppi,euristica,feasible,480,476,0.008403,0.031,,,,"{""tried_cycle_times"": 5, ""n_groups"": 41, ""n_leaves"": 18}",
n100_os0.2_r10_uniform_17,n100_os0.2_r10_uniform,100,10,0.2006,10,uniform,hoffmann,euristica,optimal,526,526,0.0,0.041,,,,"{""tried_cycle_times"": 1, ""node_limit"": 20000, ""node_limit_hits"": 0, ""node_limit_hits_total"": 0}",
n100_os0.2_r10_uniform_17,n100_os0.2_r10_uniform,100,10,0.2006,10,uniform,gruppi,euristica,feasible,530,526,0.007605,0.032,,,,"{""tried_cycle_times"": 5, ""n_groups"": 40, ""n_leaves"": 23}",
n100_os0.2_r10_uniform_18,n100_os0.2_r10_uniform,100,10,0.203,10,uniform,hoffmann,euristica,optimal,473,473,0.0,0.029,,,,"{""tried_cycle_times"": 1, ""node_limit"": 20000, ""node_limit_hits"": 0, ""node_limit_hits_total"": 0}",
n100_os0.2_r10_uniform_18,n100_os0.2_r10_uniform,100,10,0.203,10,uniform,gruppi,euristica,feasible,475,473,0.004228,0.029,,,,"{""tried_cycle_times"": 3, ""n_groups"": 40, ""n_leaves"": 25}",
n100_os0.2_r10_uniform_19,n100_os0.2_r10_uniform,100,10,0.2057,10,uniform,hoffmann,euristica,optimal,485,485,0.0,0.144,,,,"{""tried_cycle_times"": 1, ""node_limit"": 20000, ""node_limit_hits"": 0, ""node_limit_hits_total"": 0}",
n100_os0.2_r10_uniform_19,n100_os0.2_r10_uniform,100,10,0.2057,10,uniform,gruppi,euristica,feasible,489,485,0.008247,0.034,,,,"{""tried_cycle_times"": 5, ""n_groups"": 43, ""n_leaves"": 21}",
n100_os0.2_r10_uniform_20,n100_os0.2_r10_uniform,100,10,0.2105,10,uniform,hoffmann,euristica,optimal,515,515,0.0,0.029,,,,"{""tried_cycle_times"": 1, ""node_limit"": 20000, ""node_limit_hits"": 0, ""node_limit_hits_total"": 0}",
n100_os0.2_r10_uniform_20,n100_os0.2_r10_uniform,100,10,0.2105,10,uniform,gruppi,euristica,feasible,517,515,0.003883,0.027,,,,"{""tried_cycle_times"": 3, ""n_groups"": 38, ""n_leaves"": 20}",
n100_os0.2_r10_uniform_21,n100_os0.2_r10_uniform,100,10,0.2002,10,uniform,hoffmann,euristica,optimal,524,524,0.0,0.055,,,,"{""tried_cycle_times"": 1, ""node_limit"": 20000, ""node_limit_hits"": 0, ""node_limit_hits_total"": 0}",
n100_os0.2_r10_uniform_21,n100_os0.2_r10_uniform,100,10,0.2002,10,uniform,gruppi,euristica,feasible,531,524,0.013359,0.037,,,,"{""tried_cycle_times"": 8, ""n_groups"": 37, ""n_leaves"": 22}",
n100_os0.2_r10_uniform_22,n100_os0.2_r10_uniform,100,10,0.2077,10,uniform,hoffmann,euristica,optimal,497,497,0.0,0.027,,,,"{""tried_cycle_times"": 1, ""node_limit"": 20000, ""node_limit_hits"": 0, ""node_limit_hits_total"": 0}",
n100_os0.2_r10_uniform_22,n100_os0.2_r10_uniform,100,10,0.2077,10,uniform,gruppi,euristica,feasible,502,497,0.01006,0.034,,,,"{""tried_cycle_times"": 6, ""n_groups"": 41, ""n_leaves"": 22}",
n100_os0.2_r10_uniform_23,n100_os0.2_r10_uniform,100,10,0.2012,10,uniform,hoffmann,euristica,optimal,517,517,0.0,0.029,,,,"{""tried_cycle_times"": 1, ""node_limit"": 20000, ""node_limit_hits"": 0, ""node_limit_hits_total"": 0}",
n100_os0.2_r10_uniform_23,n100_os0.2_r10_uniform,100,10,0.2012,10,uniform,gruppi,euristica,feasible,525,517,0.015474,0.043,,,,"{""tried_cycle_times"": 9, ""n_groups"": 41, ""n_leaves"": 20}",
n100_os0.2_r10_uniform_24,n100_os0.2_r10_uniform,100,10,0.2014,10,uniform,hoffmann,euristica,optimal,550,550,0.0,0.026,,,,"{""tried_cycle_times"": 1, ""node_limit"": 20000, ""node_limit_hits"": 0, ""node_limit_hits_total"": 0}",
n100_os0.2_r10_uniform_24,n100_os0.2_r10_uniform,100,10,0.2014,10,uniform,gruppi,euristica,feasible,553,550,0.005455,0.03,,,,"{""tried_cycle_times"": 4, ""n_groups"": 39, ""n_leaves"": 25}",
n100_os0.6_r3_uniform_00,n100_os0.6_r3_uniform,100,33,0.6,3,uniform,hoffmann,euristica,feasible,137,133,0.030075,0.101,,,,"{""tried_cycle_times"": 5, ""node_limit"": 20000, ""node_limit_hits"": 0, ""node_limit_hits_total"": 0}",
n100_os0.6_r3_uniform_00,n100_os0.6_r3_uniform,100,33,0.6,3,uniform,gruppi,euristica,feasible,144,133,0.082707,0.094,,,,"{""tried_cycle_times"": 12, ""n_groups"": 41, ""n_leaves"": 12}",
n100_os0.6_r3_uniform_01,n100_os0.6_r3_uniform,100,33,0.6022,3,uniform,hoffmann,euristica,feasible,160,156,0.025641,0.103,,,,"{""tried_cycle_times"": 5, ""node_limit"": 20000, ""node_limit_hits"": 0, ""node_limit_hits_total"": 0}",
n100_os0.6_r3_uniform_01,n100_os0.6_r3_uniform,100,33,0.6022,3,uniform,gruppi,euristica,feasible,171,156,0.096154,0.107,,,,"{""tried_cycle_times"": 16, ""n_groups"": 42, ""n_leaves"": 8}",
n100_os0.6_r3_uniform_02,n100_os0.6_r3_uniform,100,33,0.6002,3,uniform,hoffmann,euristica,feasible,158,156,0.012821,0.08,,,,"{""tried_cycle_times"": 3, ""node_limit"": 20000, ""node_limit_hits"": 0, ""node_limit_hits_total"": 0}",
n100_os0.6_r3_uniform_02,n100_os0.6_r3_uniform,100,33,0.6002,3,uniform,gruppi,euristica,feasible,168,156,0.076923,0.103,,,,"{""tried_cycle_times"": 13, ""n_groups"": 42, ""n_leaves"": 9}",
n100_os0.6_r3_uniform_03,n100_os0.6_r3_uniform,100,33,0.6024,3,uniform,hoffmann,euristica,feasible,155,149,0.040268,0.107,,,,"{""tried_cycle_times"": 7, ""node_limit"": 20000, ""node_limit_hits"": 0, ""node_limit_hits_total"": 0}",
n100_os0.6_r3_uniform_03,n100_os0.6_r3_uniform,100,33,0.6024,3,uniform,gruppi,euristica,feasible,169,149,0.134228,0.126,,,,"{""tried_cycle_times"": 21, ""n_groups"": 38, ""n_leaves"": 11}",
n100_os0.6_r3_uniform_04,n100_os0.6_r3_uniform,100,33,0.6024,3,uniform,hoffmann,euristica,feasible,142,139,0.021583,0.092,,,,"{""tried_cycle_times"": 4, ""node_limit"": 20000, ""node_limit_hits"": 0, ""node_limit_hits_total"": 0}",
n100_os0.6_r3_uniform_04,n100_os0.6_r3_uniform,100,33,0.6024,3,uniform,gruppi,euristica,feasible,152,139,0.093525,0.098,,,,"{""tried_cycle_times"": 14, ""n_groups"": 35, ""n_leaves"": 11}",
n100_os0.6_r3_uniform_05,n100_os0.6_r3_uniform,100,33,0.6046,3,uniform,hoffmann,euristica,feasible,143,139,0.028777,0.094,,,,"{""tried_cycle_times"": 5, ""node_limit"": 20000, ""node_limit_hits"": 0, ""node_limit_hits_total"": 0}",
n100_os0.6_r3_uniform_05,n100_os0.6_r3_uniform,100,33,0.6046,3,uniform,gruppi,euristica,feasible,152,139,0.093525,0.097,,,,"{""tried_cycle_times"": 14, ""n_groups"": 39, ""n_leaves"": 9}",
n100_os0.6_r3_uniform_06,n100_os0.6_r3_uniform,100,33,0.601,3,uniform,hoffmann,euristica,feasible,150,149,0.006711,0.082,,,,"{""tried_cycle_times"": 2, ""node_limit"": 20000, ""node_limit_hits"": 0, ""node_limit_hits_total"": 0}",
n100_os0.6_r3_uniform_06,n100_os0.6_r3_uniform,100,33,0.601,3,uniform,gruppi,euristica,feasible,159,149,0.067114,0.093,,,,"{""tried_cycle_times"": 11, ""n_groups"": 45, ""n_leaves"": 8}",
n100_os0.6_r3_uniform_07,n100_os0.6_r3_uniform,100,33,0.6016,3,uniform,hoffmann,euristica,feasible,156,151,0.033113,0.098,,,,"{""tried_cycle_times"": 6, ""node_limit"": 20000, ""node_limit_hits"": 0, ""node_limit_hits_total"": 0}",
n100_os0.6_r3_uniform_07,n100_os0.6_r3_uniform,100,33,0.6016,3,uniform,gruppi,euristica,feasible,165,151,0.092715,0.106,,,,"{""tried_cycle_times"": 15, ""n_groups"": 41, ""n_leaves"": 10}",
n100_os0.6_r3_uniform_08,n100_os0.6_r3_uniform,100,33,0.6,3,uniform,hoffmann,euristica,feasible,157,155,0.012903,0.087,,,,"{""tried_cycle_times"": 3, ""node_limit"": 20000, ""node_limit_hits"": 0, ""node_limit_hits_total"": 0}",
n100_os0.6_r3_uniform_08,n100_os0.6_r3_uniform,100,33,0.6,3,uniform,gruppi,euristica,feasible,169,155,0.090323,0.103,,,,"{""tried_cycle_times"": 15, ""n_groups"": 39, ""n_leaves"": 12}",
n100_os0.6_r3_uniform_09,n100_os0.6_r3_uniform,100,33,0.6044,3,uniform,hoffmann,euristica,feasible,161,153,0.052288,0.131,,,,"{""tried_cycle_times"": 9, ""node_limit"": 20000, ""node_limit_hits"": 0, ""node_limit_hits_total"": 0}",
n100_os0.6_r3_uniform_09,n100_os0.6_r3_uniform,100,33,0.6044,3,uniform,gruppi,euristica,feasible,164,153,0.071895,0.095,,,,"{""tried_cycle_times"": 12, ""n_groups"": 39, ""n_leaves"": 11}",
n100_os0.6_r3_uniform_10,n100_os0.6_r3_uniform,100,33,0.6002,3,uniform,hoffmann,euristica,feasible,170,166,0.024096,0.097,,,,"{""tried_cycle_times"": 5, ""node_limit"": 20000, ""node_limit_hits"": 0, ""node_limit_hits_total"": 0}",
n100_os0.6_r3_uniform_10,n100_os0.6_r3_uniform,100,33,0.6002,3,uniform,gruppi,euristica,feasible,185,166,0.114458,0.115,,,,"{""tried_cycle_times"": 20, ""n_groups"": 46, ""n_leaves"": 9}",
n100_os0.6_r3_uniform_11,n100_os0.6_r3_uniform,100,33,0.6036,3,uniform,hoffmann,euristica,feasible,156,153,0.019608,0.088,,,,"{""tried_cycle_times"": 4, ""node_limit"": 20000, ""node_limit_hits"": 0, ""node_limit_hits_total"": 0}",
n100_os0.6_r3_uniform_11,n100_os0.6_r3_uniform,100,33,0.6036,3,uniform,gruppi,euristica,feasible,170,153,0.111111,0.105,,,,"{""tried_cycle_times"": 18, ""n_groups"": 40, ""n_leaves"": 7}",
n100_os0.6_r3_uniform_12,n100_os0.6_r3_uniform,100,33,0.602,3,uniform,hoffmann,euristica,feasible,176,169,0.04142,0.168,,,,"{""tried_cycle_times"": 8, ""node_limit"": 20000, ""node_limit_hits"": 0, ""node_limit_hits_total"": 0}",
n100_os0.6_r3_uniform_12,n100_os0.6_r3_uniform,100,33,0.602,3,uniform,gruppi,euristica,feasible,182,169,0.076923,0.099,,,,"{""tried_cycle_times"": 14, ""n_groups"": 44, ""n_leaves"": 9}",
n100_os0.6_r3_uniform_13,n100_os0.6_r3_uniform,100,33,0.6042,3,uniform,hoffmann,euristica,feasible,155,149,0.040268,0.117,,,,"{""tried_cycle_times"": 7, ""node_limit"": 20000, ""node_limit_hits"": 0, ""node_limit_hits_total"": 0}",
n100_os0.6_r3_uniform_13,n100_os0.6_r3_uniform,100,33,0.6042,3,uniform,gruppi,euristica,feasible,159,149,0.067114,0.097,,,,"{""tried_cycle_times"": 11, ""n_groups"": 42, ""n_leaves"": 10}",
n100_os0.6_r3_uniform_14,n100_os0.6_r3_uniform,100,33,0.601,3,uniform,hoffmann,euristica,feasible,161,159,0.012579,0.087,,,,"{""tried_cycle_times"": 3, ""node_limit"": 20000, ""node_limit_hits"": 0, ""node_limit_hits_total"": 0}",
n100_os0.6_r3_uniform_14,n100_os0.6_r3_uniform,100,33,0.601,3,uniform,gruppi,euristica,feasible,171,159,0.075472,0.095,,,,"{""tried_cycle_times"": 13, ""n_groups"": 38, ""n_leaves"": 10}",
n100_os0.6_r3_uniform_15,n100_os0.6_r3_uniform,100,33,0.6024,3,uniform,hoffmann,euristica,feasible,163,159,0.025157,0.102,,,,"{""tried_cycle_times"": 5, ""node_limit"": 20000, ""node_limit_hits"": 0, ""node_limit_hits_total"": 0}",
n100_os0.6_r3_uniform_15,n100_os0.6_r3_uniform,100,33,0.6024,3,uniform,gruppi,euristica,feasible,171,159,0.075472,0.105,,,,"{""tried_cycle_times"": 13, ""n_groups"": 42, ""n_leaves"": 11}",
n100_os0.6_r3_uniform_16,n100_os0.6_r3_uniform,100,33,0.6002,3,uniform,hoffmann,euristica,feasible,155,153,0.013072,0.08,,,,"{""tried_cycle_times"": 3, ""node_limit"": 20000, ""node_limit_hits"": 0, ""node_limit_hits_total"": 0}",
n100_os0.6_r3_uniform_16,n100_os0.6_r3_uniform,100,33,0.6002,3,uniform,gruppi,euristica,feasible,166,153,0.084967,0.102,,,,"{""tried_cycle_times"": 14, ""n_groups"": 37, ""n_leaves"": 9}",
n100_os0.6_r3_uniform_17,n100_os0.6_r3_uniform,100,33,0.6004,3,uniform,hoffmann,euristica,feasible,131,126,0.039683,0.104,,,,"{""tried_cycle_times"": 6, ""node_limit"": 20000, ""node_limit_hits"": 0, ""node_limit_hits_total"": 0}",
n100_os0.6_r3_uniform_17,n100_os0.6_r3_uniform,100,33,0.6004,3,uniform,gruppi,euristica,feasible,136,126,0.079365,0.092,,,,"{""tried_cycle_times"": 11, ""n_groups"": 37, ""n_leaves"": 9}",
n100_os0.6_r3_uniform_18,n100_os0.6_r3_uniform,100,33,0.6,3,uniform,hoffmann,euristica,feasible,160,156,0.025641,0.107,,,,"{""tried_cycle_times"": 5, ""node_limit"": 20000, ""node_limit_hits"": 0, ""node_limit_hits_total"": 0}",
n100_os0.6_r3_uniform_18,n100_os0.6_r3_uniform,100,33,0.6,3,uniform,gruppi,euristica,feasible,170,156,0.089744,0.104,,,,"{""tried_cycle_times"": 15, ""n_groups"": 41, ""n_leaves"": 9}",
n100_os0.6_r3_uniform_19,n100_os0.6_r3_uniform,100,33,0.6018,3,uniform,hoffmann,euristica,feasible,163,156,0.044872,0.115,,,,"{""tried_cycle_times"": 8, ""node_limit"": 20000, ""node_limit_hits"": 0, ""node_limit_hits_total"": 0}",
n100_os0.6_r3_uniform_19,n100_os0.6_r3_uniform,100,33,0.6018,3,uniform,gruppi,euristica,feasible,171,156,0.096154,0.11,,,,"{""tried_cycle_times"": 16, ""n_groups"": 42, ""n_leaves"": 9}",
n100_os0.6_r3_uniform_20,n100_os0.6_r3_uniform,100,33,0.6006,3,uniform,hoffmann,euristica,feasible,166,160,0.0375,0.117,,,,"{""tried_cycle_times"": 7, ""node_limit"": 20000, ""node_limit_hits"": 0, ""node_limit_hits_total"": 0}",
n100_os0.6_r3_uniform_20,n100_os0.6_r3_uniform,100,33,0.6006,3,uniform,gruppi,euristica,feasible,173,160,0.08125,0.1,,,,"{""tried_cycle_times"": 14, ""n_groups"": 36, ""n_leaves"": 12}",
n100_os0.6_r3_uniform_21,n100_os0.6_r3_uniform,100,33,0.601,3,uniform,hoffmann,euristica,feasible,140,137,0.021898,0.097,,,,"{""tried_cycle_times"": 4, ""node_limit"": 20000, ""node_limit_hits"": 0, ""node_limit_hits_total"": 0}",
n100_os0.6_r3_uniform_21,n100_os0.6_r3_uniform,100,33,0.601,3,uniform,gruppi,euristica,feasible,146,137,0.065693,0.09,,,,"{""tried_cycle_times"": 10, ""n_groups"": 42, ""n_leaves"": 9}",
n100_os0.6_r3_uniform_22,n100_os0.6_r3_uniform,100,33,0.6012,3,uniform,hoffmann,euristica,feasible,164,163,0.006135,0.073,,,,"{""tried_cycle_times"": 2, ""node_limit"": 20000, ""node_limit_hits"": 0, ""node_limit_hits_total"": 0}",
n100_os0.6_r3_uniform_22,n100_os0.6_r3_uniform,100,33,0.6012,3,uniform,gruppi,euristica,feasible,178,163,0.092025,0.104,,,,"{""tried_cycle_times"": 16, ""n_groups"": 44, ""n_leaves"": 8}",
n100_os0.6_r3_uniform_23,n100_os0.6_r3_uniform,100,33,0.6006,3,uniform,hoffmann,euristica,feasible,155,150,0.033333,0.1,,,,"{""tried_cycle_times"": 6, ""node_limit"": 20000, ""node_limit_hits"": 0, ""node_limit_hits_total"": 0}",
n100_os0.6_r3_uniform_23,n100_os0.6_r3_uniform,100,33,0.6006,3,uniform,gruppi,euristica,feasible,167,150,0.113333,0.11,,,,"{""tried_cycle_times"": 18, ""n_groups"": 45, ""n_leaves"": 8}",
n100_os0.6_r3_uniform_24,n100_os0.6_r3_uniform,100,33,0.6006,3,uniform,hoffmann,euristica,feasible,183,178,0.02809,0.119,,,,"{""tried_cycle_times"": 6, ""node_limit"": 20000, ""node_limit_hits"": 0, ""node_limit_hits_total"": 0}",
n100_os0.6_r3_uniform_24,n100_os0.6_r3_uniform,100,33,0.6006,3,uniform,gruppi,euristica,feasible,203,178,0.140449,0.128,,,,"{""tried_cycle_times"": 26, ""n_groups"": 41, ""n_leaves"": 8}",
n100_os0.6_r6_uniform_00,n100_os0.6_r6_uniform,100,17,0.6,6,uniform,hoffmann,euristica,optimal,271,271,0.0,0.061,,,,"{""tried_cycle_times"": 1, ""node_limit"": 20000, ""node_limit_hits"": 0, ""node_limit_hits_total"": 0}",
n100_os0.6_r6_uniform_00,n100_os0.6_r6_uniform,100,17,0.6,6,uniform,gruppi,euristica,feasible,280,271,0.03321,0.106,,,,"{""tried_cycle_times"": 10, ""n_groups"": 45, ""n_leaves"": 9}",
n100_os0.6_r6_uniform_01,n100_os0.6_r6_uniform,100,17,0.6,6,uniform,hoffmann,euristica,optimal,270,270,0.0,0.066,,,,"{""tried_cycle_times"": 1, ""node_limit"": 20000, ""node_limit_hits"": 0, ""node_limit_hits_total"": 0}",
n100_os0.6_r6_uniform_01,n100_os0.6_r6_uniform,100,17,0.6,6,uniform,gruppi,euristica,feasible,277,270,0.025926,0.078,,,,"{""tried_cycle_times"": 8, ""n_groups"": 37, ""n_leaves"": 8}",
n100_os0.6_r6_uniform_02,n100_os0.6_r6_uniform,100,17,0.6008,6,uniform,hoffmann,euristica,optimal,296,296,0.0,0.066,,,,"{""tried_cycle_times"": 1, ""node_limit"": 20000, ""node_limit_hits"": 0, ""node_limit_hits_total"": 0}",
n100_os0.6_r6_uniform_02,n100_os0.6_r6_uniform,100,17,0.6008,6,uniform,gruppi,euristica,feasible,303,296,0.023649,0.075,,,,"{""tried_cycle_times"": 8, ""n_groups"": 39, ""n_leaves"": 10}",
n100_os0.6_r6_uniform_03,n100_os0.6_r6_uniform,100,17,0.6008,6,uniform,hoffmann,euristica,optimal,305,305,0.0,0.064,,,,"{""tried_cycle_times"": 1, ""node_limit"": 20000, ""node_limit_hits"": 0, ""node_limit_hits_total"": 0}",
n100_os0.6_r6_uniform_03,n100_os0.6_r6_uniform,100,17,0.6008,6,uniform,gruppi,euristica,feasible,313,305,0.02623,0.077,,,,"{""tried_cycle_times"": 9, ""n_groups"": 39, ""n_leaves"": 10}",
n100_os0.6_r6_uniform_04,n100_os0.6_r6_uniform,100,17,0.6016,6,uniform,hoffmann,euristica,optimal,304,304,0.0,0.071,,,,"{""tried_cycle_times"": 1, ""node_limit"": 20000, ""node_limit_hits"": 0, ""node_limit_hits_total"": 0}",
n100_os0.6_r6_uniform_04,n100_os0.6_r6_uniform,100,17,0.6016,6,uniform,gruppi,euristica,feasible,317,304,0.042763,0.092,,,,"{""tried_cycle_times"": 14, ""n_groups"": 42, ""n_leaves"": 10}",
n100_os0.6_r6_uniform_05,n100_os0.6_r6_uniform,100,17,0.603,6,uniform,hoffmann,euristica,optimal,298,298,0.0,0.065,,,,"{""tried_cycle_times"": 1, ""node_limit"": 20000, ""node_limit_hits"": 0, ""node_limit_hits_total"": 0}",
n100_os0.6_r6_uniform_05,n100_os0.6_r6_uniform,100,17,0.603,6,uniform,gruppi,euristica,feasible,307,298,0.030201,0.079,,,,"{""tried_cycle_times"": 10, ""n_groups"": 41, ""n_leaves"": 9}",
n100_os0.6_r6_uniform_06,n100_os0.6_r6_uniform,100,17,0.6034,6,uniform,hoffmann,euristica,optimal,311,311,0.0,0.067,,,,"{""tried_cycle_times"": 1, ""node_limit"": 20000, ""node_limit_hits"": 0, ""node_limit_hits_total"": 0}",
n100_os0.6_r6_uniform_06,n100_os0.6_r6_uniform,100,17,0.6034,6,uniform,gruppi,euristica,feasible,324,311,0.041801,0.086,,,,"{""tried_cycle_times"": 14, ""n_groups"": 40, ""n_leaves"": 10}",
n100_os0.6_r6_uniform_07,n100_os0.6_r6_uniform,100,17,0.6004,6,uniform,hoffmann,euristica,optimal,299,299,0.0,0.078,,,,"{""tried_cycle_times"": 1, ""node_limit"": 20000, ""node_limit_hits"": 0, ""node_limit_hits_total"": 0}",
n100_os0.6_r6_uniform_07,n100_os0.6_r6_uniform,100,17,0.6004,6,uniform,gruppi,euristica,feasible,319,299,0.06689,0.096,,,,"{""tried_cycle_times"": 21, ""n_groups"": 40, ""n_leaves"": 7}",
n100_os0.6_r6_uniform_08,n100_os0.6_r6_uniform,100,17,0.6022,6,uniform,hoffmann,euristica,optimal,336,336,0.0,0.067,,,,"{""tried_cycle_times"": 1, ""node_limit"": 20000, ""node_limit_hits"": 0, ""node_limit_hits_total"": 0}",
n100_os0.6_r6_uniform_08,n100_os0.6_r6_uniform,100,17,0.6022,6,uniform,gruppi,euristica,feasible,347,336,0.032738,0.11,,,,"{""tried_cycle_times"": 12, ""n_groups"": 39, ""n_leaves"": 11}",
n100_os0.6_r6_uniform_09,n100_os0.6_r6_uniform,100,17,0.6097,6,uniform,hoffmann,euristica,optimal,300,300,0.0,0.073,,,,"{""tried_cycle_times"": 1, ""node_limit"": 20000, ""node_limit_hits"": 0, ""node_limit_hits_total"": 0}",
n100_os0.6_r6_uniform_09,n100_os0.6_r6_uniform,100,17,0.6097,6,uniform,gruppi,euristica,feasible,310,300,0.033333,0.083,,,,"{""tried_cycle_times"": 11, ""n_groups"": 42, ""n_leaves"": 12}",
n100_os0.6_r6_uniform_10,n100_os0.6_r6_uniform,100,17,0.6186,6,uniform,hoffmann,euristica,optimal,290,290,0.0,0.063,,,,"{""tried_cycle_times"": 1, ""node_limit"": 20000, ""node_limit_hits"": 0, ""node_limit_hits_total"": 0}",
n100_os0.6_r6_uniform_10,n100_os0.6_r6_uniform,100,17,0.6186,6,uniform,gruppi,euristica,feasible,301,290,0.037931,0.084,,,,"{""tried_cycle_times"": 12, ""n_groups"": 42, ""n_leaves"": 10}",
n100_os0.6_r6_uniform_11,n100_os0.6_r6_uniform,100,17,0.6002,6,uniform,hoffmann,euristica,optimal,255,255,0.0,0.063,,,,"{""tried_cycle_times"": 1, ""node_limit"": 20000, ""node_limit_hits"": 0, ""node_limit_hits_total"": 0}",
n100_os0.6_r6_uniform_11,n100_os0.6_r6_uniform,100,17,0.6002,6,uniform,gruppi,euristica,feasible,263,255,0.031373,0.075,,,,"{""tried_cycle_times"": 9, ""n_groups"": 41, ""n_leaves"": 11}",
n100_os0.6_r6_uniform_12,n100_os0.6_r6_uniform,100,17,0.6,6,uniform,hoffmann,euristica,feasible,305,304,0.003289,0.077,,,,"{""tried_cycle_times"": 2, ""node_limit"": 20000, ""node_limit_hits"": 0, ""node_limit_hits_total"": 0}",
n100_os0.6_r6_uniform_12,n100_os0.6_r6_uniform,100,17,0.6,6,uniform,gruppi,euristica,feasible,315,304,0.036184,0.085,,,,"{""tried_cycle_times"": 12, ""n_groups"": 39, ""n_leaves"": 12}",
n100_os0.6_r6_uniform_13,n100_os0.6_r6_uniform,100,17,0.6055,6,uniform,hoffmann,euristica,optimal,285,285,0.0,0.096,,,,"{""tried_cycle_times"": 1, ""node_limit"": 20000, ""node_limit_hits"": 0, ""node_limit_hits_total"": 0}",
n100_os0.6_r6_uniform_13,n100_os0.6_r6_uniform,100,17,0.6055,6,uniform,gruppi,euristica,feasible,294,285,0.031579,0.098,,,,"{""tried_cycle_times"": 10, ""n_groups"": 43, ""n_leaves"": 13}",
n100_os0.6_r6_uniform_14,n100_os0.6_r6_uniform,100,17,0.6,6,uniform,hoffmann,euristica,optimal,288,288,0.0,0.065,,,,"{""tried_cycle_times"": 1, ""node_limit"": 20000, ""node_limit_hits"": 0, ""node_limit_hits_total"": 0}",
n100_os0.6_r6_uniform_14,n100_os0.6_r6_uniform,100,17,0.6,6,uniform,gruppi,euristica,feasible,296,288,0.027778,0.08,,,,"{""tried_cycle_times"": 9, ""n_groups"": 43, ""n_leaves"": 9}",
n100_os0.6_r6_uniform_15,n100_os0.6_r6_uniform,100,17,0.603,6,uniform,hoffmann,euristica,optimal,303,303,0.0,0.067,,,,"{""tried_cycle_times"": 1, ""node_limit"": 20000, ""node_limit_hits"": 0, ""node_limit_hits_total"": 0}",
n100_os0.6_r6_uniform_15,n100_os0.6_r6_uniform,100,17,0.603,6,uniform,gruppi,euristica,feasible,321,303,0.059406,0.132,,,,"{""tried_cycle_times"": 19, ""n_groups"": 38, ""n_leaves"": 9}",
n100_os0.6_r6_uniform_16,n100_os0.6_r6_uniform,100,17,0.6004,6,uniform,hoffmann,euristica,optimal,282,282,0.0,0.081,,,,"{""tried_cycle_times"": 1, ""node_limit"": 20000, ""node_limit_hits"": 0, ""node_limit_hits_total"": 0}",
n100_os0.6_r6_uniform_16,n100_os0.6_r6_uniform,100,17,0.6004,6,uniform,gruppi,euristica,feasible,292,282,0.035461,0.084,,,,"{""tried_cycle_times"": 11, ""n_groups"": 37, ""n_leaves"": 11}",
n100_os0.6_r6_uniform_17,n100_os0.6_r6_uniform,100,17,0.6,6,uniform,hoffmann,euristica,optimal,301,301,0.0,0.063,,,,"{""tried_cycle_times"": 1, ""node_limit"": 20000, ""node_limit_hits"": 0, ""node_limit_hits_total"": 0}",
n100_os0.6_r6_uniform_17,n100_os0.6_r6_uniform,100,17,0.6,6,uniform,gruppi,euristica,feasible,313,301,0.039867,0.082,,,,"{""tried_cycle_times"": 13, ""n_groups"": 46, ""n_leaves"": 5}",
n100_os0.6_r6_uniform_18,n100_os0.6_r6_uniform,100,17,0.602,6,uniform,hoffmann,euristica,optimal,288,288,0.0,0.064,,,,"{""tried_cycle_times"": 1, ""node_limit"": 20000, ""node_limit_hits"": 0, ""node_limit_hits_total"": 0}",
n100_os0.6_r6_uniform_18,n100_os0.6_r6_uniform,100,17,0.602,6,uniform,gruppi,euristica,feasible,297,288,0.03125,0.077,,,,"{""tried_cycle_times"": 10, ""n_groups"": 43, ""n_leaves"": 10}",
n100_os0.6_r6_uniform_19,n100_os0.6_r6_uniform,100,17,0.6034,6,uniform,hoffmann,euristica,optimal,307,307,0.0,0.063,,,,"{""tried_cycle_times"": 1, ""node_limit"": 20000, ""node_limit_hits"": 0, ""node_limit_hits_total"": 0}",
n100_os0.6_r6_uniform_19,n100_os0.6_r6_uniform,100,17,0.6034,6,uniform,gruppi,euristica,feasible,322,307,0.04886,0.089,,,,"{""tried_cycle_times"": 16, ""n_groups"": 37, ""n_leaves"": 10}",
n100_os0.6_r6_uniform_20,n100_os0.6_r6_uniform,100,17,0.6014,6,uniform,hoffmann,euristica,optimal,313,313,0.0,0.067,,,,"{""tried_cycle_times"": 1, ""node_limit"": 20000, ""node_limit_hits"": 0, ""node_limit_hits_total"": 0}",
n100_os0.6_r6_uniform_20,n100_os0.6_r6_uniform,100,17,0.6014,6,uniform,gruppi,euristica,feasible,323,313,0.031949,0.083,,,,"{""tried_cycle_times"": 11, ""n_groups"": 38, ""n_leaves"": 10}",
n100_os0.6_r6_uniform_21,n100_os0.6_r6_uniform,100,17,0.6,6,uniform,hoffmann,euristica,optimal,314,314,0.0,0.069,,,,"{""tried_cycle_times"": 1, ""node_limit"": 20000, ""node_limit_hits"": 0, ""node_limit_hits_total"": 0}",
n100_os0.6_r6_uniform_21,n100_os0.6_r6_uniform,100,17,0.6,6,uniform,gruppi,euristica,feasible,330,314,0.050955,0.092,,,,"{""tried_cycle_times"": 17, ""n_groups"": 40, ""n_leaves"": 7}",
n100_os0.6_r6_uniform_22,n100_os0.6_r6_uniform,100,17,0.6032,6,uniform,hoffmann,euristica,optimal,319,319,0.0,0.07,,,,"{""tried_cycle_times"": 1, ""node_limit"": 20000, ""node_limit_hits"": 0, ""node_limit_hits_total"": 0}",
n100_os0.6_r6_uniform_22,n100_os0.6_r6_uniform,100,17,0.6032,6,uniform,gruppi,euristica,feasible,332,319,0.040752,0.088,,,,"{""tried_cycle_times"": 14, ""n_groups"": 42, ""n_leaves"": 13}",
n100_os0.6_r6_uniform_23,n100_os0.6_r6_uniform,100,17,0.6016,6,uniform,hoffmann,euristica,optimal,298,298,0.0,0.064,,,,"{""tried_cycle_times"": 1, ""node_limit"": 20000, ""node_limit_hits"": 0, ""node_limit_hits_total"": 0}",
n100_os0.6_r6_uniform_23,n100_os0.6_r6_uniform,100,17,0.6016,6,uniform,gruppi,euristica,feasible,315,298,0.057047,0.095,,,,"{""tried_cycle_times"": 18, ""n_groups"": 45, ""n_leaves"": 7}",
n100_os0.6_r6_uniform_24,n100_os0.6_r6_uniform,100,17,0.6038,6,uniform,hoffmann,euristica,optimal,282,282,0.0,0.067,,,,"{""tried_cycle_times"": 1, ""node_limit"": 20000, ""node_limit_hits"": 0, ""node_limit_hits_total"": 0}",
n100_os0.6_r6_uniform_24,n100_os0.6_r6_uniform,100,17,0.6038,6,uniform,gruppi,euristica,feasible,292,282,0.035461,0.082,,,,"{""tried_cycle_times"": 11, ""n_groups"": 46, ""n_leaves"": 9}",
n100_os0.6_r10_uniform_00,n100_os0.6_r10_uniform,100,10,0.6008,10,uniform,hoffmann,euristica,optimal,522,522,0.0,0.065,,,,"{""tried_cycle_times"": 1, ""node_limit"": 20000, ""node_limit_hits"": 0, ""node_limit_hits_total"": 0}",
n100_os0.6_r10_uniform_00,n100_os0.6_r10_uniform,100,10,0.6008,10,uniform,gruppi,euristica,feasible,528,522,0.011494,0.07,,,,"{""tried_cycle_times"": 7, ""n_groups"": 43, ""n_leaves"": 6}",
n100_os0.6_r10_uniform_01,n100_os0.6_r10_uniform,100,10,0.6016,10,uniform,hoffmann,euristica,optimal,504,504,0.0,0.067,,,,"{""tried_cycle_times"": 1, ""node_limit"": 20000, ""node_limit_hits"": 0, ""node_limit_hits_total"": 0}",
n100_os0.6_r10_uniform_01,n100_os0.6_r10_uniform,100,10,0.6016,10,uniform,gruppi,euristica,feasible,509,504,0.009921,0.069,,,,"{""tried_cycle_times"": 6, ""n_groups"": 39, ""n_leaves"": 11}",
n100_os0.6_r10_uniform_02,n100_os0.6_r10_uniform,100,10,0.6016,10,uniform,hoffmann,euristica,optimal,511,511,0.0,0.063,,,,"{""tried_cycle_times"": 1, ""node_limit"": 20000, ""node_limit_hits"": 0, ""node_limit_hits_total"": 0}",
n100_os0.6_r10_uniform_02,n100_os0.6_r10_uniform,100,10,0.6016,10,uniform,gruppi,euristica,feasible,522,511,0.021526,0.079,,,,"{""tried_cycle_times"": 12, ""n_groups"": 43, ""n_leaves"": 8}",
n100_os0.6_r10_uniform_03,n100_os0.6_r10_uniform,100,10,0.6008,10,uniform,hoffmann,euristica,optimal,511,511,0.0,0.08,,,,"{""tried_cycle_times"": 1, ""node_limit"": 20000, ""node_limit_hits"": 0, ""node_limit_hits_total"": 0}",
n100_os0.6_r10_uniform_03,n100_os0.6_r10_uniform,100,10,0.6008,10,uniform,gruppi,euristica,feasible,523,511,0.023483,0.08,,,,"{""tried_cycle_times"": 13, ""n_groups"": 41, ""n_leaves"": 8}",
n100_os0.6_r10_uniform_04,n100_os0.6_r10_uniform,100,10,0.6014,10,uniform,hoffmann,euristica,optimal,480,480,0.0,0.061,,,,"{""tried_cycle_times"": 1, ""node_limit"": 20000, ""node_limit_hits"": 0, ""node_limit_hits_total"": 0}",
n100_os0.6_r10_uniform_04,n100_os0.6_r10_uniform,100,10,0.6014,10,uniform,gruppi,euristica,feasible,492,480,0.025,0.114,,,,"{""tried_cycle_times"": 13, ""n_groups"": 36, ""n_leaves"": 12}",
n100_os0.6_r10_uniform_05,n100_os0.6_r10_uniform,100,10,0.6032,10,uniform,hoffmann,euristica,optimal,516,516,0.0,0.068,,,,"{""tried_cycle_times"": 1, ""node_limit"": 20000, ""node_limit_hits"": 0, ""node_limit_hits_total"": 0}",
n100_os0.6_r10_uniform_05,n100_os0.6_r10_uniform,100,10,0.6032,10,uniform,gruppi,euristica,feasible,522,516,0.011628,0.072,,,,"{""tried_cycle_times"": 7, ""n_groups"": 42, ""n_leaves"": 6}",
n100_os0.6_r10_uniform_06,n100_os0.6_r10_uniform,100,10,0.6016,10,uniform,hoffmann,euristica,optimal,510,510,0.0,0.064,,,,"{""tried_cycle_times"": 1, ""node_limit"": 20000, ""node_limit_hits"": 0, ""node_limit_hits_total"": 0}",
n100_os0.6_r10_uniform_06,n100_os0.6_r10_uniform,100,10,0.6016,10,uniform,gruppi,euristica,feasible,525,510,0.029412,0.084,,,,"{""tried_cycle_times"": 16, ""n_groups"": 41, ""n_leaves"": 8}",
n100_os0.6_r10_uniform_07,n100_os0.6_r10_uniform,100,10,0.6061,10,uniform,hoffmann,euristica,optimal,492,492,0.0,0.067,,,,"{""tried_cycle_times"": 1, ""node_limit"": 20000, ""node_limit_hits"": 0, ""node_limit_hits_total"": 0}",
n100_os0.6_r10_uniform_07,n100_os0.6_r10_uniform,100,10,0.6061,10,uniform,gruppi,euristica,feasible,502,492,0.020325,0.079,,,,"{""tried_cycle_times"": 11, ""n_groups"": 47, ""n_leaves"": 6}",
n100_os0.6_r10_uniform_08,n100_os0.6_r10_uniform,100,10,0.6024,10,uniform,hoffmann,euristica,optimal,497,497,0.0,0.061,,,,"{""tried_cycle_times"": 1, ""node_limit"": 20000, ""node_limit_hits"": 0, ""node_limit_hits_total"": 0}",
n100_os0.6_r10_uniform_08,n100_os0.6_r10_uniform,100,10,0.6024,10,uniform,gruppi,euristica,feasible,508,497,0.022133,0.076,,,,"{""tried_cycle_times"": 12, ""n_groups"": 40, ""n_leaves"": 11}",
n100_os0.6_r10_uniform_09,n100_os0.6_r10_uniform,100,10,0.6002,10,uniform,hoffmann,euristica,optimal,475,475,0.0,0.067,,,,"{""tried_cycle_times"": 1, ""node_limit"": 20000, ""node_limit_hits"": 0, ""node_limit_hits_total"": 0}",
n100_os0.6_r10_uniform_09,n100_os0.6_r10_uniform,100,10,0.6002,10,uniform,gruppi,euristica,feasible,486,475,0.023158,0.077,,,,"{""tried_cycle_times"": 12, ""n_groups"": 42, ""n_leaves"": 8}",
n100_os0.6_r10_uniform_10,n100_os0.6_r10_uniform,100,10,0.6006,10,uniform,hoffmann,euristica,optimal,572,572,0.0,0.062,,,,"{""tried_cycle_times"": 1, ""node_limit"": 20000, ""node_limit_hits"": 0, ""node_limit_hits_total"": 0}",
n100_os0.6_r10_uniform_10,n100_os0.6_r10_uniform,100,10,0.6006,10,uniform,gruppi,euristica,feasible,581,572,0.015734,0.097,,,,"{""tried_cycle_times"": 10, ""n_groups"": 40, ""n_leaves"": 9}",
n100_os0.6_r10_uniform_11,n100_os0.6_r10_uniform,100,10,0.6016,10,uniform,hoffmann,euristica,optimal,541,541,0.0,0.073,,,,"{""tried_cycle_times"": 1, ""node_limit"": 20000, ""node_limit_hits"": 0, ""node_limit_hits_total"": 0}",
n100_os0.6_r10_uniform_11,n100_os0.6_r10_uniform,100,10,0.6016,10,uniform,gruppi,euristica,feasible,546,541,0.009242,0.066,,,,"{""tried_cycle_times"": 6, ""n_groups"": 45, ""n_leaves"": 6}",
n100_os0.6_r10_uniform_12,n100_os0.6_r10_uniform,100,10,0.6071,10,uniform,hoffmann,euristica,optimal,516,516,0.0,0.069,,,,"{""tried_cycle_times"": 1, ""node_limit"": 20000, ""node_limit_hits"": 0, ""node_limit_hits_total"": 0}",
n100_os0.6_r10_uniform_12,n100_os0.6_r10_uniform,100,10,0.6071,10,uniform,gruppi,euristica,feasible,534,516,0.034884,0.089,,,,"{""tried_cycle_times"": 19, ""n_groups"": 43, ""n_leaves"": 8}",
n100_os0.6_r10_uniform_13,n100_os0.6_r10_uniform,100,10,0.6006,10,uniform,hoffmann,euristica,optimal,486,486,0.0,0.065,,,,"{""tried_cycle_times"": 1, ""node_limit"": 20000, ""node_limit_hits"": 0, ""node_limit_hits_total"": 0}",
n100_os0.6_r10_uniform_13,n100_os0.6_r10_uniform,100,10,0.6006,10,uniform,gruppi,euristica,feasible,498,486,0.024691,0.081,,,,"{""tried_cycle_times"": 13, ""n_groups"": 41, ""n_leaves"": 6}",
n100_os0.6_r10_uniform_14,n100_os0.6_r10_uniform,100,10,0.6006,10,uniform,hoffmann,euristica,optimal,498,498,0.0,0.067,,,,"{""tried_cycle_times"": 1, ""node_limit"": 20000, ""node_limit_hits"": 0, ""node_limit_hits_total"": 0}",
n100_os0.6_r10_uniform_14,n100_os0.6_r10_uniform,100,10,0.6006,10,uniform,gruppi,euristica,feasible,511,498,0.026104,0.082,,,,"{""tried_cycle_times"": 14, ""n_groups"": 40, ""n_leaves"": 9}",
n100_os0.6_r10_uniform_15,n100_os0.6_r10_uniform,100,10,0.6044,10,uniform,hoffmann,euristica,optimal,465,465,0.0,0.065,,,,"{""tried_cycle_times"": 1, ""node_limit"": 20000, ""node_limit_hits"": 0, ""node_limit_hits_total"": 0}",
n100_os0.6_r10_uniform_15,n100_os0.6_r10_uniform,100,10,0.6044,10,uniform,gruppi,euristica,feasible,472,465,0.015054,0.071,,,,"{""tried_cycle_times"": 8, ""n_groups"": 36, ""n_leaves"": 7}",
n100_os0.6_r10_uniform_16,n100_os0.6_r10_uniform,100,10,0.6028,10,uniform,hoffmann,euristica,optimal,504,504,0.0,0.068,,,,"{""tried_cycle_times"": 1, ""node_limit"": 20000, ""node_limit_hits"": 0, ""node_limit_hits_total"": 0}",
n100_os0.6_r10_uniform_16,n100_os0.6_r10_uniform,100,10,0.6028,10,uniform,gruppi,euristica,feasible,518,504,0.027778,0.081,,,,"{""tried_cycle_times"": 15, ""n_groups"": 35, ""n_leaves"": 9}",
n100_os0.6_r10_uniform_17,n100_os0.6_r10_uniform,100,10,0.6016,10,uniform,hoffmann,euristica,optimal,479,479,0.0,0.061,,,,"{""tried_cycle_times"": 1, ""node_limit"": 20000, ""node_limit_hits"": 0, ""node_limit_hits_total"": 0}",
n100_os0.6_r10_uniform_17,n100_os0.6_r10_uniform,100,10,0.6016,10,uniform,gruppi,euristica,feasible,487,479,0.016701,0.071,,,,"{""tried_cycle_times"": 9, ""n_groups"": 38, ""n_leaves"": 8}",
n100_os0.6_r10_uniform_18,n100_os0.6_r10_uniform,100,10,0.6038,10,uniform,hoffmann,euristica,optimal,511,511,0.0,0.06,,,,"{""tried_cycle_times"": 1, ""node_limit"": 20000, ""node_limit_hits"": 0, ""node_limit_hits_total"": 0}",
n100_os0.6_r10_uniform_18,n100_os0.6_r10_uniform,100,10,0.6038,10,uniform,gruppi,euristica,feasible,528,511,0.033268,0.09,,,,"{""tried_cycle_times"": 18, ""n_groups"": 40, ""n_leaves"": 13}",
n100_os0.6_r10_uniform_19,n100_os0.6_r10_uniform,100,10,0.601,10,uniform,hoffmann,euristica,optimal,521,521,0.0,0.098,,,,"{""tried_cycle_times"": 1, ""node_limit"": 20000, ""node_limit_hits"": 0, ""node_limit_hits_total"": 0}",
n100_os0.6_r10_uniform_19,n100_os0.6_r10_uniform,100,10,0.601,10,uniform,gruppi,euristica,feasible,529,521,0.015355,0.077,,,,"{""tried_cycle_times"": 9, ""n_groups"": 40, ""n_leaves"": 9}",
n100_os0.6_r10_uniform_20,n100_os0.6_r10_uniform,100,10,0.6016,10,uniform,hoffmann,euristica,optimal,538,538,0.0,0.066,,,,"{""tried_cycle_times"": 1, ""node_limit"": 20000, ""node_limit_hits"": 0, ""node_limit_hits_total"": 0}",
n100_os0.6_r10_uniform_20,n100_os0.6_r10_uniform,100,10,0.6016,10,uniform,gruppi,euristica,feasible,546,538,0.01487,0.076,,,,"{""tried_cycle_times"": 9, ""n_groups"": 42, ""n_leaves"": 6}",
n100_os0.6_r10_uniform_21,n100_os0.6_r10_uniform,100,10,0.6075,10,uniform,hoffmann,euristica,optimal,508,508,0.0,0.063,,,,"{""tried_cycle_times"": 1, ""node_limit"": 20000, ""node_limit_hits"": 0, ""node_limit_hits_total"": 0}",
n100_os0.6_r10_uniform_21,n100_os0.6_r10_uniform,100,10,0.6075,10,uniform,gruppi,euristica,feasible,514,508,0.011811,0.07,,,,"{""tried_cycle_times"": 7, ""n_groups"": 44, ""n_leaves"": 11}",
n100_os0.6_r10_uniform_22,n100_os0.6_r10_uniform,100,10,0.6079,10,uniform,hoffmann,euristica,optimal,505,505,0.0,0.064,,,,"{""tried_cycle_times"": 1, ""node_limit"": 20000, ""node_limit_hits"": 0, ""node_limit_hits_total"": 0}",
n100_os0.6_r10_uniform_22,n100_os0.6_r10_uniform,100,10,0.6079,10,uniform,gruppi,euristica,feasible,514,505,0.017822,0.078,,,,"{""tried_cycle_times"": 10, ""n_groups"": 38, ""n_leaves"": 8}",
n100_os0.6_r10_uniform_23,n100_os0.6_r10_uniform,100,10,0.6046,10,uniform,hoffmann,euristica,optimal,473,473,0.0,0.06,,,,"{""tried_cycle_times"": 1, ""node_limit"": 20000, ""node_limit_hits"": 0, ""node_limit_hits_total"": 0}",
n100_os0.6_r10_uniform_23,n100_os0.6_r10_uniform,100,10,0.6046,10,uniform,gruppi,euristica,feasible,481,473,0.016913,0.075,,,,"{""tried_cycle_times"": 9, ""n_groups"": 40, ""n_leaves"": 9}",
n100_os0.6_r10_uniform_24,n100_os0.6_r10_uniform,100,10,0.6,10,uniform,hoffmann,euristica,optimal,553,553,0.0,0.071,,,,"{""tried_cycle_times"": 1, ""node_limit"": 20000, ""node_limit_hits"": 0, ""node_limit_hits_total"": 0}",
n100_os0.6_r10_uniform_24,n100_os0.6_r10_uniform,100,10,0.6,10,uniform,gruppi,euristica,feasible,563,553,0.018083,0.077,,,,"{""tried_cycle_times"": 11, ""n_groups"": 45, ""n_leaves"": 6}",
n100_os0.9_r3_uniform_00,n100_os0.9_r3_uniform,100,33,0.9002,3,uniform,hoffmann,euristica,feasible,166,159,0.044025,0.127,,,,"{""tried_cycle_times"": 8, ""node_limit"": 20000, ""node_limit_hits"": 0, ""node_limit_hits_total"": 0}",
n100_os0.9_r3_uniform_00,n100_os0.9_r3_uniform,100,33,0.9002,3,uniform,gruppi,euristica,feasible,185,159,0.163522,0.174,,,,"{""tried_cycle_times"": 27, ""n_groups"": 40, ""n_leaves"": 5}",
n100_os0.9_r3_uniform_01,n100_os0.9_r3_uniform,100,33,0.9018,3,uniform,hoffmann,euristica,feasible,172,162,0.061728,0.143,,,,"{""tried_cycle_times"": 11, ""node_limit"": 20000, ""node_limit_hits"": 0, ""node_limit_hits_total"": 0}",
n100_os0.9_r3_uniform_01,n100_os0.9_r3_uniform,100,33,0.9018,3,uniform,gruppi,euristica,feasible,186,162,0.148148,0.161,,,,"{""tried_cycle_times"": 25, ""n_groups"": 36, ""n_leaves"": 4}",
n100_os0.9_r3_uniform_02,n100_os0.9_r3_uniform,100,33,0.9008,3,uniform,hoffmann,euristica,feasible,162,156,0.038462,0.125,,,,"{""tried_cycle_times"": 7, ""node_limit"": 20000, ""node_limit_hits"": 0, ""node_limit_hits_total"": 0}",
n100_os0.9_r3_uniform_02,n100_os0.9_r3_uniform,100,33,0.9008,3,uniform,gruppi,euristica,feasible,184,156,0.179487,0.173,,,,"{""tried_cycle_times"": 29, ""n_groups"": 39, ""n_leaves"": 3}",
n100_os0.9_r3_uniform_03,n100_os0.9_r3_uniform,100,33,0.901,3,uniform,hoffmann,euristica,feasible,170,163,0.042945,0.128,,,,"{""tried_cycle_times"": 8, ""node_limit"": 20000, ""node_limit_hits"": 0, ""node_limit_hits_total"": 0}",
n100_os0.9_r3_uniform_03,n100_os0.9_r3_uniform,100,33,0.901,3,uniform,gruppi,euristica,feasible,179,163,0.09816,0.167,,,,"{""tried_cycle_times"": 17, ""n_groups"": 36, ""n_leaves"": 5}",
n100_os0.9_r3_uniform_04,n100_os0.9_r3_uniform,100,33,0.9004,3,uniform,hoffmann,euristica,feasible,177,162,0.092593,0.161,,,,"{""tried_cycle_times"": 16, ""node_limit"": 20000, ""node_limit_hits"": 0, ""node_limit_hits_total"": 0}",
n100_os0.9_r3_uniform_04,n100_os0.9_r3_uniform,100,33,0.9004,3,uniform,gruppi,euristica,feasible,184,162,0.135802,0.161,,,,"{""tried_cycle_times"": 23, ""n_groups"": 41, ""n_leaves"": 3}",
n100_os0.9_r3_uniform_05,n100_os0.9_r3_uniform,100,33,0.9002,3,uniform,hoffmann,euristica,feasible,153,146,0.047945,0.127,,,,"{""tried_cycle_times"": 8, ""node_limit"": 20000, ""node_limit_hits"": 0, ""node_limit_hits_total"": 0}",
n100_os0.9_r3_uniform_05,n100_os0.9_r3_uniform,100,33,0.9002,3,uniform,gruppi,euristica,feasible,173,146,0.184932,0.156,,,,"{""tried_cycle_times"": 28, ""n_groups"": 34, ""n_leaves"": 2}",
n100_os0.9_r3_uniform_06,n100_os0.9_r3_uniform,100,33,0.9014,3,uniform,hoffmann,euristica,feasible,167,159,0.050314,0.132,,,,"{""tried_cycle_times"": 9, ""node_limit"": 20000, ""node_limit_hits"": 0, ""node_limit_hits_total"": 0}",
n100_os0.9_r3_uniform_06,n100_os0.9_r3_uniform,100,33,0.9014,3,uniform,gruppi,euristica,feasible,182,159,0.144654,0.167,,,,"{""tried_cycle_times"": 24, ""n_groups"": 39, ""n_leaves"": 4}",
n100_os0.9_r3_uniform_07,n100_os0.9_r3_uniform,100,33,0.9006,3,uniform,hoffmann,euristica,feasible,172,159,0.081761,0.152,,,,"{""tried_cycle_times"": 14, ""node_limit"": 20000, ""node_limit_hits"": 0, ""node_limit_hits_total"": 0}",
n100_os0.9_r3_uniform_07,n100_os0.9_r3_uniform,100,33,0.9006,3,uniform,gruppi,euristica,feasible,184,159,0.157233,0.162,,,,"{""tried_cycle_times"": 26, ""n_groups"": 36, ""n_leaves"": 4}",
n100_os0.9_r3_uniform_08,n100_os0.9_r3_uniform,100,33,0.901,3,uniform,hoffmann,euristica,feasible,176,166,0.060241,0.141,,,,"{""tried_cycle_times"": 11, ""node_limit"": 20000, ""node_limit_hits"": 0, ""node_limit_hits_total"": 0}",
n100_os0.9_r3_uniform_08,n100_os0.9_r3_uniform,100,33,0.901,3,uniform,gruppi,euristica,feasible,189,166,0.138554,0.156,,,,"{""tried_cycle_times"": 24, ""n_groups"": 40, ""n_leaves"": 2}",
n100_os0.9_r3_uniform_09,n100_os0.9_r3_uniform,100,33,0.9002,3,uniform,hoffmann,euristica,feasible,156,147,0.061224,0.139,,,,"{""tried_cycle_times"": 10, ""node_limit"": 20000, ""node_limit_hits"": 0, ""node_limit_hits_total"": 0}",
n100_os0.9_r3_uniform_09,n100_os0.9_r3_uniform,100,33,0.9002,3,uniform,gruppi,euristica,feasible,171,147,0.163265,0.162,,,,"{""tried_cycle_times"": 25, ""n_groups"": 42, ""n_leaves"": 2}",
n100_os0.9_r3_uniform_10,n100_os0.9_r3_uniform,100,33,0.9002,3,uniform,hoffmann,euristica,feasible,158,149,0.060403,0.137,,,,"{""tried_cycle_times"": 10, ""node_limit"": 20000, ""node_limit_hits"": 0, ""node_limit_hits_total"": 0}",
n100_os0.9_r3_uniform_10,n100_os0.9_r3_uniform,100,33,0.9002,3,uniform,gruppi,euristica,feasible,177,149,0.187919,0.192,,,,"{""tried_cycle_times"": 29, ""n_groups"": 36, ""n_leaves"": 3}",
n100_os0.9_r3_uniform_11,n100_os0.9_r3_uniform,100,33,0.9044,3,uniform,hoffmann,euristica,feasible,181,170,0.064706,0.141,,,,"{""tried_cycle_times"": 12, ""node_limit"": 20000, ""node_limit_hits"": 0, ""node_limit_hits_total"": 0}",
n100_os0.9_r3_uniform_11,n100_os0.9_r3_uniform,100,33,0.9044,3,uniform,gruppi,euristica,feasible,191,170,0.123529,0.156,,,,"{""tried_cycle_times"": 22, ""n_groups"": 42, ""n_leaves"": 2}",
n100_os0.9_r3_uniform_12,n100_os0.9_r3_uniform,100,33,0.9004,3,uniform,hoffmann,euristica,feasible,153,145,0.055172,0.136,,,,"{""tried_cycle_times"": 9, ""node_limit"": 20000, ""node_limit_hits"": 0, ""node_limit_hits_total"": 0}",
n100_os0.9_r3_uniform_12,n100_os0.9_r3_uniform,100,33,0.9004,3,uniform,gruppi,euristica,feasible,165,145,0.137931,0.15,,,,"{""tried_cycle_times"": 21, ""n_groups"": 38, ""n_leaves"": 3}",
n100_os0.9_r3_uniform_13,n100_os0.9_r3_uniform,100,33,0.9012,3,uniform,hoffmann,euristica,feasible,163,148,0.101351,0.156,,,,"{""tried_cycle_times"": 16, ""node_limit"": 20000, ""node_limit_hits"": 0, ""node_limit_hits_total"": 0}",
n100_os0.9_r3_uniform_13,n100_os0.9_r3_uniform,100,33,0.9012,3,uniform,gruppi,euristica,feasible,170,148,0.148649,0.164,,,,"{""tried_cycle_times"": 23, ""n_groups"": 38, ""n_leaves"": 4}",
n100_os0.9_r3_uniform_14,n100_os0.9_r3_uniform,100,33,0.9002,3,uniform,hoffmann,euristica,feasible,159,147,0.081633,0.155,,,,"{""tried_cycle_times"": 13, ""node_limit"": 20000, ""node_limit_hits"": 0, ""node_limit_hits_total"": 0}",
n100_os0.9_r3_uniform_14,n100_os0.9_r3_uniform,100,33,0.9002,3,uniform,gruppi,euristica,feasible,167,147,0.136054,0.155,,,,"{""tried_cycle_times"": 21, ""n_groups"": 38, ""n_leaves"": 3}",
n100_os0.9_r3_uniform_15,n100_os0.9_r3_uniform,100,33,0.9004,3,uniform,hoffmann,euristica,feasible,155,139,0.115108,0.167,,,,"{""tried_cycle_times"": 17, ""node_limit"": 20000, ""node_limit_hits"": 0, ""node_limit_hits_total"": 0}",
n100_os0.9_r3_uniform_15,n100_os0.9_r3_uniform,100,33,0.9004,3,uniform,gruppi,euristica,feasible,158,139,0.136691,0.149,,,,"{""tried_cycle_times"": 20, ""n_groups"": 39, ""n_leaves"": 4}",
n100_os0.9_r3_uniform_16,n100_os0.9_r3_uniform,100,33,0.9,3,uniform,hoffmann,euristica,feasible,171,162,0.055556,0.145,,,,"{""tried_cycle_times"": 10, ""node_limit"": 20000, ""node_limit_hits"": 0, ""node_limit_hits_total"": 0}",
n100_os0.9_r3_uniform_16,n100_os0.9_r3_uniform,100,33,0.9,3,uniform,gruppi,euristica,feasible,181,162,0.117284,0.147,,,,"{""tried_cycle_times"": 20, ""n_groups"": 33, ""n_leaves"": 4}",
n100_os0.9_r3_uniform_17,n100_os0.9_r3_uniform,100,33,0.9,3,uniform,hoffmann,euristica,feasible,155,147,0.054422,0.136,,,,"{""tried_cycle_times"": 9, ""node_limit"": 20000, ""node_limit_hits"": 0, ""node_limit_hits_total"": 0}",
n100_os0.9_r3_uniform_17,n100_os0.9_r3_uniform,100,33,0.9,3,uniform,gruppi,euristica,feasible,166,147,0.129252,0.173,,,,"{""tried_cycle_times"": 20, ""n_groups"": 39, ""n_leaves"": 1}",
n100_os0.9_r3_uniform_18,n100_os0.9_r3_uniform,100,33,0.9014,3,uniform,hoffmann,euristica,feasible,172,162,0.061728,0.162,,,,"{""tried_cycle_times"": 11, ""node_limit"": 20000, ""node_limit_hits"": 0, ""node_limit_hits_total"": 0}",
n100_os0.9_r3_uniform_18,n100_os0.9_r3_uniform,100,33,0.9014,3,uniform,gruppi,euristica,feasible,180,162,0.111111,0.154,,,,"{""tried_cycle_times"": 19, ""n_groups"": 39, ""n_leaves"": 2}",
n100_os0.9_r3_uniform_19,n100_os0.9_r3_uniform,100,33,0.9,3,uniform,hoffmann,euristica,feasible,170,154,0.103896,0.171,,,,"{""tried_cycle_times"": 17, ""node_limit"": 20000, ""node_limit_hits"": 0, ""node_limit_hits_total"": 0}",
n100_os0.9_r3_uniform_19,n100_os0.9_r3_uniform,100,33,0.9,3,uniform,gruppi,euristica,feasible,173,154,0.123377,0.164,,,,"{""tried_cycle_times"": 20, ""n_groups"": 35, ""n_leaves"": 6}",
n100_os0.9_r3_uniform_20,n100_os0.9_r3_uniform,100,33,0.902,3,uniform,hoffmann,euristica,feasible,157,145,0.082759,0.153,,,,"{""tried_cycle_times"": 13, ""node_limit"": 20000, ""node_limit_hits"": 0, ""node_limit_hits_total"": 0}",
n100_os0.9_r3_uniform_20,n100_os0.9_r3_uniform,100,33,0.902,3,uniform,gruppi,euristica,feasible,165,145,0.137931,0.155,,,,"{""tried_cycle_times"": 21, ""n_groups"": 37, ""n_leaves"": 2}",
n100_os0.9_r3_uniform_21,n100_os0.9_r3_uniform,100,33,0.9004,3,uniform,hoffmann,euristica,feasible,160,148,0.081081,0.144,,,,"{""tried_cycle_times"": 13, ""node_limit"": 20000, ""node_limit_hits"": 0, ""node_limit_hits_total"": 0}",
n100_os0.9_r3_uniform_21,n100_os0.9_r3_uniform,100,33,0.9004,3,uniform,gruppi,euristica,feasible,167,148,0.128378,0.147,,,,"{""tried_cycle_times"": 20, ""n_groups"": 40, ""n_leaves"": 3}",
n100_os0.9_r3_uniform_22,n100_os0.9_r3_uniform,100,33,0.9002,3,uniform,hoffmann,euristica,feasible,167,149,0.120805,0.178,,,,"{""tried_cycle_times"": 19, ""node_limit"": 20000, ""node_limit_hits"": 0, ""node_limit_hits_total"": 0}",
n100_os0.9_r3_uniform_22,n100_os0.9_r3_uniform,100,33,0.9002,3,uniform,gruppi,euristica,feasible,176,149,0.181208,0.166,,,,"{""tried_cycle_times"": 28, ""n_groups"": 45, ""n_leaves"": 1}",
n100_os0.9_r3_uniform_23,n100_os0.9_r3_uniform,100,33,0.9032,3,uniform,hoffmann,euristica,feasible,176,169,0.04142,0.128,,,,"{""tried_cycle_times"": 8, ""node_limit"": 20000, ""node_limit_hits"": 0, ""node_limit_hits_total"": 0}",
n100_os0.9_r3_uniform_23,n100_os0.9_r3_uniform,100,33,0.9032,3,uniform,gruppi,euristica,feasible,193,169,0.142012,0.162,,,,"{""tried_cycle_times"": 25, ""n_groups"": 38, ""n_leaves"": 6}",
n100_os0.9_r3_uniform_24,n100_os0.9_r3_uniform,100,33,0.9,3,uniform,hoffmann,euristica,feasible,154,142,0.084507,0.17,,,,"{""tried_cycle_times"": 13, ""node_limit"": 20000, ""node_limit_hits"": 0, ""node_limit_hits_total"": 0}",
n100_os0.9_r3_uniform_24,n100_os0.9_r3_uniform,100,33,0.9,3,uniform,gruppi,euristica,feasible,166,142,0.169014,0.162,,,,"{""tried_cycle_times"": 25, ""n_groups"": 33, ""n_leaves"": 3}",
n100_os0.9_r6_uniform_00,n100_os0.9_r6_uniform,100,17,0.9016,6,uniform,hoffmann,euristica,feasible,281,275,0.021818,0.138,,,,"{""tried_cycle_times"": 7, ""node_limit"": 20000, ""node_limit_hits"": 0, ""node_limit_hits_total"": 0}",
n100_os0.9_r6_uniform_00,n100_os0.9_r6_uniform,100,17,0.9016,6,uniform,gruppi,euristica,feasible,290,275,0.054545,0.131,,,,"{""tried_cycle_times"": 16, ""n_groups"": 37, ""n_leaves"": 6}",
n100_os0.9_r6_uniform_01,n100_os0.9_r6_uniform,100,17,0.9008,6,uniform,hoffmann,euristica,feasible,270,266,0.015038,0.133,,,,"{""tried_cycle_times"": 5, ""node_limit"": 20000, ""node_limit_hits"": 0, ""node_limit_hits_total"": 0}",
n100_os0.9_r6_uniform_01,n100_os0.9_r6_uniform,100,17,0.9008,6,uniform,gruppi,euristica,feasible,283,266,0.06391,0.132,,,,"{""tried_cycle_times"": 18, ""n_groups"": 42, ""n_leaves"": 1}",
n100_os0.9_r6_uniform_02,n100_os0.9_r6_uniform,100,17,0.903,6,uniform,hoffmann,euristica,feasible,284,278,0.021583,0.15,,,,"{""tried_cycle_times"": 7, ""node_limit"": 20000, ""node_limit_hits"": 0, ""node_limit_hits_total"": 0}",
n100_os0.9_r6_uniform_02,n100_os0.9_r6_uniform,100,17,0.903,6,uniform,gruppi,euristica,feasible,304,278,0.093525,0.147,,,,"{""tried_cycle_times"": 27, ""n_groups"": 38, ""n_leaves"": 4}",
n100_os0.9_r6_uniform_03,n100_os0.9_r6_uniform,100,17,0.9008,6,uniform,hoffmann,euristica,feasible,315,312,0.009615,0.126,,,,"{""tried_cycle_times"": 4, ""node_limit"": 20000, ""node_limit_hits"": 0, ""node_limit_hits_total"": 0}",
n100_os0.9_r6_uniform_03,n100_os0.9_r6_uniform,100,17,0.9008,6,uniform,gruppi,euristica,feasible,327,312,0.048077,0.131,,,,"{""tried_cycle_times"": 16, ""n_groups"": 43, ""n_leaves"": 4}",
n100_os0.9_r6_uniform_04,n100_os0.9_r6_uniform,100,17,0.9024,6,uniform,hoffmann,euristica,feasible,337,327,0.030581,0.197,,,,"{""tried_cycle_times"": 11, ""node_limit"": 20000, ""node_limit_hits"": 0, ""node_limit_hits_total"": 0}",
n100_os0.9_r6_uniform_04,n100_os0.9_r6_uniform,100,17,0.9024,6,uniform,gruppi,euristica,feasible,347,327,0.061162,0.139,,,,"{""tried_cycle_times"": 21, ""n_groups"": 41, ""n_leaves"": 4}",
n100_os0.9_r6_uniform_05,n100_os0.9_r6_uniform,100,17,0.9002,6,uniform,hoffmann,euristica,feasible,298,295,0.010169,0.13,,,,"{""tried_cycle_times"": 4, ""node_limit"": 20000, ""node_limit_hits"": 0, ""node_limit_hits_total"": 0}",
n100_os0.9_r6_uniform_05,n100_os0.9_r6_uniform,100,17,0.9002,6,uniform,gruppi,euristica,feasible,309,295,0.047458,0.162,,,,"{""tried_cycle_times"": 15, ""n_groups"": 36, ""n_leaves"": 2}",
n100_os0.9_r6_uniform_06,n100_os0.9_r6_uniform,100,17,0.9004,6,uniform,hoffmann,euristica,feasible,314,309,0.016181,0.144,,,,"{""tried_cycle_times"": 6, ""node_limit"": 20000, ""node_limit_hits"": 0, ""node_limit_hits_total"": 0}",
n100_os0.9_r6_uniform_06,n100_os0.9_r6_uniform,100,17,0.9004,6,uniform,gruppi,euristica,feasible,336,309,0.087379,0.17,,,,"{""tried_cycle_times"": 28, ""n_groups"": 40, ""n_leaves"": 2}",
n100_os0.9_r6_uniform_07,n100_os0.9_r6_uniform,100,17,0.901,6,uniform,hoffmann,euristica,feasible,287,283,0.014134,0.14,,,,"{""tried_cycle_times"": 5, ""node_limit"": 20000, ""node_limit_hits"": 0, ""node_limit_hits_total"": 0}",
n100_os0.9_r6_uniform_07,n100_os0.9_r6_uniform,100,17,0.901,6,uniform,gruppi,euristica,feasible,296,283,0.045936,0.128,,,,"{""tried_cycle_times"": 14, ""n_groups"": 43, ""n_leaves"": 4}",
n100_os0.9_r6_uniform_08,n100_os0.9_r6_uniform,100,17,0.9004,6,uniform,hoffmann,euristica,feasible,292,285,0.024561,0.163,,,,"{""tried_cycle_times"": 8, ""node_limit"": 20000, ""node_limit_hits"": 0, ""node_limit_hits_total"": 0}",
n100_os0.9_r6_uniform_08,n100_os0.9_r6_uniform,100,17,0.9004,6,uniform,gruppi,euristica,feasible,305,285,0.070175,0.144,,,,"{""tried_cycle_times"": 21, ""n_groups"": 40, ""n_leaves"": 6}",
n100_os0.9_r6_uniform_09,n100_os0.9_r6_uniform,100,17,0.9012,6,uniform,hoffmann,euristica,feasible,319,313,0.019169,0.164,,,,"{""tried_cycle_times"": 7, ""node_limit"": 20000, ""node_limit_hits"": 0, ""node_limit_hits_total"": 0}",
n100_os0.9_r6_uniform_09,n100_os0.9_r6_uniform,100,17,0.9012,6,uniform,gruppi,euristica,feasible,332,313,0.060703,0.138,,,,"{""tried_cycle_times"": 20, ""n_groups"": 37, ""n_leaves"": 5}",
n100_os0.9_r6_uniform_10,n100_os0.9_r6_uniform,100,17,0.9002,6,uniform,hoffmann,euristica,feasible,328,321,0.021807,0.18,,,,"{""tried_cycle_times"": 8, ""node_limit"": 20000, ""node_limit_hits"": 0, ""node_limit_hits_total"": 0}",
n100_os0.9_r6_uniform_10,n100_os0.9_r6_uniform,100,17,0.9002,6,uniform,gruppi,euristica,feasible,337,321,0.049844,0.131,,,,"{""tried_cycle_times"": 17, ""n_groups"": 43, ""n_leaves"": 3}",
n100_os0.9_r6_uniform_11,n100_os0.9_r6_uniform,100,17,0.9002,6,uniform,hoffmann,euristica,feasible,326,321,0.015576,0.149,,,,"{""tried_cycle_times"": 6, ""node_limit"": 20000, ""node_limit_hits"": 0, ""node_limit_hits_total"": 0}",
n100_os0.9_r6_uniform_11,n100_os0.9_r6_uniform,100,17,0.9002,6,uniform,gruppi,euristica,feasible,348,321,0.084112,0.156,,,,"{""tried_cycle_times"": 28, ""n_groups"": 41, ""n_leaves"": 4}",
n100_os0.9_r6_uniform_12,n100_os0.9_r6_uniform,100,17,0.9006,6,uniform,hoffmann,euristica,feasible,316,313,0.009585,0.126,,,,"{""tried_cycle_times"": 4, ""node_limit"": 20000, ""node_limit_hits"": 0, ""node_limit_hits_total"": 0}",
n100_os0.9_r6_uniform_12,n100_os0.9_r6_uniform,100,17,0.9006,6,uniform,gruppi,euristica,feasible,333,313,0.063898,0.139,,,,"{""tried_cycle_times"": 21, ""n_groups"": 40, ""n_leaves"": 4}",
n100_os0.9_r6_uniform_13,n100_os0.9_r6_uniform,100,17,0.9002,6,uniform,hoffmann,euristica,feasible,301,298,0.010067,0.139,,,,"{""tried_cycle_times"": 4, ""node_limit"": 20000, ""node_limit_hits"": 0, ""node_limit_hits_total"": 0}",
n100_os0.9_r6_uniform_13,n100_os0.9_r6_uniform,100,17,0.9002,6,uniform,gruppi,euristica,feasible,321,298,0.077181,0.17,,,,"{""tried_cycle_times"": 24, ""n_groups"": 39, ""n_leaves"": 4}",
n100_os0.9_r6_uniform_14,n100_os0.9_r6_uniform,100,17,0.9004,6,uniform,hoffmann,euristica,feasible,284,279,0.017921,0.145,,,,"{""tried_cycle_times"": 6, ""node_limit"": 20000, ""node_limit_hits"": 0, ""node_limit_hits_total"": 0}",
n100_os0.9_r6_uniform_14,n100_os0.9_r6_uniform,100,17,0.9004,6,uniform,gruppi,euristica,feasible,296,279,0.060932,0.14,,,,"{""tried_cycle_times"": 18, ""n_groups"": 39, ""n_leaves"": 4}",
n100_os0.9_r6_uniform_15,n100_os0.9_r6_uniform,100,17,0.9,6,uniform,hoffmann,euristica,feasible,286,279,0.02509,0.166,,,,"{""tried_cycle_times"": 8, ""node_limit"": 20000, ""node_limit_hits"": 0, ""node_limit_hits_total"": 0}",
n100_os0.9_r6_uniform_15,n100_os0.9_r6_uniform,100,17,0.9,6,uniform,gruppi,euristica,feasible,299,279,0.071685,0.141,,,,"{""tried_cycle_times"": 21, ""n_groups"": 36, ""n_leaves"": 4}",
n100_os0.9_r6_uniform_16,n100_os0.9_r6_uniform,100,17,0.9004,6,uniform,hoffmann,euristica,feasible,310,306,0.013072,0.138,,,,"{""tried_cycle_times"": 5, ""node_limit"": 20000, ""node_limit_hits"": 0, ""node_limit_hits_total"": 0}",
n100_os0.9_r6_uniform_16,n100_os0.9_r6_uniform,100,17,0.9004,6,uniform,gruppi,euristica,feasible,323,306,0.055556,0.133,,,,"{""tried_cycle_times"": 18, ""n_groups"": 41, ""n_leaves"": 3}",
n100_os0.9_r6_uniform_17,n100_os0.9_r6_uniform,100,17,0.9008,6,uniform,hoffmann,euristica,feasible,304,300,0.013333,0.141,,,,"{""tried_cycle_times"": 5, ""node_limit"": 20000, ""node_limit_hits"": 0, ""node_limit_hits_total"": 0}",
n100_os0.9_r6_uniform_17,n100_os0.9_r6_uniform,100,17,0.9008,6,uniform,gruppi,euristica,feasible,317,300,0.056667,0.132,,,,"{""tried_cycle_times"": 18, ""n_groups"": 39, ""n_leaves"": 3}",
n100_os0.9_r6_uniform_18,n100_os0.9_r6_uniform,100,17,0.9002,6,uniform,hoffmann,euristica,feasible,309,307,0.006515,0.119,,,,"{""tried_cycle_times"": 3, ""node_limit"": 20000, ""node_limit_hits"": 0, ""node_limit_hits_total"": 0}",
n100_os0.9_r6_uniform_18,n100_os0.9_r6_uniform,100,17,0.9002,6,uniform,gruppi,euristica,feasible,326,307,0.061889,0.139,,,,"{""tried_cycle_times"": 20, ""n_groups"": 43, ""n_leaves"": 3}",
n100_os0.9_r6_uniform_19,n100_os0.9_r6_uniform,100,17,0.9014,6,uniform,hoffmann,euristica,feasible,303,297,0.020202,0.141,,,,"{""tried_cycle_times"": 7, ""node_limit"": 20000, ""node_limit_hits"": 0, ""node_limit_hits_total"": 0}",
n100_os0.9_r6_uniform_19,n100_os0.9_r6_uniform,100,17,0.9014,6,uniform,gruppi,euristica,feasible,319,297,0.074074,0.139,,,,"{""tried_cycle_times"": 23, ""n_groups"": 41, ""n_leaves"": 3}",
n100_os0.9_r6_uniform_20,n100_os0.9_r6_uniform,100,17,0.9014,6,uniform,hoffmann,euristica,feasible,298,295,0.010169,0.148,,,,"{""tried_cycle_times"": 4, ""node_limit"": 20000, ""node_limit_hits"": 0, ""node_limit_hits_total"": 0}",
n100_os0.9_r6_uniform_20,n100_os0.9_r6_uniform,100,17,0.9014,6,uniform,gruppi,euristica,feasible,314,295,0.064407,0.14,,,,"{""tried_cycle_times"": 20, ""n_groups"": 40, ""n_leaves"": 5}",
n100_os0.9_r6_uniform_21,n100_os0.9_r6_uniform,100,17,0.9002,6,uniform,hoffmann,euristica,feasible,294,290,0.013793,0.138,,,,"{""tried_cycle_times"": 5, ""node_limit"": 20000, ""node_limit_hits"": 0, ""node_limit_hits_total"": 0}",
n100_os0.9_r6_uniform_21,n100_os0.9_r6_uniform,100,17,0.9002,6,uniform,gruppi,euristica,feasible,312,290,0.075862,0.144,,,,"{""tried_cycle_times"": 23, ""n_groups"": 38, ""n_leaves"": 4}",
n100_os0.9_r6_uniform_22,n100_os0.9_r6_uniform,100,17,0.9004,6,uniform,hoffmann,euristica,feasible,302,295,0.023729,0.162,,,,"{""tried_cycle_times"": 8, ""node_limit"": 20000, ""node_limit_hits"": 0, ""node_limit_hits_total"": 0}",
n100_os0.9_r6_uniform_22,n100_os0.9_r6_uniform,100,17,0.9004,6,uniform,gruppi,euristica,feasible,314,295,0.064407,0.14,,,,"{""tried_cycle_times"": 20, ""n_groups"": 41, ""n_leaves"": 5}",
n100_os0.9_r6_uniform_23,n100_os0.9_r6_uniform,100,17,0.9006,6,uniform,hoffmann,euristica,feasible,312,306,0.019608,0.155,,,,"{""tried_cycle_times"": 7, ""node_limit"": 20000, ""node_limit_hits"": 0, ""node_limit_hits_total"": 0}",
n100_os0.9_r6_uniform_23,n100_os0.9_r6_uniform,100,17,0.9006,6,uniform,gruppi,euristica,feasible,322,306,0.052288,0.134,,,,"{""tried_cycle_times"": 17, ""n_groups"": 38, ""n_leaves"": 3}",
n100_os0.9_r6_uniform_24,n100_os0.9_r6_uniform,100,17,0.9,6,uniform,hoffmann,euristica,feasible,314,307,0.022801,0.16,,,,"{""tried_cycle_times"": 8, ""node_limit"": 20000, ""node_limit_hits"": 0, ""node_limit_hits_total"": 0}",
n100_os0.9_r6_uniform_24,n100_os0.9_r6_uniform,100,17,0.9,6,uniform,gruppi,euristica,feasible,329,307,0.071661,0.133,,,,"{""tried_cycle_times"": 23, ""n_groups"": 40, ""n_leaves"": 3}",
n100_os0.9_r10_uniform_00,n100_os0.9_r10_uniform,100,10,0.9,10,uniform,hoffmann,euristica,feasible,482,478,0.008368,0.154,,,,"{""tried_cycle_times"": 5, ""node_limit"": 20000, ""node_limit_hits"": 0, ""node_limit_hits_total"": 0}",
n100_os0.9_r10_uniform_00,n100_os0.9_r10_uniform,100,10,0.9,10,uniform,gruppi,euristica,feasible,501,478,0.048117,0.139,,,,"{""tried_cycle_times"": 24, ""n_groups"": 37, ""n_leaves"": 3}",
n100_os0.9_r10_uniform_01,n100_os0.9_r10_uniform,100,10,0.901,10,uniform,hoffmann,euristica,feasible,495,494,0.002024,0.115,,,,"{""tried_cycle_times"": 2, ""node_limit"": 20000, ""node_limit_hits"": 0, ""node_limit_hits_total"": 0}",
n100_os0.9_r10_uniform_01,n100_os0.9_r10_uniform,100,10,0.901,10,uniform,gruppi,euristica,feasible,506,494,0.024291,0.123,,,,"{""tried_cycle_times"": 13, ""n_groups"": 37, ""n_leaves"": 4}",
n100_os0.9_r10_uniform_02,n100_os0.9_r10_uniform,100,10,0.9002,10,uniform,hoffmann,euristica,feasible,522,512,0.019531,0.296,,,,"{""tried_cycle_times"": 11, ""node_limit"": 20000, ""node_limit_hits"": 0, ""node_limit_hits_total"": 0}",
n100_os0.9_r10_uniform_02,n100_os0.9_r10_uniform,100,10,0.9002,10,uniform,gruppi,euristica,feasible,537,512,0.048828,0.136,,,,"{""tried_cycle_times"": 26, ""n_groups"": 36, ""n_leaves"": 4}",
n100_os0.9_r10_uniform_03,n100_os0.9_r10_uniform,100,10,0.9,10,uniform,hoffmann,euristica,feasible,505,502,0.005976,0.138,,,,"{""tried_cycle_times"": 4, ""node_limit"": 20000, ""node_limit_hits"": 0, ""node_limit_hits_total"": 0}",
n100_os0.9_r10_uniform_03,n100_os0.9_r10_uniform,100,10,0.9,10,uniform,gruppi,euristica,feasible,517,502,0.02988,0.123,,,,"{""tried_cycle_times"": 16, ""n_groups"": 40, ""n_leaves"": 5}",
n100_os0.9_r10_uniform_04,n100_os0.9_r10_uniform,100,10,0.9002,10,uniform,hoffmann,euristica,feasible,498,497,0.002012,0.114,,,,"{""tried_cycle_times"": 2, ""node_limit"": 20000, ""node_limit_hits"": 0, ""node_limit_hits_total"": 0}",
n100_os0.9_r10_uniform_04,n100_os0.9_r10_uniform,100,10,0.9002,10,uniform,gruppi,euristica,feasible,513,497,0.032193,0.123,,,,"{""tried_cycle_times"": 17, ""n_groups"": 39, ""n_leaves"": 2}",
n100_os0.9_r10_uniform_05,n100_os0.9_r10_uniform,100,10,0.9004,10,uniform,hoffmann,euristica,feasible,522,520,0.003846,0.133,,,,"{""tried_cycle_times"": 3, ""node_limit"": 20000, ""node_limit_hits"": 0, ""node_limit_hits_total"": 0}",
n100_os0.9_r10_uniform_05,n100_os0.9_r10_uniform,100,10,0.9004,10,uniform,gruppi,euristica,feasible,534,520,0.026923,0.131,,,,"{""tried_cycle_times"": 15, ""n_groups"": 38, ""n_leaves"": 4}",
n100_os0.9_r10_uniform_06,n100_os0.9_r10_uniform,100,10,0.901,10,uniform,hoffmann,euristica,feasible,495,493,0.004057,0.133,,,,"{""tried_cycle_times"": 3, ""node_limit"": 20000, ""node_limit_hits"": 0, ""node_limit_hits_total"": 0}",
n100_os0.9_r10_uniform_06,n100_os0.9_r10_uniform,100,10,0.901,10,uniform,gruppi,euristica,feasible,503,493,0.020284,0.119,,,,"{""tried_cycle_times"": 11, ""n_groups"": 43, ""n_leaves"": 4}",
n100_os0.9_r10_uniform_07,n100_os0.9_r10_uniform,100,10,0.9,10,uniform,hoffmann,euristica,feasible,522,521,0.001919,0.116,,,,"{""tried_cycle_times"": 2, ""node_limit"": 20000, ""node_limit_hits"": 0, ""node_limit_hits_total"": 0}",
n100_os0.9_r10_uniform_07,n100_os0.9_r10_uniform,100,10,0.9,10,uniform,gruppi,euristica,feasible,543,521,0.042226,0.139,,,,"{""tried_cycle_times"": 23, ""n_groups"": 42, ""n_leaves"": 4}",
n100_os0.9_r10_uniform_08,n100_os0.9_r10_uniform,100,10,0.9002,10,uniform,hoffmann,euristica,feasible,475,473,0.004228,0.173,,,,"{""tried_cycle_times"": 3, ""node_limit"": 20000, ""node_limit_hits"": 0, ""node_limit_hits_total"": 0}",
n100_os0.9_r10_uniform_08,n100_os0.9_r10_uniform,100,10,0.9002,10,uniform,gruppi,euristica,feasible,498,473,0.052854,0.138,,,,"{""tried_cycle_times"": 26, ""n_groups"": 38, ""n_leaves"": 3}",
n100_os0.9_r10_uniform_09,n100_os0.9_r10_uniform,100,10,0.9002,10,uniform,hoffmann,euristica,feasible,499,497,0.004024,0.155,,,,"{""tried_cycle_times"": 3, ""node_limit"": 20000, ""node_limit_hits"": 0, ""node_limit_hits_total"": 0}",
n100_os0.9_r10_uniform_09,n100_os0.9_r10_uniform,100,10,0.9002,10,uniform,gruppi,euristica,feasible,511,497,0.028169,0.122,,,,"{""tried_cycle_times"": 15, ""n_groups"": 37, ""n_leaves"": 2}",
n100_os0.9_r10_uniform_10,n100_os0.9_r10_uniform,100,10,0.9002,10,uniform,hoffmann,euristica,optimal,484,484,0.0,0.11,,,,"{""tried_cycle_times"": 1, ""node_limit"": 20000, ""node_limit_hits"": 0, ""node_limit_hits_total"": 0}",
n100_os0.9_r10_uniform_10,n100_os0.9_r10_uniform,100,10,0.9002,10,uniform,gruppi,euristica,feasible,500,484,0.033058,0.157,,,,"{""tried_cycle_times"": 17, ""n_groups"": 39, ""n_leaves"": 3}",
n100_os0.9_r10_uniform_11,n100_os0.9_r10_uniform,100,10,0.9,10,uniform,hoffmann,euristica,feasible,609,601,0.013311,0.206,,,,"{""tried_cycle_times"": 9, ""node_limit"": 20000, ""node_limit_hits"": 0, ""node_limit_hits_total"": 0}",
n100_os0.9_r10_uniform_11,n100_os0.9_r10_uniform,100,10,0.9,10,uniform,gruppi,euristica,feasible,632,601,0.051581,0.143,,,,"{""tried_cycle_times"": 32, ""n_groups"": 40, ""n_leaves"": 4}",
n100_os0.9_r10_uniform_12,n100_os0.9_r10_uniform,100,10,0.9,10,uniform,hoffmann,euristica,feasible,510,508,0.003937,0.147,,,,"{""tried_cycle_times"": 3, ""node_limit"": 20000, ""node_limit_hits"": 0, ""node_limit_hits_total"": 0}",
n100_os0.9_r10_uniform_12,n100_os0.9_r10_uniform,100,10,0.9,10,uniform,gruppi,euristica,feasible,530,508,0.043307,0.134,,,,"{""tried_cycle_times"": 23, ""n_groups"": 36, ""n_leaves"": 4}",
n100_os0.9_r10_uniform_13,n100_os0.9_r10_uniform,100,10,0.904,10,uniform,hoffmann,euristica,feasible,498,495,0.006061,0.162,,,,"{""tried_cycle_times"": 4, ""node_limit"": 20000, ""node_limit_hits"": 0, ""node_limit_hits_total"": 0}",
n100_os0.9_r10_uniform_13,n100_os0.9_r10_uniform,100,10,0.904,10,uniform,gruppi,euristica,feasible,514,495,0.038384,0.134,,,,"{""tried_cycle_times"": 20, ""n_groups"": 35, ""n_leaves"": 6}",
n100_os0.9_r10_uniform_14,n100_os0.9_r10_uniform,100,10,0.9006,10,uniform,hoffmann,euristica,feasible,505,500,0.01,0.194,,,,"{""tried_cycle_times"": 6, ""node_limit"": 20000, ""node_limit_hits"": 0, ""node_limit_hits_total"": 0}",
n100_os0.9_r10_uniform_14,n100_os0.9_r10_uniform,100,10,0.9006,10,uniform,gruppi,euristica,feasible,515,500,0.03,0.128,,,,"{""tried_cycle_times"": 16, ""n_groups"": 43, ""n_leaves"": 3}",
n100_os0.9_r10_uniform_15,n100_os0.9_r10_uniform,100,10,0.9002,10,uniform,hoffmann,euristica,feasible,459,456,0.006579,0.144,,,,"{""tried_cycle_times"": 4, ""node_limit"": 20000, ""node_limit_hits"": 0, ""node_limit_hits_total"": 0}",
n100_os0.9_r10_uniform_15,n100_os0.9_r10_uniform,100,10,0.9002,10,uniform,gruppi,euristica,feasible,486,456,0.065789,0.164,,,,"{""tried_cycle_times"": 31, ""n_groups"": 38, ""n_leaves"": 1}",
n100_os0.9_r10_uniform_16,n100_os0.9_r10_uniform,100,10,0.9004,10,uniform,hoffmann,euristica,feasible,462,461,0.002169,0.111,,,,"{""tried_cycle_times"": 2, ""node_limit"": 20000, ""node_limit_hits"": 0, ""node_limit_hits_total"": 0}",
n100_os0.9_r10_uniform_16,n100_os0.9_r10_uniform,100,10,0.9004,10,uniform,gruppi,euristica,feasible,476,461,0.032538,0.127,,,,"{""tried_cycle_times"": 16, ""n_groups"": 41, ""n_leaves"": 5}",
n100_os0.9_r10_uniform_17,n100_os0.9_r10_uniform,100,10,0.9004,10,uniform,hoffmann,euristica,feasible,525,523,0.003824,0.151,,,,"{""tried_cycle_times"": 3, ""node_limit"": 20000, ""node_limit_hits"": 0, ""node_limit_hits_total"": 0}",
n100_os0.9_r10_uniform_17,n100_os0.9_r10_uniform,100,10,0.9004,10,uniform,gruppi,euristica,feasible,539,523,0.030593,0.129,,,,"{""tried_cycle_times"": 17, ""n_groups"": 37, ""n_leaves"": 3}",
n100_os0.9_r10_uniform_18,n100_os0.9_r10_uniform,100,10,0.9014,10,uniform,hoffmann,euristica,feasible,527,525,0.00381,0.135,,,,"{""tried_cycle_times"": 3, ""node_limit"": 20000, ""node_limit_hits"": 0, ""node_limit_hits_total"": 0}",
n100_os0.9_r10_uniform_18,n100_os0.9_r10_uniform,100,10,0.9014,10,uniform,gruppi,euristica,feasible,539,525,0.026667,0.127,,,,"{""tried_cycle_times"": 15, ""n_groups"": 43, ""n_leaves"": 4}",
n100_os0.9_r10_uniform_19,n100_os0.9_r10_uniform,100,10,0.9002,10,uniform,hoffmann,euristica,feasible,527,525,0.00381,0.129,,,,"{""tried_cycle_times"": 3, ""node_limit"": 20000, ""node_limit_hits"": 0, ""node_limit_hits_total"": 0}",
n100_os0.9_r10_uniform_19,n100_os0.9_r10_uniform,100,10,0.9002,10,uniform,gruppi,euristica,feasible,545,525,0.038095,0.129,,,,"{""tried_cycle_times"": 21, ""n_groups"": 36, ""n_leaves"": 4}",
n100_os0.9_r10_uniform_20,n100_os0.9_r10_uniform,100,10,0.9016,10,uniform,hoffmann,euristica,feasible,516,514,0.003891,0.144,,,,"{""tried_cycle_times"": 3, ""node_limit"": 20000, ""node_limit_hits"": 0, ""node_limit_hits_total"": 0}",
n100_os0.9_r10_uniform_20,n100_os0.9_r10_uniform,100,10,0.9016,10,uniform,gruppi,euristica,feasible,531,514,0.033074,0.128,,,,"{""tried_cycle_times"": 18, ""n_groups"": 38, ""n_leaves"": 5}",
n100_os0.9_r10_uniform_21,n100_os0.9_r10_uniform,100,10,0.9002,10,uniform,hoffmann,euristica,feasible,529,524,0.009542,0.178,,,,"{""tried_cycle_times"": 6, ""node_limit"": 20000, ""node_limit_hits"": 0, ""node_limit_hits_total"": 0}",
n100_os0.9_r10_uniform_21,n100_os0.9_r10_uniform,100,10,0.9002,10,uniform,gruppi,euristica,feasible,542,524,0.034351,0.125,,,,"{""tried_cycle_times"": 19, ""n_groups"": 38, ""n_leaves"": 3}",
n100_os0.9_r10_uniform_22,n100_os0.9_r10_uniform,100,10,0.9014,10,uniform,hoffmann,euristica,feasible,509,507,0.003945,0.133,,,,"{""tried_cycle_times"": 3, ""node_limit"": 20000, ""node_limit_hits"": 0, ""node_limit_hits_total"": 0}",
n100_os0.9_r10_uniform_22,n100_os0.9_r10_uniform,100,10,0.9014,10,uniform,gruppi,euristica,feasible,532,507,0.04931,0.165,,,,"{""tried_cycle_times"": 26, ""n_groups"": 40, ""n_leaves"": 5}",
n100_os0.9_r10_uniform_23,n100_os0.9_r10_uniform,100,10,0.9,10,uniform,hoffmann,euristica,feasible,549,548,0.001825,0.132,,,,"{""tried_cycle_times"": 2, ""node_limit"": 20000, ""node_limit_hits"": 0, ""node_limit_hits_total"": 0}",
n100_os0.9_r10_uniform_23,n100_os0.9_r10_uniform,100,10,0.9,10,uniform,gruppi,euristica,feasible,568,548,0.036496,0.135,,,,"{""tried_cycle_times"": 21, ""n_groups"": 41, ""n_leaves"": 5}",
n100_os0.9_r10_uniform_24,n100_os0.9_r10_uniform,100,10,0.9,10,uniform,hoffmann,euristica,feasible,562,559,0.005367,0.148,,,,"{""tried_cycle_times"": 4, ""node_limit"": 20000, ""node_limit_hits"": 0, ""node_limit_hits_total"": 0}",
n100_os0.9_r10_uniform_24,n100_os0.9_r10_uniform,100,10,0.9,10,uniform,gruppi,euristica,feasible,575,559,0.028623,0.124,,,,"{""tried_cycle_times"": 17, ""n_groups"": 38, ""n_leaves"": 2}",
n200_os0.2_r3_uniform_00,n200_os0.2_r3_uniform,200,67,0.2079,3,uniform,hoffmann,euristica,feasible,161,159,0.012579,0.15,,,,"{""tried_cycle_times"": 3, ""node_limit"": 20000, ""node_limit_hits"": 0, ""node_limit_hits_total"": 0}",
n200_os0.2_r3_uniform_00,n200_os0.2_r3_uniform,200,67,0.2079,3,uniform,gruppi,euristica,feasible,167,159,0.050314,0.181,,,,"{""tried_cycle_times"": 9, ""n_groups"": 79, ""n_leaves"": 35}",
n200_os0.2_r3_uniform_01,n200_os0.2_r3_uniform,200,67,0.2003,3,uniform,hoffmann,euristica,optimal,144,144,0.0,0.092,,,,"{""tried_cycle_times"": 1, ""node_limit"": 20000, ""node_limit_hits"": 0, ""node_limit_hits_total"": 0}",
n200_os0.2_r3_uniform_01,n200_os0.2_r3_uniform,200,67,0.2003,3,uniform,gruppi,euristica,feasible,151,144,0.048611,0.166,,,,"{""tried_cycle_times"": 8, ""n_groups"": 79, ""n_leaves"": 40}",
n200_os0.2_r3_uniform_02,n200_os0.2_r3_uniform,200,67,0.2014,3,uniform,hoffmann,euristica,optimal,151,151,0.0,0.096,,,,"{""tried_cycle_times"": 1, ""node_limit"": 20000, ""node_limit_hits"": 0, ""node_limit_hits_total"": 0}",
n200_os0.2_r3_uniform_02,n200_os0.2_r3_uniform,200,67,0.2014,3,uniform,gruppi,euristica,feasible,159,151,0.05298,0.179,,,,"{""tried_cycle_times"": 9, ""n_groups"": 77, ""n_leaves"": 35}",
n200_os0.2_r3_uniform_03,n200_os0.2_r3_uniform,200,67,0.2003,3,uniform,hoffmann,euristica,feasible,153,152,0.006579,0.131,,,,"{""tried_cycle_times"": 2, ""node_limit"": 20000, ""node_limit_hits"": 0, ""node_limit_hits_total"": 0}",
n200_os0.2_r3_uniform_03,n200_os0.2_r3_uniform,200,67,0.2003,3,uniform,gruppi,euristica,feasible,159,152,0.046053,0.185,,,,"{""tried_cycle_times"": 8, ""n_groups"": 78, ""n_leaves"": 49}",
n200_os0.2_r3_uniform_04,n200_os0.2_r3_uniform,200,67,0.2017,3,uniform,hoffmann,euristica,feasible,146,145,0.006897,0.124,,,,"{""tried_cycle_times"": 2, ""node_limit"": 20000, ""node_limit_hits"": 0, ""node_limit_hits_total"": 0}",
n200_os0.2_r3_uniform_04,n200_os0.2_r3_uniform,200,67,0.2017,3,uniform,gruppi,euristica,feasible,150,145,0.034483,0.171,,,,"{""tried_cycle_times"": 6, ""n_groups"": 80, ""n_leaves"": 35}",
n200_os0.2_r3_uniform_05,n200_os0.2_r3_uniform,200,67,0.2002,3,uniform,hoffmann,euristica,optimal,164,164,0.0,0.096,,,,"{""tried_cycle_times"": 1, ""node_limit"": 20000, ""node_limit_hits"": 0, ""node_limit_hits_total"": 0}",
n200_os0.2_r3_uniform_05,n200_os0.2_r3_uniform,200,67,0.2002,3,uniform,gruppi,euristica,feasible,171,164,0.042683,0.168,,,,"{""tried_cycle_times"": 8, ""n_groups"": 84, ""n_leaves"": 33}",
n200_os0.2_r3_uniform_06,n200_os0.2_r3_uniform,200,67,0.2013,3,uniform,hoffmann,euristica,feasible,159,157,0.012739,0.145,,,,"{""tried_cycle_times"": 3, ""node_limit"": 20000, ""node_limit_hits"": 0, ""node_limit_hits_total"": 0}",
n200_os0.2_r3_uniform_06,n200_os0.2_r3_uniform,200,67,0.2013,3,uniform,gruppi,euristica,feasible,165,157,0.050955,0.183,,,,"{""tried_cycle_times"": 9, ""n_groups"": 79, ""n_leaves"": 34}",
n200_os0.2_r3_uniform_07,n200_os0.2_r3_uniform,200,67,0.2047,3,uniform,hoffmann,euristica,feasible,154,150,0.026667,0.204,,,,"{""tried_cycle_times"": 5, ""node_limit"": 20000, ""node_limit_hits"": 0, ""node_limit_hits_total"": 0}",
n200_os0.2_r3_uniform_07,n200_os0.2_r3_uniform,200,67,0.2047,3,uniform,gruppi,euristica,feasible,158,150,0.053333,0.216,,,,"{""tried_cycle_times"": 9, ""n_groups"": 84, ""n_leaves"": 33}",
n200_os0.2_r3_uniform_08,n200_os0.2_r3_uniform,200,67,0.2003,3,uniform,hoffmann,euristica,feasible,156,154,0.012987,0.168,,,,"{""tried_cycle_times"": 3, ""node_limit"": 20000, ""node_limit_hits"": 0, ""node_limit_hits_total"": 0}",
n200_os0.2_r3_uniform_08,n200_os0.2_r3_uniform,200,67,0.2003,3,uniform,gruppi,euristica,feasible,162,154,0.051948,0.183,,,,"{""tried_cycle_times"": 9, ""n_groups"": 76, ""n_leaves"": 37}",
n200_os0.2_r3_uniform_09,n200_os0.2_r3_uniform,200,67,0.2008,3,uniform,hoffmann,euristica,feasible,160,158,0.012658,0.157,,,,"{""tried_cycle_times"": 3, ""node_limit"": 20000, ""node_limit_hits"": 0, ""node_limit_hits_total"": 0}",
n200_os0.2_r3_uniform_09,n200_os0.2_r3_uniform,200,67,0.2008,3,uniform,gruppi,euristica,feasible,166,158,0.050633,0.181,,,,"{""tried_cycle_times"": 9, ""n_groups"": 93, ""n_leaves"": 29}",
n200_os0.2_r3_uniform_10,n200_os0.2_r3_uniform,200,67,0.2003,3,uniform,hoffmann,euristica,feasible,150,149,0.006711,0.12,,,,"{""tried_cycle_times"": 2, ""node_limit"": 20000, ""node_limit_hits"": 0, ""node_limit_hits_total"": 0}",
n200_os0.2_r3_uniform_10,n200_os0.2_r3_uniform,200,67,0.2003,3,uniform,gruppi,euristica,feasible,157,149,0.053691,0.185,,,,"{""tried_cycle_times"": 9, ""n_groups"": 94, ""n_leaves"": 28}",
n200_os0.2_r3_uniform_11,n200_os0.2_r3_uniform,200,67,0.2008,3,uniform,hoffmann,euristica,feasible,142,141,0.007092,0.126,,,,"{""tried_cycle_times"": 2, ""node_limit"": 20000, ""node_limit_hits"": 0, ""node_limit_hits_total"": 0}",
n200_os0.2_r3_uniform_11,n200_os0.2_r3_uniform,200,67,0.2008,3,uniform,gruppi,euristica,feasible,148,141,0.049645,0.186,,,,"{""tried_cycle_times"": 8, ""n_groups"": 85, ""n_leaves"": 36}",
n200_os0.2_r3_uniform_12,n200_os0.2_r3_uniform,200,67,0.2011,3,uniform,hoffmann,euristica,optimal,156,156,0.0,0.097,,,,"{""tried_cycle_times"": 1, ""node_limit"": 20000, ""node_limit_hits"": 0, ""node_limit_hits_total"": 0}",
n200_os0.2_r3_uniform_12,n200_os0.2_r3_uniform,200,67,0.2011,3,uniform,gruppi,euristica,feasible,164,156,0.051282,0.218,,,,"{""tried_cycle_times"": 9, ""n_groups"": 79, ""n_leaves"": 37}",
n200_os0.2_r3_uniform_13,n200_os0.2_r3_uniform,200,67,0.2008,3,uniform,hoffmann,euristica,optimal,150,150,0.0,0.086,,,,"{""tried_cycle_times"": 1, ""node_limit"": 20000, ""node_limit_hits"": 0, ""node_limit_hits_total"": 0}",
n200_os0.2_r3_uniform_13,n200_os0.2_r3_uniform,200,67,0.2008,3,uniform,gruppi,euristica,feasible,158,150,0.053333,0.197,,,,"{""tried_cycle_times"": 9, ""n_groups"": 78, ""n_leaves"": 38}",
n200_os0.2_r3_uniform_14,n200_os0.2_r3_uniform,200,67,0.2006,3,uniform,hoffmann,euristica,feasible,162,161,0.006211,0.133,,,,"{""tried_cycle_times"": 2, ""node_limit"": 20000, ""node_limit_hits"": 0, ""node_limit_hits_total"": 0}",
n200_os0.2_r3_uniform_14,n200_os0.2_r3_uniform,200,67,0.2006,3,uniform,gruppi,euristica,feasible,170,161,0.055901,0.199,,,,"{""tried_cycle_times"": 10, ""n_groups"": 84, ""n_leaves"": 34}",
n200_os0.2_r3_uniform_15,n200_os0.2_r3_uniform,200,67,0.2005,3,uniform,hoffmann,euristica,feasible,160,159,0.006289,0.149,,,,"{""tried_cycle_times"": 2, ""node_limit"": 20000, ""node_limit_hits"": 0, ""node_limit_hits_total"": 0}",
n200_os0.2_r3_uniform_15,n200_os0.2_r3_uniform,200,67,0.2005,3,uniform,gruppi,euristica,feasible,167,159,0.050314,0.191,,,,"{""tried_cycle_times"": 9, ""n_groups"": 85, ""n_leaves"": 41}",
n200_os0.2_r3_uniform_16,n200_os0.2_r3_uniform,200,67,0.2004,3,uniform,hoffmann,euristica,feasible,153,152,0.006579,0.128,,,,"{""tried_cycle_times"": 2, ""node_limit"": 20000, ""node_limit_hits"": 0, ""node_limit_hits_total"": 0}",
n200_os0.2_r3_uniform_16,n200_os0.2_r3_uniform,200,67,0.2004,3,uniform,gruppi,euristica,feasible,160,152,0.052632,0.194,,,,"{""tried_cycle_times"": 9, ""n_groups"": 78, ""n_leaves"": 34}",
n200_os0.2_r3_uniform_17,n200_os0.2_r3_uniform,200,67,0.2022,3,uniform,hoffmann,euristica,feasible,148,146,0.013699,0.197,,,,"{""tried_cycle_times"": 3, ""node_limit"": 20000, ""node_limit_hits"": 0, ""node_limit_hits_total"": 0}",
n200_os0.2_r3_uniform_17,n200_os0.2_r3_uniform,200,67,0.2022,3,uniform,gruppi,euristica,feasible,156,146,0.068493,0.215,,,,"{""tried_cycle_times"": 11, ""n_groups"": 80, ""n_leaves"": 39}",
n200_os0.2_r3_uniform_18,n200_os0.2_r3_uniform,200,67,0.2002,3,uniform,hoffmann,euristica,feasible,158,157,0.006369,0.124,,,,"{""tried_cycle_times"": 2, ""node_limit"": 20000, ""node_limit_hits"": 0, ""node_limit_hits_total"": 0}",
n200_os0.2_r3_uniform_18,n200_os0.2_r3_uniform,200,67,0.2002,3,uniform,gruppi,euristica,feasible,162,157,0.031847,0.148,,,,"{""tried_cycle_times"": 6, ""n_groups"": 90, ""n_leaves"": 29}",
n200_os0.2_r3_uniform_19,n200_os0.2_r3_uniform,200,67,0.201,3,uniform,hoffmann,euristica,feasible,159,156,0.019231,0.226,,,,"{""tried_cycle_times"": 4, ""node_limit"": 20000, ""node_limit_hits"": 0, ""node_limit_hits_total"": 0}",
n200_os0.2_r3_uniform_19,n200_os0.2_r3_uniform,200,67,0.201,3,uniform,gruppi,euristica,feasible,164,156,0.051282,0.176,,,,"{""tried_cycle_times"": 9, ""n_groups"": 79, ""n_leaves"": 28}",
n200_os0.2_r3_uniform_20,n200_os0.2_r3_uniform,200,67,0.2003,3,uniform,hoffmann,euristica,feasible,147,145,0.013793,0.185,,,,"{""tried_cycle_times"": 3, ""node_limit"": 20000, ""node_limit_hits"": 0, ""node_limit_hits_total"": 0}",
n200_os0.2_r3_uniform_20,n200_os0.2_r3_uniform,200,67,0.2003,3,uniform,gruppi,euristica,feasible,152,145,0.048276,0.172,,,,"{""tried_cycle_times"": 8, ""n_groups"": 81, ""n_leaves"": 34}",
n200_os0.2_r3_uniform_21,n200_os0.2_r3_uniform,200,67,0.202,3,uniform,hoffmann,euristica,feasible,153,150,0.02,0.189,,,,"{""tried_cycle_times"": 4, ""node_limit"": 20000, ""node_limit_hits"": 0, ""node_limit_hits_total"": 0}",
n200_os0.2_r3_uniform_21,n200_os0.2_r3_uniform,200,67,0.202,3,uniform,gruppi,euristica,feasible,157,150,0.046667,0.174,,,,"{""tried_cycle_times"": 8, ""n_groups"": 83, ""n_leaves"": 35}",
n200_os0.2_r3_uniform_22,n200_os0.2_r3_uniform,200,67,0.2058,3,uniform,hoffmann,euristica,feasible,157,156,0.00641,0.125,,,,"{""tried_cycle_times"": 2, ""node_limit"": 20000, ""node_limit_hits"": 0, ""node_limit_hits_total"": 0}",
n200_os0.2_r3_uniform_22,n200_os0.2_r3_uniform,200,67,0.2058,3,uniform,gruppi,euristica,feasible,165,156,0.057692,0.202,,,,"{""tried_cycle_times"": 10, ""n_groups"": 77, ""n_leaves"": 45}",
n200_os0.2_r3_uniform_23,n200_os0.2_r3_uniform,200,67,0.2003,3,uniform,hoffmann,euristica,optimal,157,157,0.0,0.116,,,,"{""tried_cycle_times"": 1, ""node_limit"": 20000, ""node_limit_hits"": 0, ""node_limit_hits_total"": 0}",
n200_os0.2_r3_uniform_23,n200_os0.2_r3_uniform,200,67,0.2003,3,uniform,gruppi,euristica,feasible,165,157,0.050955,0.171,,,,"{""tried_cycle_times"": 9, ""n_groups"": 85, ""n_leaves"": 19}",
n200_os0.2_r3_uniform_24,n200_os0.2_r3_uniform,200,67,0.2002,3,uniform,hoffmann,euristica,optimal,151,151,0.0,0.106,,,,"{""tried_cycle_times"": 1, ""node_limit"": 20000, ""node_limit_hits"": 0, ""node_limit_hits_total"": 0}",
n200_os0.2_r3_uniform_24,n200_os0.2_r3_uniform,200,67,0.2002,3,uniform,gruppi,euristica,feasible,158,151,0.046358,0.175,,,,"{""tried_cycle_times"": 8, ""n_groups"": 82, ""n_leaves"": 38}",
n200_os0.2_r6_uniform_00,n200_os0.2_r6_uniform,200,33,0.2001,6,uniform,hoffmann,euristica,optimal,320,320,0.0,0.09,,,,"{""tried_cycle_times"": 1, ""node_limit"": 20000, ""node_limit_hits"": 0, ""node_limit_hits_total"": 0}",
n200_os0.2_r6_uniform_00,n200_os0.2_r6_uniform,200,33,0.2001,6,uniform,gruppi,euristica,feasible,327,320,0.021875,0.138,,,,"{""tried_cycle_times"": 8, ""n_groups"": 81, ""n_leaves"": 33}",
n200_os0.2_r6_uniform_01,n200_os0.2_r6_uniform,200,33,0.2005,6,uniform,hoffmann,euristica,optimal,287,287,0.0,0.084,,,,"{""tried_cycle_times"": 1, ""node_limit"": 20000, ""node_limit_hits"": 0, ""node_limit_hits_total"": 0}",
n200_os0.2_r6_uniform_01,n200_os0.2_r6_uniform,200,33,0.2005,6,uniform,gruppi,euristica,feasible,291,287,0.013937,0.112,,,,"{""tried_cycle_times"": 5, ""n_groups"": 87, ""n_leaves"": 30}",
n200_os0.2_r6_uniform_02,n200_os0.2_r6_uniform,200,33,0.2005,6,uniform,hoffmann,euristica,optimal,292,292,0.0,0.086,,,,"{""tried_cycle_times"": 1, ""node_limit"": 20000, ""node_limit_hits"": 0, ""node_limit_hits_total"": 0}",
n200_os0.2_r6_uniform_02,n200_os0.2_r6_uniform,200,33,0.2005,6,uniform,gruppi,euristica,feasible,298,292,0.020548,0.127,,,,"{""tried_cycle_times"": 7, ""n_groups"": 85, ""n_leaves"": 28}",
n200_os0.2_r6_uniform_03,n200_os0.2_r6_uniform,200,33,0.2024,6,uniform,hoffmann,euristica,optimal,303,303,0.0,0.098,,,,"{""tried_cycle_times"": 1, ""node_limit"": 20000, ""node_limit_hits"": 0, ""node_limit_hits_total"": 0}",
n200_os0.2_r6_uniform_03,n200_os0.2_r6_uniform,200,33,0.2024,6,uniform,gruppi,euristica,feasible,307,303,0.013201,0.139,,,,"{""tried_cycle_times"": 5, ""n_groups"": 79, ""n_leaves"": 33}",
n200_os0.2_r6_uniform_04,n200_os0.2_r6_uniform,200,33,0.2,6,uniform,hoffmann,euristica,optimal,304,304,0.0,0.083,,,,"{""tried_cycle_times"": 1, ""node_limit"": 20000, ""node_limit_hits"": 0, ""node_limit_hits_total"": 0}",
n200_os0.2_r6_uniform_04,n200_os0.2_r6_uniform,200,33,0.2,6,uniform,gruppi,euristica,feasible,308,304,0.013158,0.111,,,,"{""tried_cycle_times"": 5, ""n_groups"": 77, ""n_leaves"": 33}",
n200_os0.2_r6_uniform_05,n200_os0.2_r6_uniform,200,33,0.2008,6,uniform,hoffmann,euristica,optimal,310,310,0.0,0.087,,,,"{""tried_cycle_times"": 1, ""node_limit"": 20000, ""node_limit_hits"": 0, ""node_limit_hits_total"": 0}",
n200_os0.2_r6_uniform_05,n200_os0.2_r6_uniform,200,33,0.2008,6,uniform,gruppi,euristica,feasible,315,310,0.016129,0.121,,,,"{""tried_cycle_times"": 6, ""n_groups"": 85, ""n_leaves"": 31}",
n200_os0.2_r6_uniform_06,n200_os0.2_r6_uniform,200,33,0.202,6,uniform,hoffmann,euristica,optimal,301,301,0.0,0.085,,,,"{""tried_cycle_times"": 1, ""node_limit"": 20000, ""node_limit_hits"": 0, ""node_limit_hits_total"": 0}",
n200_os0.2_r6_uniform_06,n200_os0.2_r6_uniform,200,33,0.202,6,uniform,gruppi,euristica,feasible,307,301,0.019934,0.126,,,,"{""tried_cycle_times"": 7, ""n_groups"": 75, ""n_leaves"": 35}",
n200_os0.2_r6_uniform_07,n200_os0.2_r6_uniform,200,33,0.2004,6,uniform,hoffmann,euristica,optimal,311,311,0.0,0.081,,,,"{""tried_cycle_times"": 1, ""node_limit"": 20000, ""node_limit_hits"": 0, ""node_limit_hits_total"": 0}",
n200_os0.2_r6_uniform_07,n200_os0.2_r6_uniform,200,33,0.2004,6,uniform,gruppi,euristica,feasible,316,311,0.016077,0.123,,,,"{""tried_cycle_times"": 6, ""n_groups"": 77, ""n_leaves"": 37}",
n200_os0.2_r6_uniform_08,n200_os0.2_r6_uniform,200,33,0.2001,6,uniform,hoffmann,euristica,optimal,338,338,0.0,0.091,,,,"{""tried_cycle_times"": 1, ""node_limit"": 20000, ""node_limit_hits"": 0, ""node_limit_hits_total"": 0}",
n200_os0.2_r6_uniform_08,n200_os0.2_r6_uniform,200,33,0.2001,6,uniform,gruppi,euristica,feasible,345,338,0.02071,0.135,,,,"{""tried_cycle_times"": 8, ""n_groups"": 78, ""n_leaves"": 35}",
n200_os0.2_r6_uniform_09,n200_os0.2_r6_uniform,200,33,0.2002,6,uniform,hoffmann,euristica,optimal,323,323,0.0,0.09,,,,"{""tried_cycle_times"": 1, ""node_limit"": 20000, ""node_limit_hits"": 0, ""node_limit_hits_total"": 0}",
n200_os0.2_r6_uniform_09,n200_os0.2_r6_uniform,200,33,0.2002,6,uniform,gruppi,euristica,feasible,327,323,0.012384,0.114,,,,"{""tried_cycle_times"": 5, ""n_groups"": 85, ""n_leaves"": 38}",
n200_os0.2_r6_uniform_10,n200_os0.2_r6_uniform,200,33,0.2002,6,uniform,hoffmann,euristica,optimal,320,320,0.0,0.09,,,,"{""tried_cycle_times"": 1, ""node_limit"": 20000, ""node_limit_hits"": 0, ""node_limit_hits_total"": 0}",
n200_os0.2_r6_uniform_10,n200_os0.2_r6_uniform,200,33,0.2002,6,uniform,gruppi,euristica,feasible,327,320,0.021875,0.141,,,,"{""tried_cycle_times"": 8, ""n_groups"": 81, ""n_leaves"": 32}",
n200_os0.2_r6_uniform_11,n200_os0.2_r6_uniform,200,33,0.2027,6,uniform,hoffmann,euristica,optimal,318,318,0.0,0.106,,,,"{""tried_cycle_times"": 1, ""node_limit"": 20000, ""node_limit_hits"": 0, ""node_limit_hits_total"": 0}",
n200_os0.2_r6_uniform_11,n200_os0.2_r6_uniform,200,33,0.2027,6,uniform,gruppi,euristica,feasible,323,318,0.015723,0.127,,,,"{""tried_cycle_times"": 6, ""n_groups"": 77, ""n_leaves"": 45}",
n200_os0.2_r6_uniform_12,n200_os0.2_r6_uniform,200,33,0.2001,6,uniform,hoffmann,euristica,optimal,311,311,0.0,0.093,,,,"{""tried_cycle_times"": 1, ""node_limit"": 20000, ""node_limit_hits"": 0, ""node_limit_hits_total"": 0}",
n200_os0.2_r6_uniform_12,n200_os0.2_r6_uniform,200,33,0.2001,6,uniform,gruppi,euristica,feasible,314,311,0.009646,0.105,,,,"{""tried_cycle_times"": 4, ""n_groups"": 81, ""n_leaves"": 32}",
n200_os0.2_r6_uniform_13,n200_os0.2_r6_uniform,200,33,0.2014,6,uniform,hoffmann,euristica,optimal,310,310,0.0,0.085,,,,"{""tried_cycle_times"": 1, ""node_limit"": 20000, ""node_limit_hits"": 0, ""node_limit_hits_total"": 0}",
n200_os0.2_r6_uniform_13,n200_os0.2_r6_uniform,200,33,0.2014,6,uniform,gruppi,euristica,feasible,315,310,0.016129,0.12,,,,"{""tried_cycle_times"": 6, ""n_groups"": 78, ""n_leaves"": 28}",
n200_os0.2_r6_uniform_14,n200_os0.2_r6_uniform,200,33,0.201,6,uniform,hoffmann,euristica,optimal,310,310,0.0,0.09,,,,"{""tried_cycle_times"": 1, ""node_limit"": 20000, ""node_limit_hits"": 0, ""node_limit_hits_total"": 0}",
n200_os0.2_r6_uniform_14,n200_os0.2_r6_uniform,200,33,0.201,6,uniform,gruppi,euristica,feasible,314,310,0.012903,0.112,,,,"{""tried_cycle_times"": 5, ""n_groups"": 86, ""n_leaves"": 27}",
n200_os0.2_r6_uniform_15,n200_os0.2_r6_uniform,200,33,0.202,6,uniform,hoffmann,euristica,optimal,310,310,0.0,0.086,,,,"{""tried_cycle_times"": 1, ""node_limit"": 20000, ""node_limit_hits"": 0, ""node_limit_hits_total"": 0}",
n200_os0.2_r6_uniform_15,n200_os0.2_r6_uniform,200,33,0.202,6,uniform,gruppi,euristica,feasible,316,310,0.019355,0.134,,,,"{""tried_cycle_times"": 7, ""n_groups"": 82, ""n_leaves"": 32}",
n200_os0.2_r6_uniform_16,n200_os0.2_r6_uniform,200,33,0.2011,6,uniform,hoffmann,euristica,optimal,304,304,0.0,0.091,,,,"{""tried_cycle_times"": 1, ""node_limit"": 20000, ""node_limit_hits"": 0, ""node_limit_hits_total"": 0}",
n200_os0.2_r6_uniform_16,n200_os0.2_r6_uniform,200,33,0.2011,6,uniform,gruppi,euristica,feasible,310,304,0.019737,0.134,,,,"{""tried_cycle_times"": 7, ""n_groups"": 75, ""n_leaves"": 39}",
n200_os0.2_r6_uniform_17,n200_os0.2_r6_uniform,200,33,0.2085,6,uniform,hoffmann,euristica,optimal,317,317,0.0,0.09,,,,"{""tried_cycle_times"": 1, ""node_limit"": 20000, ""node_limit_hits"": 0, ""node_limit_hits_total"": 0}",
n200_os0.2_r6_uniform_17,n200_os0.2_r6_uniform,200,33,0.2085,6,uniform,gruppi,euristica,feasible,322,317,0.015773,0.127,,,,"{""tried_cycle_times"": 6, ""n_groups"": 79, ""n_leaves"": 36}",
n200_os0.2_r6_uniform_18,n200_os0.2_r6_uniform,200,33,0.2022,6,uniform,hoffmann,euristica,optimal,285,285,0.0,0.112,,,,"{""tried_cycle_times"": 1, ""node_limit"": 20000, ""node_limit_hits"": 0, ""node_limit_hits_total"": 0}",
n200_os0.2_r6_uniform_18,n200_os0.2_r6_uniform,200,33,0.2022,6,uniform,gruppi,euristica,feasible,288,285,0.010526,0.11,,,,"{""tried_cycle_times"": 4, ""n_groups"": 86, ""n_leaves"": 37}",
n200_os0.2_r6_uniform_19,n200_os0.2_r6_uniform,200,33,0.201,6,uniform,hoffmann,euristica,optimal,306,306,0.0,0.085,,,,"{""tried_cycle_times"": 1, ""node_limit"": 20000, ""node_limit_hits"": 0, ""node_limit_hits_total"": 0}",
n200_os0.2_r6_uniform_19,n200_os0.2_r6_uniform,200,33,0.201,6,uniform,gruppi,euristica,feasible,310,306,0.013072,0.11,,,,"{""tried_cycle_times"": 5, ""n_groups"": 78, ""n_leaves"": 29}",
n200_os0.2_r6_uniform_20,n200_os0.2_r6_uniform,200,33,0.2006,6,uniform,hoffmann,euristica,optimal,310,310,0.0,0.086,,,,"{""tried_cycle_times"": 1, ""node_limit"": 20000, ""node_limit_hits"": 0, ""node_limit_hits_total"": 0}",
n200_os0.2_r6_uniform_20,n200_os0.2_r6_uniform,200,33,0.2006,6,uniform,gruppi,euristica,feasible,316,310,0.019355,0.136,,,,"{""tried_cycle_times"": 7, ""n_groups"": 79, ""n_leaves"": 31}",
n200_os0.2_r6_uniform_21,n200_os0.2_r6_uniform,200,33,0.2014,6,uniform,hoffmann,euristica,optimal,327,327,0.0,0.083,,,,"{""tried_cycle_times"": 1, ""node_limit"": 20000, ""node_limit_hits"": 0, ""node_limit_hits_total"": 0}",
n200_os0.2_r6_uniform_21,n200_os0.2_r6_uniform,200,33,0.2014,6,uniform,gruppi,euristica,feasible,332,327,0.015291,0.127,,,,"{""tried_cycle_times"": 6, ""n_groups"": 89, ""n_leaves"": 32}",
n200_os0.2_r6_uniform_22,n200_os0.2_r6_uniform,200,33,0.2018,6,uniform,hoffmann,euristica,optimal,307,307,0.0,0.085,,,,"{""tried_cycle_times"": 1, ""node_limit"": 20000, ""node_limit_hits"": 0, ""node_limit_hits_total"": 0}",
n200_os0.2_r6_uniform_22,n200_os0.2_r6_uniform,200,33,0.2018,6,uniform,gruppi,euristica,feasible,311,307,0.013029,0.115,,,,"{""tried_cycle_times"": 5, ""n_groups"": 91, ""n_leaves"": 31}",
n200_os0.2_r6_uniform_23,n200_os0.2_r6_uniform,200,33,0.2007,6,uniform,hoffmann,euristica,optimal,303,303,0.0,0.089,,,,"{""tried_cycle_times"": 1, ""node_limit"": 20000, ""node_limit_hits"": 0, ""node_limit_hits_total"": 0}",
n200_os0.2_r6_uniform_23,n200_os0.2_r6_uniform,200,33,0.2007,6,uniform,gruppi,euristica,feasible,308,303,0.016502,0.123,,,,"{""tried_cycle_times"": 6, ""n_groups"": 78, ""n_leaves"": 32}",
n200_os0.2_r6_uniform_24,n200_os0.2_r6_uniform,200,33,0.2007,6,uniform,hoffmann,euristica,optimal,286,286,0.0,0.086,,,,"{""tried_cycle_times"": 1, ""node_limit"": 20000, ""node_limit_hits"": 0, ""node_limit_hits_total"": 0}",
n200_os0.2_r6_uniform_24,n200_os0.2_r6_uniform,200,33,0.2007,6,uniform,gruppi,euristica,feasible,290,286,0.013986,0.118,,,,"{""tried_cycle_times"": 5, ""n_groups"": 87, ""n_leaves"": 34}",
n200_os0.2_r10_uniform_00,n200_os0.2_r10_uniform,200,20,0.2015,10,uniform,hoffmann,euristica,optimal,490,490,0.0,0.087,,,,"{""tried_cycle_times"": 1, ""node_limit"": 20000, ""node_limit_hits"": 0, ""node_limit_hits_total"": 0}",
n200_os0.2_r10_uniform_00,n200_os0.2_r10_uniform,200,20,0.2015,10,uniform,gruppi,euristica,feasible,493,490,0.006122,0.099,,,,"{""tried_cycle_times"": 4, ""n_groups"": 84, ""n_leaves"": 29}",
n200_os0.2_r10_uniform_01,n200_os0.2_r10_uniform,200,20,0.2021,10,uniform,hoffmann,euristica,optimal,510,510,0.0,0.111,,,,"{""tried_cycle_times"": 1, ""node_limit"": 20000, ""node_limit_hits"": 0, ""node_limit_hits_total"": 0}",
n200_os0.2_r10_uniform_01,n200_os0.2_r10_uniform,200,20,0.2021,10,uniform,gruppi,euristica,feasible,513,510,0.005882,0.131,,,,"{""tried_cycle_times"": 4, ""n_groups"": 84, ""n_leaves"": 35}",
n200_os0.2_r10_uniform_02,n200_os0.2_r10_uniform,200,20,0.2001,10,uniform,hoffmann,euristica,optimal,498,498,0.0,0.099,,,,"{""tried_cycle_times"": 1, ""node_limit"": 20000, ""node_limit_hits"": 0, ""node_limit_hits_total"": 0}",
n200_os0.2_r10_uniform_02,n200_os0.2_r10_uniform,200,20,0.2001,10,uniform,gruppi,euristica,feasible,501,498,0.006024,0.099,,,,"{""tried_cycle_times"": 4, ""n_groups"": 85, ""n_leaves"": 35}",
n200_os0.2_r10_uniform_03,n200_os0.2_r10_uniform,200,20,0.2002,10,uniform,hoffmann,euristica,optimal,474,474,0.0,0.09,,,,"{""tried_cycle_times"": 1, ""node_limit"": 20000, ""node_limit_hits"": 0, ""node_limit_hits_total"": 0}",
n200_os0.2_r10_uniform_03,n200_os0.2_r10_uniform,200,20,0.2002,10,uniform,gruppi,euristica,feasible,476,474,0.004219,0.091,,,,"{""tried_cycle_times"": 3, ""n_groups"": 80, ""n_leaves"": 35}",
n200_os0.2_r10_uniform_04,n200_os0.2_r10_uniform,200,20,0.2013,10,uniform,hoffmann,euristica,optimal,503,503,0.0,0.1,,,,"{""tried_cycle_times"": 1, ""node_limit"": 20000, ""node_limit_hits"": 0, ""node_limit_hits_total"": 0}",
n200_os0.2_r10_uniform_04,n200_os0.2_r10_uniform,200,20,0.2013,10,uniform,gruppi,euristica,feasible,507,503,0.007952,0.102,,,,"{""tried_cycle_times"": 5, ""n_groups"": 82, ""n_leaves"": 31}",
n200_os0.2_r10_uniform_05,n200_os0.2_r10_uniform,200,20,0.2032,10,uniform,hoffmann,euristica,optimal,511,511,0.0,0.142,,,,"{""tried_cycle_times"": 1, ""node_limit"": 20000, ""node_limit_hits"": 0, ""node_limit_hits_total"": 0}",
n200_os0.2_r10_uniform_05,n200_os0.2_r10_uniform,200,20,0.2032,10,uniform,gruppi,euristica,feasible,514,511,0.005871,0.095,,,,"{""tried_cycle_times"": 4, ""n_groups"": 76, ""n_leaves"": 40}",
n200_os0.2_r10_uniform_06,n200_os0.2_r10_uniform,200,20,0.2015,10,uniform,hoffmann,euristica,optimal,506,506,0.0,0.092,,,,"{""tried_cycle_times"": 1, ""node_limit"": 20000, ""node_limit_hits"": 0, ""node_limit_hits_total"": 0}",
n200_os0.2_r10_uniform_06,n200_os0.2_r10_uniform,200,20,0.2015,10,uniform,gruppi,euristica,feasible,511,506,0.009881,0.113,,,,"{""tried_cycle_times"": 6, ""n_groups"": 81, ""n_leaves"": 34}",
n200_os0.2_r10_uniform_07,n200_os0.2_r10_uniform,200,20,0.2084,10,uniform,hoffmann,euristica,optimal,478,478,0.0,0.091,,,,"{""tried_cycle_times"": 1, ""node_limit"": 20000, ""node_limit_hits"": 0, ""node_limit_hits_total"": 0}",
n200_os0.2_r10_uniform_07,n200_os0.2_r10_uniform,200,20,0.2084,10,uniform,gruppi,euristica,feasible,481,478,0.006276,0.103,,,,"{""tried_cycle_times"": 4, ""n_groups"": 86, ""n_leaves"": 30}",
n200_os0.2_r10_uniform_08,n200_os0.2_r10_uniform,200,20,0.2002,10,uniform,hoffmann,euristica,optimal,489,489,0.0,0.16,,,,"{""tried_cycle_times"": 1, ""node_limit"": 20000, ""node_limit_hits"": 0, ""node_limit_hits_total"": 0}",
n200_os0.2_r10_uniform_08,n200_os0.2_r10_uniform,200,20,0.2002,10,uniform,gruppi,euristica,feasible,494,489,0.010225,0.113,,,,"{""tried_cycle_times"": 6, ""n_groups"": 83, ""n_leaves"": 35}",
n200_os0.2_r10_uniform_09,n200_os0.2_r10_uniform,200,20,0.2004,10,uniform,hoffmann,euristica,optimal,499,499,0.0,0.109,,,,"{""tried_cycle_times"": 1, ""node_limit"": 20000, ""node_limit_hits"": 0, ""node_limit_hits_total"": 0}",
n200_os0.2_r10_uniform_09,n200_os0.2_r10_uniform,200,20,0.2004,10,uniform,gruppi,euristica,feasible,503,499,0.008016,0.102,,,,"{""tried_cycle_times"": 5, ""n_groups"": 82, ""n_leaves"": 28}",
n200_os0.2_r10_uniform_10,n200_os0.2_r10_uniform,200,20,0.2004,10,uniform,hoffmann,euristica,optimal,502,502,0.0,0.098,,,,"{""tried_cycle_times"": 1, ""node_limit"": 20000, ""node_limit_hits"": 0, ""node_limit_hits_total"": 0}",
n200_os0.2_r10_uniform_10,n200_os0.2_r10_uniform,200,20,0.2004,10,uniform,gruppi,euristica,feasible,505,502,0.005976,0.098,,,,"{""tried_cycle_times"": 4, ""n_groups"": 78, ""n_leaves"": 35}",
n200_os0.2_r10_uniform_11,n200_os0.2_r10_uniform,200,20,0.2007,10,uniform,hoffmann,euristica,optimal,552,552,0.0,0.121,,,,"{""tried_cycle_times"": 1, ""node_limit"": 20000, ""node_limit_hits"": 0, ""node_limit_hits_total"": 0}",
n200_os0.2_r10_uniform_11,n200_os0.2_r10_uniform,200,20,0.2007,10,uniform,gruppi,euristica,feasible,557,552,0.009058,0.114,,,,"{""tried_cycle_times"": 6, ""n_groups"": 86, ""n_leaves"": 36}",
n200_os0.2_r10_uniform_12,n200_os0.2_r10_uniform,200,20,0.2005,10,uniform,hoffmann,euristica,optimal,512,512,0.0,0.093,,,,"{""tried_cycle_times"": 1, ""node_limit"": 20000, ""node_limit_hits"": 0, ""node_limit_hits_total"": 0}",
n200_os0.2_r10_uniform_12,n200_os0.2_r10_uniform,200,20,0.2005,10,uniform,gruppi,euristica,feasible,516,512,0.007812,0.107,,,,"{""tried_cycle_times"": 5, ""n_groups"": 83, ""n_leaves"": 41}",
n200_os0.2_r10_uniform_13,n200_os0.2_r10_uniform,200,20,0.2012,10,uniform,hoffmann,euristica,optimal,510,510,0.0,0.174,,,,"{""tried_cycle_times"": 1, ""node_limit"": 20000, ""node_limit_hits"": 0, ""node_limit_hits_total"": 0}",
n200_os0.2_r10_uniform_13,n200_os0.2_r10_uniform,200,20,0.2012,10,uniform,gruppi,euristica,feasible,514,510,0.007843,0.11,,,,"{""tried_cycle_times"": 5, ""n_groups"": 85, ""n_leaves"": 35}",
n200_os0.2_r10_uniform_14,n200_os0.2_r10_uniform,200,20,0.2002,10,uniform,hoffmann,euristica,optimal,512,512,0.0,0.093,,,,"{""tried_cycle_times"": 1, ""node_limit"": 20000, ""node_limit_hits"": 0, ""node_limit_hits_total"": 0}",
n200_os0.2_r10_uniform_14,n200_os0.2_r10_uniform,200,20,0.2002,10,uniform,gruppi,euristica,feasible,517,512,0.009766,0.112,,,,"{""tried_cycle_times"": 6, ""n_groups"": 89, ""n_leaves"": 29}",
n200_os0.2_r10_uniform_15,n200_os0.2_r10_uniform,200,20,0.2019,10,uniform,hoffmann,euristica,optimal,496,496,0.0,0.09,,,,"{""tried_cycle_times"": 1, ""node_limit"": 20000, ""node_limit_hits"": 0, ""node_limit_hits_total"": 0}",
n200_os0.2_r10_uniform_15,n200_os0.2_r10_uniform,200,20,0.2019,10,uniform,gruppi,euristica,feasible,499,496,0.006048,0.13,,,,"{""tried_cycle_times"": 4, ""n_groups"": 84, ""n_leaves"": 30}",
n200_os0.2_r10_uniform_16,n200_os0.2_r10_uniform,200,20,0.2003,10,uniform,hoffmann,euristica,optimal,524,524,0.0,0.099,,,,"{""tried_cycle_times"": 1, ""node_limit"": 20000, ""node_limit_hits"": 0, ""node_limit_hits_total"": 0}",
n200_os0.2_r10_uniform_16,n200_os0.2_r10_uniform,200,20,0.2003,10,uniform,gruppi,euristica,feasible,529,524,0.009542,0.109,,,,"{""tried_cycle_times"": 6, ""n_groups"": 80, ""n_leaves"": 33}",
n200_os0.2_r10_uniform_17,n200_os0.2_r10_uniform,200,20,0.2008,10,uniform,hoffmann,euristica,optimal,518,518,0.0,0.093,,,,"{""tried_cycle_times"": 1, ""node_limit"": 20000, ""node_limit_hits"": 0, ""node_limit_hits_total"": 0}",
n200_os0.2_r10_uniform_17,n200_os0.2_r10_uniform,200,20,0.2008,10,uniform,gruppi,euristica,feasible,520,518,0.003861,0.092,,,,"{""tried_cycle_times"": 3, ""n_groups"": 81, ""n_leaves"": 34}",
n200_os0.2_r10_uniform_18,n200_os0.2_r10_uniform,200,20,0.2002,10,uniform,hoffmann,euristica,optimal,497,497,0.0,0.088,,,,"{""tried_cycle_times"": 1, ""node_limit"": 20000, ""node_limit_hits"": 0, ""node_limit_hits_total"": 0}",
n200_os0.2_r10_uniform_18,n200_os0.2_r10_uniform,200,20,0.2002,10,uniform,gruppi,euristica,feasible,502,497,0.01006,0.112,,,,"{""tried_cycle_times"": 6, ""n_groups"": 81, ""n_leaves"": 34}",
n200_os0.2_r10_uniform_19,n200_os0.2_r10_uniform,200,20,0.2001,10,uniform,hoffmann,euristica,optimal,489,489,0.0,0.087,,,,"{""tried_cycle_times"": 1, ""node_limit"": 20000, ""node_limit_hits"": 0, ""node_limit_hits_total"": 0}",
n200_os0.2_r10_uniform_19,n200_os0.2_r10_uniform,200,20,0.2001,10,uniform,gruppi,euristica,feasible,493,489,0.00818,0.105,,,,"{""tried_cycle_times"": 5, ""n_groups"": 83, ""n_leaves"": 32}",
n200_os0.2_r10_uniform_20,n200_os0.2_r10_uniform,200,20,0.2035,10,uniform,hoffmann,euristica,optimal,497,497,0.0,0.088,,,,"{""tried_cycle_times"": 1, ""node_limit"": 20000, ""node_limit_hits"": 0, ""node_limit_hits_total"": 0}",
n200_os0.2_r10_uniform_20,n200_os0.2_r10_uniform,200,20,0.2035,10,uniform,gruppi,euristica,feasible,503,497,0.012072,0.116,,,,"{""tried_cycle_times"": 7, ""n_groups"": 80, ""n_leaves"": 30}",
n200_os0.2_r10_uniform_21,n200_os0.2_r10_uniform,200,20,0.202,10,uniform,hoffmann,euristica,optimal,514,514,0.0,0.087,,,,"{""tried_cycle_times"": 1, ""node_limit"": 20000, ""node_limit_hits"": 0, ""node_limit_hits_total"": 0}",
n200_os0.2_r10_uniform_21,n200_os0.2_r10_uniform,200,20,0.202,10,uniform,gruppi,euristica,feasible,518,514,0.007782,0.104,,,,"{""tried_cycle_times"": 5, ""n_groups"": 74, ""n_leaves"": 33}",
n200_os0.2_r10_uniform_22,n200_os0.2_r10_uniform,200,20,0.2003,10,uniform,hoffmann,euristica,optimal,509,509,0.0,0.111,,,,"{""tried_cycle_times"": 1, ""node_limit"": 20000, ""node_limit_hits"": 0, ""node_limit_hits_total"": 0}",
n200_os0.2_r10_uniform_22,n200_os0.2_r10_uniform,200,20,0.2003,10,uniform,gruppi,euristica,feasible,512,509,0.005894,0.097,,,,"{""tried_cycle_times"": 4, ""n_groups"": 80, ""n_leaves"": 34}",
n200_os0.2_r10_uniform_23,n200_os0.2_r10_uniform,200,20,0.2002,10,uniform,hoffmann,euristica,optimal,498,498,0.0,0.089,,,,"{""tried_cycle_times"": 1, ""node_limit"": 20000, ""node_limit_hits"": 0, ""node_limit_hits_total"": 0}",
n200_os0.2_r10_uniform_23,n200_os0.2_r10_uniform,200,20,0.2002,10,uniform,gruppi,euristica,feasible,504,498,0.012048,0.12,,,,"{""tried_cycle_times"": 7, ""n_groups"": 79, ""n_leaves"": 37}",
n200_os0.2_r10_uniform_24,n200_os0.2_r10_uniform,200,20,0.2001,10,uniform,hoffmann,euristica,optimal,503,503,0.0,0.5,,,,"{""tried_cycle_times"": 1, ""node_limit"": 20000, ""node_limit_hits"": 0, ""node_limit_hits_total"": 0}",
n200_os0.2_r10_uniform_24,n200_os0.2_r10_uniform,200,20,0.2001,10,uniform,gruppi,euristica,feasible,506,503,0.005964,0.097,,,,"{""tried_cycle_times"": 4, ""n_groups"": 86, ""n_leaves"": 33}",
n200_os0.6_r3_uniform_00,n200_os0.6_r3_uniform,200,67,0.6001,3,uniform,hoffmann,euristica,feasible,159,158,0.006329,0.301,,,,"{""tried_cycle_times"": 2, ""node_limit"": 20000, ""node_limit_hits"": 0, ""node_limit_hits_total"": 0}",
n200_os0.6_r3_uniform_00,n200_os0.6_r3_uniform,200,67,0.6001,3,uniform,gruppi,euristica,feasible,169,158,0.06962,0.38,,,,"{""tried_cycle_times"": 12, ""n_groups"": 81, ""n_leaves"": 18}",
n200_os0.6_r3_uniform_01,n200_os0.6_r3_uniform,200,67,0.601,3,uniform,hoffmann,euristica,feasible,150,147,0.020408,0.324,,,,"{""tried_cycle_times"": 4, ""node_limit"": 20000, ""node_limit_hits"": 0, ""node_limit_hits_total"": 0}",
n200_os0.6_r3_uniform_01,n200_os0.6_r3_uniform,200,67,0.601,3,uniform,gruppi,euristica,feasible,157,147,0.068027,0.342,,,,"{""tried_cycle_times"": 11, ""n_groups"": 79, ""n_leaves"": 15}",
n200_os0.6_r3_uniform_02,n200_os0.6_r3_uniform,200,67,0.6001,3,uniform,hoffmann,euristica,feasible,150,146,0.027397,0.369,,,,"{""tried_cycle_times"": 5, ""node_limit"": 20000, ""node_limit_hits"": 0, ""node_limit_hits_total"": 0}",
n200_os0.6_r3_uniform_02,n200_os0.6_r3_uniform,200,67,0.6001,3,uniform,gruppi,euristica,feasible,157,146,0.075342,0.373,,,,"{""tried_cycle_times"": 12, ""n_groups"": 78, ""n_leaves"": 15}",
n200_os0.6_r3_uniform_03,n200_os0.6_r3_uniform,200,67,0.6007,3,uniform,hoffmann,euristica,feasible,167,165,0.012121,0.32,,,,"{""tried_cycle_times"": 3, ""node_limit"": 20000, ""node_limit_hits"": 0, ""node_limit_hits_total"": 0}",
n200_os0.6_r3_uniform_03,n200_os0.6_r3_uniform,200,67,0.6007,3,uniform,gruppi,euristica,feasible,180,165,0.090909,0.444,,,,"{""tried_cycle_times"": 16, ""n_groups"": 81, ""n_leaves"": 23}",
n200_os0.6_r3_uniform_04,n200_os0.6_r3_uniform,200,67,0.6003,3,uniform,hoffmann,euristica,feasible,151,150,0.006667,0.278,,,,"{""tried_cycle_times"": 2, ""node_limit"": 20000, ""node_limit_hits"": 0, ""node_limit_hits_total"": 0}",
n200_os0.6_r3_uniform_04,n200_os0.6_r3_uniform,200,67,0.6003,3,uniform,gruppi,euristica,feasible,161,150,0.073333,0.408,,,,"{""tried_cycle_times"": 12, ""n_groups"": 82, ""n_leaves"": 18}",
n200_os0.6_r3_uniform_05,n200_os0.6_r3_uniform,200,67,0.6026,3,uniform,hoffmann,euristica,feasible,161,159,0.012579,0.324,,,,"{""tried_cycle_times"": 3, ""node_limit"": 20000, ""node_limit_hits"": 0, ""node_limit_hits_total"": 0}",
n200_os0.6_r3_uniform_05,n200_os0.6_r3_uniform,200,67,0.6026,3,uniform,gruppi,euristica,feasible,172,159,0.081761,0.383,,,,"{""tried_cycle_times"": 14, ""n_groups"": 81, ""n_leaves"": 15}",
n200_os0.6_r3_uniform_06,n200_os0.6_r3_uniform,200,67,0.6006,3,uniform,hoffmann,euristica,feasible,146,143,0.020979,0.309,,,,"{""tried_cycle_times"": 4, ""node_limit"": 20000, ""node_limit_hits"": 0, ""node_limit_hits_total"": 0}",
n200_os0.6_r3_uniform_06,n200_os0.6_r3_uniform,200,67,0.6006,3,uniform,gruppi,euristica,feasible,152,143,0.062937,0.352,,,,"{""tried_cycle_times"": 10, ""n_groups"": 80, ""n_leaves"": 22}",
n200_os0.6_r3_uniform_07,n200_os0.6_r3_uniform,200,67,0.6015,3,uniform,hoffmann,euristica,feasible,152,150,0.013333,0.287,,,,"{""tried_cycle_times"": 3, ""node_limit"": 20000, ""node_limit_hits"": 0, ""node_limit_hits_total"": 0}",
n200_os0.6_r3_uniform_07,n200_os0.6_r3_uniform,200,67,0.6015,3,uniform,gruppi,euristica,feasible,158,150,0.053333,0.326,,,,"{""tried_cycle_times"": 9, ""n_groups"": 82, ""n_leaves"": 15}",
n200_os0.6_r3_uniform_08,n200_os0.6_r3_uniform,200,67,0.6001,3,uniform,hoffmann,euristica,feasible,161,158,0.018987,0.356,,,,"{""tried_cycle_times"": 4, ""node_limit"": 20000, ""node_limit_hits"": 0, ""node_limit_hits_total"": 0}",
n200_os0.6_r3_uniform_08,n200_os0.6_r3_uniform,200,67,0.6001,3,uniform,gruppi,euristica,feasible,168,158,0.063291,0.395,,,,"{""tried_cycle_times"": 11, ""n_groups"": 81, ""n_leaves"": 18}",
n200_os0.6_r3_uniform_09,n200_os0.6_r3_uniform,200,67,0.6008,3,uniform,hoffmann,euristica,feasible,148,144,0.027778,0.325,,,,"{""tried_cycle_times"": 5, ""node_limit"": 20000, ""node_limit_hits"": 0, ""node_limit_hits_total"": 0}",
n200_os0.6_r3_uniform_09,n200_os0.6_r3_uniform,200,67,0.6008,3,uniform,gruppi,euristica,feasible,153,144,0.0625,0.328,,,,"{""tried_cycle_times"": 10, ""n_groups"": 77, ""n_leaves"": 17}",
n200_os0.6_r3_uniform_10,n200_os0.6_r3_uniform,200,67,0.6043,3,uniform,hoffmann,euristica,feasible,161,159,0.012579,0.294,,,,"{""tried_cycle_times"": 3, ""node_limit"": 20000, ""node_limit_hits"": 0, ""node_limit_hits_total"": 0}",
n200_os0.6_r3_uniform_10,n200_os0.6_r3_uniform,200,67,0.6043,3,uniform,gruppi,euristica,feasible,171,159,0.075472,0.373,,,,"{""tried_cycle_times"": 13, ""n_groups"": 83, ""n_leaves"": 12}",
n200_os0.6_r3_uniform_11,n200_os0.6_r3_uniform,200,67,0.6016,3,uniform,patterson_albracht,pli,feasible,163,159,0.025157,180.919,0.651,8488,849,"{""c_min"": 159, ""c_max"": 256}",
n200_os0.6_r3_uniform_11,n200_os0.6_r3_uniform,200,67,0.6016,3,uniform,hoffmann,euristica,feasible,162,159,0.018868,0.339,,,,"{""tried_cycle_times"": 4, ""node_limit"": 20000, ""node_limit_hits"": 0, ""node_limit_hits_total"": 0}",
n200_os0.6_r3_uniform_11,n200_os0.6_r3_uniform,200,67,0.6016,3,uniform,gruppi,euristica,feasible,174,159,0.09434,0.388,,,,"{""tried_cycle_times"": 16, ""n_groups"": 79, ""n_leaves"": 13}",
n200_os0.6_r3_uniform_12,n200_os0.6_r3_uniform,200,67,0.6,3,uniform,hoffmann,euristica,feasible,155,154,0.006494,0.284,,,,"{""tried_cycle_times"": 2, ""node_limit"": 20000, ""node_limit_hits"": 0, ""node_limit_hits_total"": 0}",
n200_os0.6_r3_uniform_12,n200_os0.6_r3_uniform,200,67,0.6,3,uniform,gruppi,euristica,feasible,164,154,0.064935,0.34,,,,"{""tried_cycle_times"": 11, ""n_groups"": 77, ""n_leaves"": 18}",
n200_os0.6_r3_uniform_13,n200_os0.6_r3_uniform,200,67,0.6019,3,uniform,hoffmann,euristica,feasible,155,153,0.013072,0.314,,,,"{""tried_cycle_times"": 3, ""node_limit"": 20000, ""node_limit_hits"": 0, ""node_limit_hits_total"": 0}",
n200_os0.6_r3_uniform_13,n200_os0.6_r3_uniform,200,67,0.6019,3,uniform,gruppi,euristica,feasible,163,153,0.065359,0.347,,,,"{""tried_cycle_times"": 11, ""n_groups"": 90, ""n_leaves"": 13}",
n200_os0.6_r3_uniform_14,n200_os0.6_r3_uniform,200,67,0.6012,3,uniform,hoffmann,euristica,feasible,154,148,0.040541,0.406,,,,"{""tried_cycle_times"": 7, ""node_limit"": 20000, ""node_limit_hits"": 0, ""node_limit_hits_total"": 0}",
n200_os0.6_r3_uniform_14,n200_os0.6_r3_uniform,200,67,0.6012,3,uniform,gruppi,euristica,feasible,160,148,0.081081,0.383,,,,"{""tried_cycle_times"": 13, ""n_groups"": 87, ""n_leaves"": 19}",
n200_os0.6_r3_uniform_15,n200_os0.6_r3_uniform,200,67,0.6031,3,uniform,hoffmann,euristica,feasible,150,147,0.020408,0.328,,,,"{""tried_cycle_times"": 4, ""node_limit"": 20000, ""node_limit_hits"": 0, ""node_limit_hits_total"": 0}",
n200_os0.6_r3_uniform_15,n200_os0.6_r3_uniform,200,67,0.6031,3,uniform,gruppi,euristica,feasible,160,147,0.088435,0.357,,,,"{""tried_cycle_times"": 14, ""n_groups"": 80, ""n_leaves"": 14}",
n200_os0.6_r3_uniform_16,n200_os0.6_r3_uniform,200,67,0.6008,3,uniform,hoffmann,euristica,feasible,163,159,0.025157,0.404,,,,"{""tried_cycle_times"": 5, ""node_limit"": 20000, ""node_limit_hits"": 0, ""node_limit_hits_total"": 0}",
n200_os0.6_r3_uniform_16,n200_os0.6_r3_uniform,200,67,0.6008,3,uniform,gruppi,euristica,feasible,172,159,0.081761,0.382,,,,"{""tried_cycle_times"": 14, ""n_groups"": 80, ""n_leaves"": 18}",
n200_os0.6_r3_uniform_17,n200_os0.6_r3_uniform,200,67,0.602,3,uniform,hoffmann,euristica,feasible,150,147,0.020408,0.343,,,,"{""tried_cycle_times"": 4, ""node_limit"": 20000, ""node_limit_hits"": 0, ""node_limit_hits_total"": 0}",
n200_os0.6_r3_uniform_17,n200_os0.6_r3_uniform,200,67,0.602,3,uniform,gruppi,euristica,feasible,156,147,0.061224,0.33,,,,"{""tried_cycle_times"": 10, ""n_groups"": 79, ""n_leaves"": 15}",
n200_os0.6_r3_uniform_18,n200_os0.6_r3_uniform,200,67,0.6,3,uniform,hoffmann,euristica,feasible,160,158,0.012658,0.298,,,,"{""tried_cycle_times"": 3, ""node_limit"": 20000, ""node_limit_hits"": 0, ""node_limit_hits_total"": 0}",
n200_os0.6_r3_uniform_18,n200_os0.6_r3_uniform,200,67,0.6,3,uniform,gruppi,euristica,feasible,171,158,0.082278,0.362,,,,"{""tried_cycle_times"": 14, ""n_groups"": 84, ""n_leaves"": 10}",
n200_os0.6_r3_uniform_19,n200_os0.6_r3_uniform,200,67,0.6021,3,uniform,hoffmann,euristica,feasible,156,154,0.012987,0.342,,,,"{""tried_cycle_times"": 3, ""node_limit"": 20000, ""node_limit_hits"": 0, ""node_limit_hits_total"": 0}",
n200_os0.6_r3_uniform_19,n200_os0.6_r3_uniform,200,67,0.6021,3,uniform,gruppi,euristica,feasible,166,154,0.077922,0.378,,,,"{""tried_cycle_times"": 13, ""n_groups"": 82, ""n_leaves"": 15}",
n200_os0.6_r3_uniform_20,n200_os0.6_r3_uniform,200,67,0.6004,3,uniform,hoffmann,euristica,feasible,153,151,0.013245,0.315,,,,"{""tried_cycle_times"": 3, ""node_limit"": 20000, ""node_limit_hits"": 0, ""node_limit_hits_total"": 0}",
n200_os0.6_r3_uniform_20,n200_os0.6_r3_uniform,200,67,0.6004,3,uniform,gruppi,euristica,feasible,161,151,0.066225,0.352,,,,"{""tried_cycle_times"": 11, ""n_groups"": 87, ""n_leaves"": 13}",
n200_os0.6_r3_uniform_21,n200_os0.6_r3_uniform,200,67,0.6019,3,uniform,hoffmann,euristica,feasible,145,143,0.013986,0.331,,,,"{""tried_cycle_times"": 3, ""node_limit"": 20000, ""node_limit_hits"": 0, ""node_limit_hits_total"": 0}",
n200_os0.6_r3_uniform_21,n200_os0.6_r3_uniform,200,67,0.6019,3,uniform,gruppi,euristica,feasible,151,143,0.055944,0.32,,,,"{""tried_cycle_times"": 9, ""n_groups"": 85, ""n_leaves"": 12}",
n200_os0.6_r3_uniform_22,n200_os0.6_r3_uniform,200,67,0.6004,3,uniform,hoffmann,euristica,feasible,154,152,0.013158,0.296,,,,"{""tried_cycle_times"": 3, ""node_limit"": 20000, ""node_limit_hits"": 0, ""node_limit_hits_total"": 0}",
n200_os0.6_r3_uniform_22,n200_os0.6_r3_uniform,200,67,0.6004,3,uniform,gruppi,euristica,feasible,160,152,0.052632,0.333,,,,"{""tried_cycle_times"": 9, ""n_groups"": 86, ""n_leaves"": 13}",
n200_os0.6_r3_uniform_23,n200_os0.6_r3_uniform,200,67,0.6009,3,uniform,hoffmann,euristica,feasible,156,149,0.04698,0.417,,,,"{""tried_cycle_times"": 8, ""node_limit"": 20000, ""node_limit_hits"": 0, ""node_limit_hits_total"": 0}",
n200_os0.6_r3_uniform_23,n200_os0.6_r3_uniform,200,67,0.6009,3,uniform,gruppi,euristica,feasible,161,149,0.080537,0.39,,,,"{""tried_cycle_times"": 13, ""n_groups"": 90, ""n_leaves"": 18}",
n200_os0.6_r3_uniform_24,n200_os0.6_r3_uniform,200,67,0.6006,3,uniform,hoffmann,euristica,feasible,155,153,0.013072,0.338,,,,"{""tried_cycle_times"": 3, ""node_limit"": 20000, ""node_limit_hits"": 0, ""node_limit_hits_total"": 0}",
n200_os0.6_r3_uniform_24,n200_os0.6_r3_uniform,200,67,0.6006,3,uniform,gruppi,euristica,feasible,164,153,0.071895,0.362,,,,"{""tried_cycle_times"": 12, ""n_groups"": 82, ""n_leaves"": 17}",
n200_os0.6_r6_uniform_00,n200_os0.6_r6_uniform,200,33,0.6016,6,uniform,hoffmann,euristica,optimal,294,294,0.0,0.241,,,,"{""tried_cycle_times"": 1, ""node_limit"": 20000, ""node_limit_hits"": 0, ""node_limit_hits_total"": 0}",
n200_os0.6_r6_uniform_00,n200_os0.6_r6_uniform,200,33,0.6016,6,uniform,gruppi,euristica,feasible,303,294,0.030612,0.323,,,,"{""tried_cycle_times"": 10, ""n_groups"": 85, ""n_leaves"": 13}",
n200_os0.6_r6_uniform_01,n200_os0.6_r6_uniform,200,33,0.601,6,uniform,hoffmann,euristica,optimal,303,303,0.0,0.246,,,,"{""tried_cycle_times"": 1, ""node_limit"": 20000, ""node_limit_hits"": 0, ""node_limit_hits_total"": 0}",
n200_os0.6_r6_uniform_01,n200_os0.6_r6_uniform,200,33,0.601,6,uniform,gruppi,euristica,feasible,313,303,0.033003,0.316,,,,"{""tried_cycle_times"": 11, ""n_groups"": 88, ""n_leaves"": 13}",
n200_os0.6_r6_uniform_02,n200_os0.6_r6_uniform,200,33,0.604,6,uniform,hoffmann,euristica,optimal,316,316,0.0,0.245,,,,"{""tried_cycle_times"": 1, ""node_limit"": 20000, ""node_limit_hits"": 0, ""node_limit_hits_total"": 0}",
n200_os0.6_r6_uniform_02,n200_os0.6_r6_uniform,200,33,0.604,6,uniform,gruppi,euristica,feasible,322,316,0.018987,0.306,,,,"{""tried_cycle_times"": 7, ""n_groups"": 88, ""n_leaves"": 14}",
n200_os0.6_r6_uniform_03,n200_os0.6_r6_uniform,200,33,0.6011,6,uniform,hoffmann,euristica,optimal,311,311,0.0,0.236,,,,"{""tried_cycle_times"": 1, ""node_limit"": 20000, ""node_limit_hits"": 0, ""node_limit_hits_total"": 0}",
n200_os0.6_r6_uniform_03,n200_os0.6_r6_uniform,200,33,0.6011,6,uniform,gruppi,euristica,feasible,318,311,0.022508,0.285,,,,"{""tried_cycle_times"": 8, ""n_groups"": 79, ""n_leaves"": 18}",
n200_os0.6_r6_uniform_04,n200_os0.6_r6_uniform,200,33,0.6025,6,uniform,hoffmann,euristica,optimal,302,302,0.0,0.24,,,,"{""tried_cycle_times"": 1, ""node_limit"": 20000, ""node_limit_hits"": 0, ""node_limit_hits_total"": 0}",
n200_os0.6_r6_uniform_04,n200_os0.6_r6_uniform,200,33,0.6025,6,uniform,gruppi,euristica,feasible,309,302,0.023179,0.315,,,,"{""tried_cycle_times"": 8, ""n_groups"": 81, ""n_leaves"": 13}",
n200_os0.6_r6_uniform_05,n200_os0.6_r6_uniform,200,33,0.6005,6,uniform,hoffmann,euristica,optimal,308,308,0.0,0.242,,,,"{""tried_cycle_times"": 1, ""node_limit"": 20000, ""node_limit_hits"": 0, ""node_limit_hits_total"": 0}",
n200_os0.6_r6_uniform_05,n200_os0.6_r6_uniform,200,33,0.6005,6,uniform,gruppi,euristica,feasible,315,308,0.022727,0.282,,,,"{""tried_cycle_times"": 8, ""n_groups"": 88, ""n_leaves"": 16}",
n200_os0.6_r6_uniform_06,n200_os0.6_r6_uniform,200,33,0.6004,6,uniform,hoffmann,euristica,optimal,282,282,0.0,0.235,,,,"{""tried_cycle_times"": 1, ""node_limit"": 20000, ""node_limit_hits"": 0, ""node_limit_hits_total"": 0}",
n200_os0.6_r6_uniform_06,n200_os0.6_r6_uniform,200,33,0.6004,6,uniform,gruppi,euristica,feasible,293,282,0.039007,0.348,,,,"{""tried_cycle_times"": 12, ""n_groups"": 83, ""n_leaves"": 16}",
n200_os0.6_r6_uniform_07,n200_os0.6_r6_uniform,200,33,0.6013,6,uniform,hoffmann,euristica,optimal,314,314,0.0,0.231,,,,"{""tried_cycle_times"": 1, ""node_limit"": 20000, ""node_limit_hits"": 0, ""node_limit_hits_total"": 0}",
n200_os0.6_r6_uniform_07,n200_os0.6_r6_uniform,200,33,0.6013,6,uniform,gruppi,euristica,feasible,325,314,0.035032,0.313,,,,"{""tried_cycle_times"": 12, ""n_groups"": 78, ""n_leaves"": 19}",
n200_os0.6_r6_uniform_08,n200_os0.6_r6_uniform,200,33,0.6,6,uniform,hoffmann,euristica,optimal,316,316,0.0,0.257,,,,"{""tried_cycle_times"": 1, ""node_limit"": 20000, ""node_limit_hits"": 0, ""node_limit_hits_total"": 0}",
n200_os0.6_r6_uniform_08,n200_os0.6_r6_uniform,200,33,0.6,6,uniform,gruppi,euristica,feasible,326,316,0.031646,0.349,,,,"{""tried_cycle_times"": 11, ""n_groups"": 81, ""n_leaves"": 13}",
n200_os0.6_r6_uniform_09,n200_os0.6_r6_uniform,200,33,0.6021,6,uniform,hoffmann,euristica,optimal,301,301,0.0,0.238,,,,"{""tried_cycle_times"": 1, ""node_limit"": 20000, ""node_limit_hits"": 0, ""node_limit_hits_total"": 0}",
n200_os0.6_r6_uniform_09,n200_os0.6_r6_uniform,200,33,0.6021,6,uniform,gruppi,euristica,feasible,307,301,0.019934,0.288,,,,"{""tried_cycle_times"": 7, ""n_groups"": 85, ""n_leaves"": 15}",
n200_os0.6_r6_uniform_10,n200_os0.6_r6_uniform,200,33,0.6036,6,uniform,hoffmann,euristica,optimal,303,303,0.0,0.248,,,,"{""tried_cycle_times"": 1, ""node_limit"": 20000, ""node_limit_hits"": 0, ""node_limit_hits_total"": 0}",
n200_os0.6_r6_uniform_10,n200_os0.6_r6_uniform,200,33,0.6036,6,uniform,gruppi,euristica,feasible,312,303,0.029703,0.336,,,,"{""tried_cycle_times"": 10, ""n_groups"": 76, ""n_leaves"": 14}",
n200_os0.6_r6_uniform_11,n200_os0.6_r6_uniform,200,33,0.6,6,uniform,hoffmann,euristica,optimal,327,327,0.0,0.242,,,,"{""tried_cycle_times"": 1, ""node_limit"": 20000, ""node_limit_hits"": 0, ""node_limit_hits_total"": 0}",
n200_os0.6_r6_uniform_11,n200_os0.6_r6_uniform,200,33,0.6,6,uniform,gruppi,euristica,feasible,340,327,0.039755,0.327,,,,"{""tried_cycle_times"": 14, ""n_groups"": 80, ""n_leaves"": 16}",
n200_os0.6_r6_uniform_12,n200_os0.6_r6_uniform,200,33,0.6006,6,uniform,hoffmann,euristica,optimal,298,298,0.0,0.229,,,,"{""tried_cycle_times"": 1, ""node_limit"": 20000, ""node_limit_hits"": 0, ""node_limit_hits_total"": 0}",
n200_os0.6_r6_uniform_12,n200_os0.6_r6_uniform,200,33,0.6006,6,uniform,gruppi,euristica,feasible,308,298,0.033557,0.339,,,,"{""tried_cycle_times"": 11, ""n_groups"": 95, ""n_leaves"": 13}",
n200_os0.6_r6_uniform_13,n200_os0.6_r6_uniform,200,33,0.6002,6,uniform,hoffmann,euristica,optimal,328,328,0.0,0.237,,,,"{""tried_cycle_times"": 1, ""node_limit"": 20000, ""node_limit_hits"": 0, ""node_limit_hits_total"": 0}",
n200_os0.6_r6_uniform_13,n200_os0.6_r6_uniform,200,33,0.6002,6,uniform,gruppi,euristica,feasible,335,328,0.021341,0.286,,,,"{""tried_cycle_times"": 8, ""n_groups"": 74, ""n_leaves"": 18}",
n200_os0.6_r6_uniform_14,n200_os0.6_r6_uniform,200,33,0.6007,6,uniform,hoffmann,euristica,optimal,300,300,0.0,0.239,,,,"{""tried_cycle_times"": 1, ""node_limit"": 20000, ""node_limit_hits"": 0, ""node_limit_hits_total"": 0}",
n200_os0.6_r6_uniform_14,n200_os0.6_r6_uniform,200,33,0.6007,6,uniform,gruppi,euristica,feasible,308,300,0.026667,0.32,,,,"{""tried_cycle_times"": 9, ""n_groups"": 84, ""n_leaves"": 14}",
n200_os0.6_r6_uniform_15,n200_os0.6_r6_uniform,200,33,0.6001,6,uniform,hoffmann,euristica,optimal,315,315,0.0,0.246,,,,"{""tried_cycle_times"": 1, ""node_limit"": 20000, ""node_limit_hits"": 0, ""node_limit_hits_total"": 0}",
n200_os0.6_r6_uniform_15,n200_os0.6_r6_uniform,200,33,0.6001,6,uniform,gruppi,euristica,feasible,327,315,0.038095,0.325,,,,"{""tried_cycle_times"": 13, ""n_groups"": 85, ""n_leaves"": 12}",
n200_os0.6_r6_uniform_16,n200_os0.6_r6_uniform,200,33,0.6017,6,uniform,hoffmann,euristica,optimal,305,305,0.0,0.239,,,,"{""tried_cycle_times"": 1, ""node_limit"": 20000, ""node_limit_hits"": 0, ""node_limit_hits_total"": 0}",
n200_os0.6_r6_uniform_16,n200_os0.6_r6_uniform,200,33,0.6017,6,uniform,gruppi,euristica,feasible,313,305,0.02623,0.294,,,,"{""tried_cycle_times"": 9, ""n_groups"": 80, ""n_leaves"": 17}",
n200_os0.6_r6_uniform_17,n200_os0.6_r6_uniform,200,33,0.6004,6,uniform,hoffmann,euristica,optimal,299,299,0.0,0.257,,,,"{""tried_cycle_times"": 1, ""node_limit"": 20000, ""node_limit_hits"": 0, ""node_limit_hits_total"": 0}",
n200_os0.6_r6_uniform_17,n200_os0.6_r6_uniform,200,33,0.6004,6,uniform,gruppi,euristica,feasible,310,299,0.036789,0.304,,,,"{""tried_cycle_times"": 12, ""n_groups"": 80, ""n_leaves"": 14}",
n200_os0.6_r6_uniform_18,n200_os0.6_r6_uniform,200,33,0.6004,6,uniform,hoffmann,euristica,optimal,327,327,0.0,0.235,,,,"{""tried_cycle_times"": 1, ""node_limit"": 20000, ""node_limit_hits"": 0, ""node_limit_hits_total"": 0}",
n200_os0.6_r6_uniform_18,n200_os0.6_r6_uniform,200,33,0.6004,6,uniform,gruppi,euristica,feasible,334,327,0.021407,0.279,,,,"{""tried_cycle_times"": 8, ""n_groups"": 89, ""n_leaves"": 16}",
n200_os0.6_r6_uniform_19,n200_os0.6_r6_uniform,200,33,0.6006,6,uniform,hoffmann,euristica,optimal,299,299,0.0,0.262,,,,"{""tried_cycle_times"": 1, ""node_limit"": 20000, ""node_limit_hits"": 0, ""node_limit_hits_total"": 0}",
n200_os0.6_r6_uniform_19,n200_os0.6_r6_uniform,200,33,0.6006,6,uniform,gruppi,euristica,feasible,307,299,0.026756,0.294,,,,"{""tried_cycle_times"": 9, ""n_groups"": 89, ""n_leaves"": 16}",
n200_os0.6_r6_uniform_20,n200_os0.6_r6_uniform,200,33,0.6045,6,uniform,hoffmann,euristica,optimal,293,293,0.0,0.249,,,,"{""tried_cycle_times"": 1, ""node_limit"": 20000, ""node_limit_hits"": 0, ""node_limit_hits_total"": 0}",
n200_os0.6_r6_uniform_20,n200_os0.6_r6_uniform,200,33,0.6045,6,uniform,gruppi,euristica,feasible,299,293,0.020478,0.293,,,,"{""tried_cycle_times"": 7, ""n_groups"": 80, ""n_leaves"": 18}",
n200_os0.6_r6_uniform_21,n200_os0.6_r6_uniform,200,33,0.6001,6,uniform,hoffmann,euristica,optimal,319,319,0.0,0.238,,,,"{""tried_cycle_times"": 1, ""node_limit"": 20000, ""node_limit_hits"": 0, ""node_limit_hits_total"": 0}",
n200_os0.6_r6_uniform_21,n200_os0.6_r6_uniform,200,33,0.6001,6,uniform,gruppi,euristica,feasible,327,319,0.025078,0.318,,,,"{""tried_cycle_times"": 9, ""n_groups"": 86, ""n_leaves"": 15}",
n200_os0.6_r6_uniform_22,n200_os0.6_r6_uniform,200,33,0.6003,6,uniform,hoffmann,euristica,optimal,323,323,0.0,0.245,,,,"{""tried_cycle_times"": 1, ""node_limit"": 20000, ""node_limit_hits"": 0, ""node_limit_hits_total"": 0}",
n200_os0.6_r6_uniform_22,n200_os0.6_r6_uniform,200,33,0.6003,6,uniform,gruppi,euristica,feasible,335,323,0.037152,0.327,,,,"{""tried_cycle_times"": 13, ""n_groups"": 80, ""n_leaves"": 21}",
n200_os0.6_r6_uniform_23,n200_os0.6_r6_uniform,200,33,0.6008,6,uniform,hoffmann,euristica,optimal,301,301,0.0,0.23,,,,"{""tried_cycle_times"": 1, ""node_limit"": 20000, ""node_limit_hits"": 0, ""node_limit_hits_total"": 0}",
n200_os0.6_r6_uniform_23,n200_os0.6_r6_uniform,200,33,0.6008,6,uniform,gruppi,euristica,feasible,307,301,0.019934,0.296,,,,"{""tried_cycle_times"": 7, ""n_groups"": 87, ""n_leaves"": 19}",
n200_os0.6_r6_uniform_24,n200_os0.6_r6_uniform,200,33,0.6004,6,uniform,hoffmann,euristica,optimal,293,293,0.0,0.236,,,,"{""tried_cycle_times"": 1, ""node_limit"": 20000, ""node_limit_hits"": 0, ""node_limit_hits_total"": 0}",
n200_os0.6_r6_uniform_24,n200_os0.6_r6_uniform,200,33,0.6004,6,uniform,gruppi,euristica,feasible,305,293,0.040956,0.336,,,,"{""tried_cycle_times"": 13, ""n_groups"": 80, ""n_leaves"": 18}",
n200_os0.6_r10_uniform_00,n200_os0.6_r10_uniform,200,20,0.6021,10,uniform,hoffmann,euristica,optimal,458,458,0.0,0.26,,,,"{""tried_cycle_times"": 1, ""node_limit"": 20000, ""node_limit_hits"": 0, ""node_limit_hits_total"": 0}",
n200_os0.6_r10_uniform_00,n200_os0.6_r10_uniform,200,20,0.6021,10,uniform,gruppi,euristica,feasible,463,458,0.010917,0.289,,,,"{""tried_cycle_times"": 6, ""n_groups"": 78, ""n_leaves"": 15}",
n200_os0.6_r10_uniform_01,n200_os0.6_r10_uniform,200,20,0.6011,10,uniform,hoffmann,euristica,optimal,529,529,0.0,0.253,,,,"{""tried_cycle_times"": 1, ""node_limit"": 20000, ""node_limit_hits"": 0, ""node_limit_hits_total"": 0}",
n200_os0.6_r10_uniform_01,n200_os0.6_r10_uniform,200,20,0.6011,10,uniform,gruppi,euristica,feasible,539,529,0.018904,0.303,,,,"{""tried_cycle_times"": 11, ""n_groups"": 84, ""n_leaves"": 17}",
n200_os0.6_r10_uniform_02,n200_os0.6_r10_uniform,200,20,0.6,10,uniform,hoffmann,euristica,optimal,522,522,0.0,0.252,,,,"{""tried_cycle_times"": 1, ""node_limit"": 20000, ""node_limit_hits"": 0, ""node_limit_hits_total"": 0}",
n200_os0.6_r10_uniform_02,n200_os0.6_r10_uniform,200,20,0.6,10,uniform,gruppi,euristica,feasible,531,522,0.017241,0.337,,,,"{""tried_cycle_times"": 10, ""n_groups"": 89, ""n_leaves"": 15}",
n200_os0.6_r10_uniform_03,n200_os0.6_r10_uniform,200,20,0.6031,10,uniform,hoffmann,euristica,optimal,501,501,0.0,0.244,,,,"{""tried_cycle_times"": 1, ""node_limit"": 20000, ""node_limit_hits"": 0, ""node_limit_hits_total"": 0}",
n200_os0.6_r10_uniform_03,n200_os0.6_r10_uniform,200,20,0.6031,10,uniform,gruppi,euristica,feasible,511,501,0.01996,0.298,,,,"{""tried_cycle_times"": 11, ""n_groups"": 79, ""n_leaves"": 12}",
n200_os0.6_r10_uniform_04,n200_os0.6_r10_uniform,200,20,0.6,10,uniform,hoffmann,euristica,optimal,521,521,0.0,0.237,,,,"{""tried_cycle_times"": 1, ""node_limit"": 20000, ""node_limit_hits"": 0, ""node_limit_hits_total"": 0}",
n200_os0.6_r10_uniform_04,n200_os0.6_r10_uniform,200,20,0.6,10,uniform,gruppi,euristica,feasible,532,521,0.021113,0.368,,,,"{""tried_cycle_times"": 12, ""n_groups"": 80, ""n_leaves"": 13}",
n200_os0.6_r10_uniform_05,n200_os0.6_r10_uniform,200,20,0.6007,10,uniform,hoffmann,euristica,optimal,533,533,0.0,0.247,,,,"{""tried_cycle_times"": 1, ""node_limit"": 20000, ""node_limit_hits"": 0, ""node_limit_hits_total"": 0}",
n200_os0.6_r10_uniform_05,n200_os0.6_r10_uniform,200,20,0.6007,10,uniform,gruppi,euristica,feasible,541,533,0.015009,0.285,,,,"{""tried_cycle_times"": 9, ""n_groups"": 82, ""n_leaves"": 13}",
n200_os0.6_r10_uniform_06,n200_os0.6_r10_uniform,200,20,0.6029,10,uniform,hoffmann,euristica,optimal,512,512,0.0,0.243,,,,"{""tried_cycle_times"": 1, ""node_limit"": 20000, ""node_limit_hits"": 0, ""node_limit_hits_total"": 0}",
n200_os0.6_r10_uniform_06,n200_os0.6_r10_uniform,200,20,0.6029,10,uniform,gruppi,euristica,feasible,518,512,0.011719,0.306,,,,"{""tried_cycle_times"": 7, ""n_groups"": 79, ""n_leaves"": 16}",
n200_os0.6_r10_uniform_07,n200_os0.6_r10_uniform,200,20,0.6003,10,uniform,hoffmann,euristica,optimal,512,512,0.0,0.278,,,,"{""tried_cycle_times"": 1, ""node_limit"": 20000, ""node_limit_hits"": 0, ""node_limit_hits_total"": 0}",
n200_os0.6_r10_uniform_07,n200_os0.6_r10_uniform,200,20,0.6003,10,uniform,gruppi,euristica,feasible,521,512,0.017578,0.29,,,,"{""tried_cycle_times"": 10, ""n_groups"": 79, ""n_leaves"": 16}",
n200_os0.6_r10_uniform_08,n200_os0.6_r10_uniform,200,20,0.6,10,uniform,hoffmann,euristica,optimal,477,477,0.0,0.256,,,,"{""tried_cycle_times"": 1, ""node_limit"": 20000, ""node_limit_hits"": 0, ""node_limit_hits_total"": 0}",
n200_os0.6_r10_uniform_08,n200_os0.6_r10_uniform,200,20,0.6,10,uniform,gruppi,euristica,feasible,481,477,0.008386,0.273,,,,"{""tried_cycle_times"": 5, ""n_groups"": 79, ""n_leaves"": 16}",
n200_os0.6_r10_uniform_09,n200_os0.6_r10_uniform,200,20,0.6002,10,uniform,hoffmann,euristica,optimal,503,503,0.0,0.237,,,,"{""tried_cycle_times"": 1, ""node_limit"": 20000, ""node_limit_hits"": 0, ""node_limit_hits_total"": 0}",
n200_os0.6_r10_uniform_09,n200_os0.6_r10_uniform,200,20,0.6002,10,uniform,gruppi,euristica,feasible,513,503,0.019881,0.292,,,,"{""tried_cycle_times"": 11, ""n_groups"": 83, ""n_leaves"": 17}",
n200_os0.6_r10_uniform_10,n200_os0.6_r10_uniform,200,20,0.6011,10,uniform,hoffmann,euristica,optimal,502,502,0.0,0.266,,,,"{""tried_cycle_times"": 1, ""node_limit"": 20000, ""node_limit_hits"": 0, ""node_limit_hits_total"": 0}",
n200_os0.6_r10_uniform_10,n200_os0.6_r10_uniform,200,20,0.6011,10,uniform,gruppi,euristica,feasible,507,502,0.00996,0.282,,,,"{""tried_cycle_times"": 6, ""n_groups"": 90, ""n_leaves"": 15}",
n200_os0.6_r10_uniform_11,n200_os0.6_r10_uniform,200,20,0.6019,10,uniform,hoffmann,euristica,optimal,511,511,0.0,0.26,,,,"{""tried_cycle_times"": 1, ""node_limit"": 20000, ""node_limit_hits"": 0, ""node_limit_hits_total"": 0}",
n200_os0.6_r10_uniform_11,n200_os0.6_r10_uniform,200,20,0.6019,10,uniform,gruppi,euristica,feasible,519,511,0.015656,0.291,,,,"{""tried_cycle_times"": 9, ""n_groups"": 86, ""n_leaves"": 19}",
n200_os0.6_r10_uniform_12,n200_os0.6_r10_uniform,200,20,0.6005,10,uniform,hoffmann,euristica,optimal,520,520,0.0,0.249,,,,"{""tried_cycle_times"": 1, ""node_limit"": 20000, ""node_limit_hits"": 0, ""node_limit_hits_total"": 0}",
n200_os0.6_r10_uniform_12,n200_os0.6_r10_uniform,200,20,0.6005,10,uniform,gruppi,euristica,feasible,527,520,0.013462,0.277,,,,"{""tried_cycle_times"": 8, ""n_groups"": 91, ""n_leaves"": 18}",
n200_os0.6_r10_uniform_13,n200_os0.6_r10_uniform,200,20,0.6027,10,uniform,hoffmann,euristica,optimal,460,460,0.0,0.231,,,,"{""tried_cycle_times"": 1, ""node_limit"": 20000, ""node_limit_hits"": 0, ""node_limit_hits_total"": 0}",
n200_os0.6_r10_uniform_13,n200_os0.6_r10_uniform,200,20,0.6027,10,uniform,gruppi,euristica,feasible,466,460,0.013043,0.272,,,,"{""tried_cycle_times"": 7, ""n_groups"": 86, ""n_leaves"": 19}",
n200_os0.6_r10_uniform_14,n200_os0.6_r10_uniform,200,20,0.6011,10,uniform,hoffmann,euristica,optimal,507,507,0.0,0.24,,,,"{""tried_cycle_times"": 1, ""node_limit"": 20000, ""node_limit_hits"": 0, ""node_limit_hits_total"": 0}",
n200_os0.6_r10_uniform_14,n200_os0.6_r10_uniform,200,20,0.6011,10,uniform,gruppi,euristica,feasible,516,507,0.017751,0.307,,,,"{""tried_cycle_times"": 10, ""n_groups"": 90, ""n_leaves"": 15}",
n200_os0.6_r10_uniform_15,n200_os0.6_r10_uniform,200,20,0.6002,10,uniform,hoffmann,euristica,optimal,550,550,0.0,0.241,,,,"{""tried_cycle_times"": 1, ""node_limit"": 20000, ""node_limit_hits"": 0, ""node_limit_hits_total"": 0}",
n200_os0.6_r10_uniform_15,n200_os0.6_r10_uniform,200,20,0.6002,10,uniform,gruppi,euristica,feasible,557,550,0.012727,0.281,,,,"{""tried_cycle_times"": 8, ""n_groups"": 78, ""n_leaves"": 17}",
n200_os0.6_r10_uniform_16,n200_os0.6_r10_uniform,200,20,0.6001,10,uniform,hoffmann,euristica,optimal,514,514,0.0,0.231,,,,"{""tried_cycle_times"": 1, ""node_limit"": 20000, ""node_limit_hits"": 0, ""node_limit_hits_total"": 0}",
n200_os0.6_r10_uniform_16,n200_os0.6_r10_uniform,200,20,0.6001,10,uniform,gruppi,euristica,feasible,522,514,0.015564,0.301,,,,"{""tried_cycle_times"": 9, ""n_groups"": 82, ""n_leaves"": 14}",
n200_os0.6_r10_uniform_17,n200_os0.6_r10_uniform,200,20,0.6005,10,uniform,hoffmann,euristica,optimal,471,471,0.0,0.553,,,,"{""tried_cycle_times"": 1, ""node_limit"": 20000, ""node_limit_hits"": 0, ""node_limit_hits_total"": 0}",
n200_os0.6_r10_uniform_17,n200_os0.6_r10_uniform,200,20,0.6005,10,uniform,gruppi,euristica,feasible,479,471,0.016985,0.279,,,,"{""tried_cycle_times"": 9, ""n_groups"": 76, ""n_leaves"": 19}",
n200_os0.6_r10_uniform_18,n200_os0.6_r10_uniform,200,20,0.6029,10,uniform,hoffmann,euristica,optimal,516,516,0.0,0.284,,,,"{""tried_cycle_times"": 1, ""node_limit"": 20000, ""node_limit_hits"": 0, ""node_limit_hits_total"": 0}",
n200_os0.6_r10_uniform_18,n200_os0.6_r10_uniform,200,20,0.6029,10,uniform,gruppi,euristica,feasible,525,516,0.017442,0.328,,,,"{""tried_cycle_times"": 10, ""n_groups"": 80, ""n_leaves"": 12}",
n200_os0.6_r10_uniform_19,n200_os0.6_r10_uniform,200,20,0.6007,10,uniform,hoffmann,euristica,optimal,514,514,0.0,0.248,,,,"{""tried_cycle_times"": 1, ""node_limit"": 20000, ""node_limit_hits"": 0, ""node_limit_hits_total"": 0}",
n200_os0.6_r10_uniform_19,n200_os0.6_r10_uniform,200,20,0.6007,10,uniform,gruppi,euristica,feasible,520,514,0.011673,0.309,,,,"{""tried_cycle_times"": 7, ""n_groups"": 84, ""n_leaves"": 15}",
n200_os0.6_r10_uniform_20,n200_os0.6_r10_uniform,200,20,0.6007,10,uniform,hoffmann,euristica,optimal,547,547,0.0,0.264,,,,"{""tried_cycle_times"": 1, ""node_limit"": 20000, ""node_limit_hits"": 0, ""node_limit_hits_total"": 0}",
n200_os0.6_r10_uniform_20,n200_os0.6_r10_uniform,200,20,0.6007,10,uniform,gruppi,euristica,feasible,562,547,0.027422,0.318,,,,"{""tried_cycle_times"": 16, ""n_groups"": 75, ""n_leaves"": 12}",
n200_os0.6_r10_uniform_21,n200_os0.6_r10_uniform,200,20,0.6004,10,uniform,hoffmann,euristica,optimal,549,549,0.0,0.24,,,,"{""tried_cycle_times"": 1, ""node_limit"": 20000, ""node_limit_hits"": 0, ""node_limit_hits_total"": 0}",
n200_os0.6_r10_uniform_21,n200_os0.6_r10_uniform,200,20,0.6004,10,uniform,gruppi,euristica,feasible,559,549,0.018215,0.309,,,,"{""tried_cycle_times"": 11, ""n_groups"": 79, ""n_leaves"": 13}",
n200_os0.6_r10_uniform_22,n200_os0.6_r10_uniform,200,20,0.6014,10,uniform,hoffmann,euristica,optimal,519,519,0.0,0.25,,,,"{""tried_cycle_times"": 1, ""node_limit"": 20000, ""node_limit_hits"": 0, ""node_limit_hits_total"": 0}",
n200_os0.6_r10_uniform_22,n200_os0.6_r10_uniform,200,20,0.6014,10,uniform,gruppi,euristica,feasible,523,519,0.007707,0.248,,,,"{""tried_cycle_times"": 5, ""n_groups"": 90, ""n_leaves"": 17}",
n200_os0.6_r10_uniform_23,n200_os0.6_r10_uniform,200,20,0.6,10,uniform,hoffmann,euristica,optimal,521,521,0.0,0.27,,,,"{""tried_cycle_times"": 1, ""node_limit"": 20000, ""node_limit_hits"": 0, ""node_limit_hits_total"": 0}",
n200_os0.6_r10_uniform_23,n200_os0.6_r10_uniform,200,20,0.6,10,uniform,gruppi,euristica,feasible,529,521,0.015355,0.305,,,,"{""tried_cycle_times"": 9, ""n_groups"": 87, ""n_leaves"": 13}",
n200_os0.6_r10_uniform_24,n200_os0.6_r10_uniform,200,20,0.6041,10,uniform,hoffmann,euristica,optimal,482,482,0.0,0.292,,,,"{""tried_cycle_times"": 1, ""node_limit"": 20000, ""node_limit_hits"": 0, ""node_limit_hits_total"": 0}",
n200_os0.6_r10_uniform_24,n200_os0.6_r10_uniform,200,20,0.6041,10,uniform,gruppi,euristica,feasible,490,482,0.016598,0.284,,,,"{""tried_cycle_times"": 9, ""n_groups"": 82, ""n_leaves"": 19}",
n200_os0.9_r3_uniform_00,n200_os0.9_r3_uniform,200,67,0.9,3,uniform,hoffmann,euristica,feasible,169,164,0.030488,0.559,,,,"{""tried_cycle_times"": 6, ""node_limit"": 20000, ""node_limit_hits"": 0, ""node_limit_hits_total"": 0}",
n200_os0.9_r3_uniform_00,n200_os0.9_r3_uniform,200,67,0.9,3,uniform,gruppi,euristica,feasible,184,164,0.121951,0.648,,,,"{""tried_cycle_times"": 21, ""n_groups"": 85, ""n_leaves"": 4}",
n200_os0.9_r3_uniform_01,n200_os0.9_r3_uniform,200,67,0.9006,3,uniform,hoffmann,euristica,feasible,161,151,0.066225,0.577,,,,"{""tried_cycle_times"": 11, ""node_limit"": 20000, ""node_limit_hits"": 0, ""node_limit_hits_total"": 0}",
n200_os0.9_r3_uniform_01,n200_os0.9_r3_uniform,200,67,0.9006,3,uniform,gruppi,euristica,feasible,165,151,0.092715,0.58,,,,"{""tried_cycle_times"": 15, ""n_groups"": 82, ""n_leaves"": 3}",
n200_os0.9_r3_uniform_02,n200_os0.9_r3_uniform,200,67,0.9005,3,uniform,hoffmann,euristica,feasible,156,148,0.054054,0.555,,,,"{""tried_cycle_times"": 9, ""node_limit"": 20000, ""node_limit_hits"": 0, ""node_limit_hits_total"": 0}",
n200_os0.9_r3_uniform_02,n200_os0.9_r3_uniform,200,67,0.9005,3,uniform,gruppi,euristica,feasible,166,148,0.121622,0.626,,,,"{""tried_cycle_times"": 19, ""n_groups"": 76, ""n_leaves"": 3}",
n200_os0.9_r3_uniform_03,n200_os0.9_r3_uniform,200,67,0.9001,3,uniform,hoffmann,euristica,feasible,160,153,0.045752,0.554,,,,"{""tried_cycle_times"": 8, ""node_limit"": 20000, ""node_limit_hits"": 0, ""node_limit_hits_total"": 0}",
n200_os0.9_r3_uniform_03,n200_os0.9_r3_uniform,200,67,0.9001,3,uniform,gruppi,euristica,feasible,168,153,0.098039,0.603,,,,"{""tried_cycle_times"": 16, ""n_groups"": 84, ""n_leaves"": 4}",
n200_os0.9_r3_uniform_04,n200_os0.9_r3_uniform,200,67,0.9007,3,uniform,hoffmann,euristica,feasible,162,154,0.051948,0.57,,,,"{""tried_cycle_times"": 9, ""node_limit"": 20000, ""node_limit_hits"": 0, ""node_limit_hits_total"": 0}",
n200_os0.9_r3_uniform_04,n200_os0.9_r3_uniform,200,67,0.9007,3,uniform,gruppi,euristica,feasible,169,154,0.097403,0.577,,,,"{""tried_cycle_times"": 16, ""n_groups"": 80, ""n_leaves"": 4}",
n200_os0.9_r3_uniform_05,n200_os0.9_r3_uniform,200,67,0.9014,3,uniform,hoffmann,euristica,feasible,153,148,0.033784,0.539,,,,"{""tried_cycle_times"": 6, ""node_limit"": 20000, ""node_limit_hits"": 0, ""node_limit_hits_total"": 0}",
n200_os0.9_r3_uniform_05,n200_os0.9_r3_uniform,200,67,0.9014,3,uniform,gruppi,euristica,feasible,167,148,0.128378,0.617,,,,"{""tried_cycle_times"": 20, ""n_groups"": 85, ""n_leaves"": 5}",
n200_os0.9_r3_uniform_06,n200_os0.9_r3_uniform,200,67,0.9002,3,uniform,hoffmann,euristica,feasible,162,153,0.058824,0.581,,,,"{""tried_cycle_times"": 10, ""node_limit"": 20000, ""node_limit_hits"": 0, ""node_limit_hits_total"": 0}",
n200_os0.9_r3_uniform_06,n200_os0.9_r3_uniform,200,67,0.9002,3,uniform,gruppi,euristica,feasible,170,153,0.111111,0.616,,,,"{""tried_cycle_times"": 18, ""n_groups"": 87, ""n_leaves"": 4}",
n200_os0.9_r3_uniform_07,n200_os0.9_r3_uniform,200,67,0.9001,3,uniform,hoffmann,euristica,feasible,147,141,0.042553,0.554,,,,"{""tried_cycle_times"": 7, ""node_limit"": 20000, ""node_limit_hits"": 0, ""node_limit_hits_total"": 0}",
n200_os0.9_r3_uniform_07,n200_os0.9_r3_uniform,200,67,0.9001,3,uniform,gruppi,euristica,feasible,156,141,0.106383,0.602,,,,"{""tried_cycle_times"": 16, ""n_groups"": 82, ""n_leaves"": 4}",
n200_os0.9_r3_uniform_08,n200_os0.9_r3_uniform,200,67,0.9001,3,uniform,hoffmann,euristica,feasible,154,148,0.040541,0.541,,,,"{""tried_cycle_times"": 7, ""node_limit"": 20000, ""node_limit_hits"": 0, ""node_limit_hits_total"": 0}",
n200_os0.9_r3_uniform_08,n200_os0.9_r3_uniform,200,67,0.9001,3,uniform,gruppi,euristica,feasible,167,148,0.128378,0.635,,,,"{""tried_cycle_times"": 20, ""n_groups"": 76, ""n_leaves"": 2}",
n200_os0.9_r3_uniform_09,n200_os0.9_r3_uniform,200,67,0.9002,3,uniform,hoffmann,euristica,feasible,158,152,0.039474,0.525,,,,"{""tried_cycle_times"": 7, ""node_limit"": 20000, ""node_limit_hits"": 0, ""node_limit_hits_total"": 0}",
n200_os0.9_r3_uniform_09,n200_os0.9_r3_uniform,200,67,0.9002,3,uniform,gruppi,euristica,feasible,166,152,0.092105,0.611,,,,"{""tried_cycle_times"": 15, ""n_groups"": 79, ""n_leaves"": 5}",
n200_os0.9_r3_uniform_10,n200_os0.9_r3_uniform,200,67,0.9006,3,uniform,hoffmann,euristica,feasible,161,151,0.066225,0.613,,,,"{""tried_cycle_times"": 11, ""node_limit"": 20000, ""node_limit_hits"": 0, ""node_limit_hits_total"": 0}",
n200_os0.9_r3_uniform_10,n200_os0.9_r3_uniform,200,67,0.9006,3,uniform,gruppi,euristica,feasible,170,151,0.125828,0.649,,,,"{""tried_cycle_times"": 20, ""n_groups"": 79, ""n_leaves"": 5}",
n200_os0.9_r3_uniform_11,n200_os0.9_r3_uniform,200,67,0.9,3,uniform,hoffmann,euristica,feasible,155,147,0.054422,0.582,,,,"{""tried_cycle_times"": 9, ""node_limit"": 20000, ""node_limit_hits"": 0, ""node_limit_hits_total"": 0}",
n200_os0.9_r3_uniform_11,n200_os0.9_r3_uniform,200,67,0.9,3,uniform,gruppi,euristica,feasible,163,147,0.108844,0.599,,,,"{""tried_cycle_times"": 17, ""n_groups"": 80, ""n_leaves"": 6}",
n200_os0.9_r3_uniform_12,n200_os0.9_r3_uniform,200,67,0.9003,3,uniform,hoffmann,euristica,feasible,163,156,0.044872,0.587,,,,"{""tried_cycle_times"": 8, ""node_limit"": 20000, ""node_limit_hits"": 0, ""node_limit_hits_total"": 0}",
n200_os0.9_r3_uniform_12,n200_os0.9_r3_uniform,200,67,0.9003,3,uniform,gruppi,euristica,feasible,174,156,0.115385,0.624,,,,"{""tried_cycle_times"": 19, ""n_groups"": 78, ""n_leaves"": 8}",
n200_os0.9_r3_uniform_13,n200_os0.9_r3_uniform,200,67,0.9,3,uniform,hoffmann,euristica,feasible,152,145,0.048276,0.57,,,,"{""tried_cycle_times"": 8, ""node_limit"": 20000, ""node_limit_hits"": 0, ""node_limit_hits_total"": 0}",
n200_os0.9_r3_uniform_13,n200_os0.9_r3_uniform,200,67,0.9,3,uniform,gruppi,euristica,feasible,161,145,0.110345,0.594,,,,"{""tried_cycle_times"": 17, ""n_groups"": 82, ""n_leaves"": 4}",
n200_os0.9_r3_uniform_14,n200_os0.9_r3_uniform,200,67,0.9002,3,uniform,hoffmann,euristica,feasible,152,146,0.041096,0.614,,,,"{""tried_cycle_times"": 7, ""node_limit"": 20000, ""node_limit_hits"": 0, ""node_limit_hits_total"": 0}",
n200_os0.9_r3_uniform_14,n200_os0.9_r3_uniform,200,67,0.9002,3,uniform,gruppi,euristica,feasible,165,146,0.130137,0.636,,,,"{""tried_cycle_times"": 20, ""n_groups"": 82, ""n_leaves"": 7}",
n200_os0.9_r3_uniform_15,n200_os0.9_r3_uniform,200,67,0.9006,3,uniform,hoffmann,euristica,feasible,163,157,0.038217,0.527,,,,"{""tried_cycle_times"": 7, ""node_limit"": 20000, ""node_limit_hits"": 0, ""node_limit_hits_total"": 0}",
n200_os0.9_r3_uniform_15,n200_os0.9_r3_uniform,200,67,0.9006,3,uniform,gruppi,euristica,feasible,178,157,0.133758,0.662,,,,"{""tried_cycle_times"": 22, ""n_groups"": 81, ""n_leaves"": 6}",
n200_os0.9_r3_uniform_16,n200_os0.9_r3_uniform,200,67,0.9005,3,uniform,hoffmann,euristica,feasible,155,148,0.047297,0.546,,,,"{""tried_cycle_times"": 8, ""node_limit"": 20000, ""node_limit_hits"": 0, ""node_limit_hits_total"": 0}",
n200_os0.9_r3_uniform_16,n200_os0.9_r3_uniform,200,67,0.9005,3,uniform,gruppi,euristica,feasible,165,148,0.114865,0.627,,,,"{""tried_cycle_times"": 18, ""n_groups"": 79, ""n_leaves"": 5}",
n200_os0.9_r3_uniform_17,n200_os0.9_r3_uniform,200,67,0.9,3,uniform,hoffmann,euristica,feasible,166,159,0.044025,0.575,,,,"{""tried_cycle_times"": 8, ""node_limit"": 20000, ""node_limit_hits"": 0, ""node_limit_hits_total"": 0}",
n200_os0.9_r3_uniform_17,n200_os0.9_r3_uniform,200,67,0.9,3,uniform,gruppi,euristica,feasible,177,159,0.113208,0.605,,,,"{""tried_cycle_times"": 19, ""n_groups"": 78, ""n_leaves"": 4}",
n200_os0.9_r3_uniform_18,n200_os0.9_r3_uniform,200,67,0.9002,3,uniform,hoffmann,euristica,feasible,153,147,0.040816,0.555,,,,"{""tried_cycle_times"": 7, ""node_limit"": 20000, ""node_limit_hits"": 0, ""node_limit_hits_total"": 0}",
n200_os0.9_r3_uniform_18,n200_os0.9_r3_uniform,200,67,0.9002,3,uniform,gruppi,euristica,feasible,166,147,0.129252,0.591,,,,"{""tried_cycle_times"": 20, ""n_groups"": 76, ""n_leaves"": 4}",
n200_os0.9_r3_uniform_19,n200_os0.9_r3_uniform,200,67,0.9005,3,uniform,hoffmann,euristica,feasible,159,152,0.046053,0.581,,,,"{""tried_cycle_times"": 8, ""node_limit"": 20000, ""node_limit_hits"": 0, ""node_limit_hits_total"": 0}",
n200_os0.9_r3_uniform_19,n200_os0.9_r3_uniform,200,67,0.9005,3,uniform,gruppi,euristica,feasible,171,152,0.125,0.621,,,,"{""tried_cycle_times"": 20, ""n_groups"": 73, ""n_leaves"": 5}",
n200_os0.9_r3_uniform_20,n200_os0.9_r3_uniform,200,67,0.9004,3,uniform,hoffmann,euristica,feasible,162,154,0.051948,0.554,,,,"{""tried_cycle_times"": 9, ""node_limit"": 20000, ""node_limit_hits"": 0, ""node_limit_hits_total"": 0}",
n200_os0.9_r3_uniform_20,n200_os0.9_r3_uniform,200,67,0.9004,3,uniform,gruppi,euristica,feasible,171,154,0.11039,0.601,,,,"{""tried_cycle_times"": 18, ""n_groups"": 85, ""n_leaves"": 7}",
n200_os0.9_r3_uniform_21,n200_os0.9_r3_uniform,200,67,0.9002,3,uniform,hoffmann,euristica,feasible,155,146,0.061644,0.551,,,,"{""tried_cycle_times"": 10, ""node_limit"": 20000, ""node_limit_hits"": 0, ""node_limit_hits_total"": 0}",
n200_os0.9_r3_uniform_21,n200_os0.9_r3_uniform,200,67,0.9002,3,uniform,gruppi,euristica,feasible,163,146,0.116438,0.962,,,,"{""tried_cycle_times"": 18, ""n_groups"": 88, ""n_leaves"": 5}",
n200_os0.9_r3_uniform_22,n200_os0.9_r3_uniform,200,67,0.9,3,uniform,hoffmann,euristica,feasible,157,149,0.053691,0.613,,,,"{""tried_cycle_times"": 9, ""node_limit"": 20000, ""node_limit_hits"": 0, ""node_limit_hits_total"": 0}",
n200_os0.9_r3_uniform_22,n200_os0.9_r3_uniform,200,67,0.9,3,uniform,gruppi,euristica,feasible,169,149,0.134228,0.725,,,,"{""tried_cycle_times"": 21, ""n_groups"": 84, ""n_leaves"": 4}",
n200_os0.9_r3_uniform_23,n200_os0.9_r3_uniform,200,67,0.9002,3,uniform,hoffmann,euristica,feasible,145,138,0.050725,0.582,,,,"{""tried_cycle_times"": 8, ""node_limit"": 20000, ""node_limit_hits"": 0, ""node_limit_hits_total"": 0}",
n200_os0.9_r3_uniform_23,n200_os0.9_r3_uniform,200,67,0.9002,3,uniform,gruppi,euristica,feasible,156,138,0.130435,0.65,,,,"{""tried_cycle_times"": 19, ""n_groups"": 82, ""n_leaves"": 9}",
n200_os0.9_r3_uniform_24,n200_os0.9_r3_uniform,200,67,0.9001,3,uniform,hoffmann,euristica,feasible,165,160,0.03125,0.553,,,,"{""tried_cycle_times"": 6, ""node_limit"": 20000, ""node_limit_hits"": 0, ""node_limit_hits_total"": 0}",
n200_os0.9_r3_uniform_24,n200_os0.9_r3_uniform,200,67,0.9001,3,uniform,gruppi,euristica,feasible,178,160,0.1125,0.632,,,,"{""tried_cycle_times"": 19, ""n_groups"": 75, ""n_leaves"": 3}",
n200_os0.9_r6_uniform_00,n200_os0.9_r6_uniform,200,33,0.9001,6,uniform,hoffmann,euristica,feasible,322,320,0.00625,0.6,,,,"{""tried_cycle_times"": 3, ""node_limit"": 20000, ""node_limit_hits"": 0, ""node_limit_hits_total"": 0}",
n200_os0.9_r6_uniform_00,n200_os0.9_r6_uniform,200,33,0.9001,6,uniform,gruppi,euristica,feasible,338,320,0.05625,0.577,,,,"{""tried_cycle_times"": 19, ""n_groups"": 80, ""n_leaves"": 7}",
n200_os0.9_r6_uniform_01,n200_os0.9_r6_uniform,200,33,0.9011,6,uniform,hoffmann,euristica,feasible,330,329,0.00304,0.523,,,,"{""tried_cycle_times"": 2, ""node_limit"": 20000, ""node_limit_hits"": 0, ""node_limit_hits_total"": 0}",
n200_os0.9_r6_uniform_01,n200_os0.9_r6_uniform,200,33,0.9011,6,uniform,gruppi,euristica,feasible,349,329,0.06079,0.603,,,,"{""tried_cycle_times"": 21, ""n_groups"": 80, ""n_leaves"": 8}",
n200_os0.9_r6_uniform_02,n200_os0.9_r6_uniform,200,33,0.9,6,uniform,hoffmann,euristica,feasible,301,300,0.003333,0.582,,,,"{""tried_cycle_times"": 2, ""node_limit"": 20000, ""node_limit_hits"": 0, ""node_limit_hits_total"": 0}",
n200_os0.9_r6_uniform_02,n200_os0.9_r6_uniform,200,33,0.9,6,uniform,gruppi,euristica,feasible,314,300,0.046667,0.556,,,,"{""tried_cycle_times"": 15, ""n_groups"": 78, ""n_leaves"": 3}",
n200_os0.9_r6_uniform_03,n200_os0.9_r6_uniform,200,33,0.9008,6,uniform,hoffmann,euristica,feasible,309,307,0.006515,0.503,,,,"{""tried_cycle_times"": 3, ""node_limit"": 20000, ""node_limit_hits"": 0, ""node_limit_hits_total"": 0}",
n200_os0.9_r6_uniform_03,n200_os0.9_r6_uniform,200,33,0.9008,6,uniform,gruppi,euristica,feasible,324,307,0.055375,0.58,,,,"{""tried_cycle_times"": 18, ""n_groups"": 81, ""n_leaves"": 5}",
n200_os0.9_r6_uniform_04,n200_os0.9_r6_uniform,200,33,0.9026,6,uniform,hoffmann,euristica,feasible,329,328,0.003049,0.534,,,,"{""tried_cycle_times"": 2, ""node_limit"": 20000, ""node_limit_hits"": 0, ""node_limit_hits_total"": 0}",
n200_os0.9_r6_uniform_04,n200_os0.9_r6_uniform,200,33,0.9026,6,uniform,gruppi,euristica,feasible,344,328,0.04878,0.592,,,,"{""tried_cycle_times"": 17, ""n_groups"": 82, ""n_leaves"": 4}",
n200_os0.9_r6_uniform_05,n200_os0.9_r6_uniform,200,33,0.9005,6,uniform,hoffmann,euristica,feasible,307,306,0.003268,0.577,,,,"{""tried_cycle_times"": 2, ""node_limit"": 20000, ""node_limit_hits"": 0, ""node_limit_hits_total"": 0}",
n200_os0.9_r6_uniform_05,n200_os0.9_r6_uniform,200,33,0.9005,6,uniform,gruppi,euristica,feasible,323,306,0.055556,0.577,,,,"{""tried_cycle_times"": 18, ""n_groups"": 78, ""n_leaves"": 8}",
n200_os0.9_r6_uniform_06,n200_os0.9_r6_uniform,200,33,0.9004,6,uniform,hoffmann,euristica,feasible,301,299,0.006689,0.583,,,,"{""tried_cycle_times"": 3, ""node_limit"": 20000, ""node_limit_hits"": 0, ""node_limit_hits_total"": 0}",
n200_os0.9_r6_uniform_06,n200_os0.9_r6_uniform,200,33,0.9004,6,uniform,gruppi,euristica,feasible,316,299,0.056856,0.559,,,,"{""tried_cycle_times"": 18, ""n_groups"": 83, ""n_leaves"": 3}",
n200_os0.9_r6_uniform_07,n200_os0.9_r6_uniform,200,33,0.9002,6,uniform,hoffmann,euristica,feasible,304,302,0.006623,0.577,,,,"{""tried_cycle_times"": 3, ""node_limit"": 20000, ""node_limit_hits"": 0, ""node_limit_hits_total"": 0}",
n200_os0.9_r6_uniform_07,n200_os0.9_r6_uniform,200,33,0.9002,6,uniform,gruppi,euristica,feasible,318,302,0.05298,0.604,,,,"{""tried_cycle_times"": 17, ""n_groups"": 79, ""n_leaves"": 8}",
n200_os0.9_r6_uniform_08,n200_os0.9_r6_uniform,200,33,0.9004,6,uniform,hoffmann,euristica,feasible,288,287,0.003484,0.523,,,,"{""tried_cycle_times"": 2, ""node_limit"": 20000, ""node_limit_hits"": 0, ""node_limit_hits_total"": 0}",
n200_os0.9_r6_uniform_08,n200_os0.9_r6_uniform,200,33,0.9004,6,uniform,gruppi,euristica,feasible,303,287,0.055749,0.611,,,,"{""tried_cycle_times"": 17, ""n_groups"": 77, ""n_leaves"": 7}",
n200_os0.9_r6_uniform_09,n200_os0.9_r6_uniform,200,33,0.9001,6,uniform,hoffmann,euristica,feasible,302,300,0.006667,0.525,,,,"{""tried_cycle_times"": 3, ""node_limit"": 20000, ""node_limit_hits"": 0, ""node_limit_hits_total"": 0}",
n200_os0.9_r6_uniform_09,n200_os0.9_r6_uniform,200,33,0.9001,6,uniform,gruppi,euristica,feasible,315,300,0.05,0.58,,,,"{""tried_cycle_times"": 16, ""n_groups"": 91, ""n_leaves"": 5}",
n200_os0.9_r6_uniform_10,n200_os0.9_r6_uniform,200,33,0.9001,6,uniform,hoffmann,euristica,feasible,311,310,0.003226,0.518,,,,"{""tried_cycle_times"": 2, ""node_limit"": 20000, ""node_limit_hits"": 0, ""node_limit_hits_total"": 0}",
n200_os0.9_r6_uniform_10,n200_os0.9_r6_uniform,200,33,0.9001,6,uniform,gruppi,euristica,feasible,328,310,0.058065,0.56,,,,"{""tried_cycle_times"": 19, ""n_groups"": 82, ""n_leaves"": 3}",
n200_os0.9_r6_uniform_11,n200_os0.9_r6_uniform,200,33,0.901,6,uniform,hoffmann,euristica,feasible,309,308,0.003247,0.512,,,,"{""tried_cycle_times"": 2, ""node_limit"": 20000, ""node_limit_hits"": 0, ""node_limit_hits_total"": 0}",
n200_os0.9_r6_uniform_11,n200_os0.9_r6_uniform,200,33,0.901,6,uniform,gruppi,euristica,feasible,322,308,0.045455,0.542,,,,"{""tried_cycle_times"": 15, ""n_groups"": 80, ""n_leaves"": 10}",
n200_os0.9_r6_uniform_12,n200_os0.9_r6_uniform,200,33,0.9001,6,uniform,hoffmann,euristica,feasible,286,285,0.003509,0.542,,,,"{""tried_cycle_times"": 2, ""node_limit"": 20000, ""node_limit_hits"": 0, ""node_limit_hits_total"": 0}",
n200_os0.9_r6_uniform_12,n200_os0.9_r6_uniform,200,33,0.9001,6,uniform,gruppi,euristica,feasible,298,285,0.045614,0.533,,,,"{""tried_cycle_times"": 14, ""n_groups"": 80, ""n_leaves"": 7}",
n200_os0.9_r6_uniform_13,n200_os0.9_r6_uniform,200,33,0.9001,6,uniform,hoffmann,euristica,feasible,313,312,0.003205,0.543,,,,"{""tried_cycle_times"": 2, ""node_limit"": 20000, ""node_limit_hits"": 0, ""node_limit_hits_total"": 0}",
n200_os0.9_r6_uniform_13,n200_os0.9_r6_uniform,200,33,0.9001,6,uniform,gruppi,euristica,feasible,328,312,0.051282,0.563,,,,"{""tried_cycle_times"": 17, ""n_groups"": 77, ""n_leaves"": 3}",
n200_os0.9_r6_uniform_14,n200_os0.9_r6_uniform,200,33,0.9008,6,uniform,hoffmann,euristica,feasible,299,297,0.006734,0.545,,,,"{""tried_cycle_times"": 3, ""node_limit"": 20000, ""node_limit_hits"": 0, ""node_limit_hits_total"": 0}",
n200_os0.9_r6_uniform_14,n200_os0.9_r6_uniform,200,33,0.9008,6,uniform,gruppi,euristica,feasible,310,297,0.043771,0.541,,,,"{""tried_cycle_times"": 14, ""n_groups"": 77, ""n_leaves"": 5}",
n200_os0.9_r6_uniform_15,n200_os0.9_r6_uniform,200,33,0.9008,6,uniform,hoffmann,euristica,feasible,321,319,0.00627,0.571,,,,"{""tried_cycle_times"": 3, ""node_limit"": 20000, ""node_limit_hits"": 0, ""node_limit_hits_total"": 0}",
n200_os0.9_r6_uniform_15,n200_os0.9_r6_uniform,200,33,0.9008,6,uniform,gruppi,euristica,feasible,334,319,0.047022,0.57,,,,"{""tried_cycle_times"": 16, ""n_groups"": 73, ""n_leaves"": 7}",
n200_os0.9_r6_uniform_16,n200_os0.9_r6_uniform,200,33,0.901,6,uniform,hoffmann,euristica,feasible,311,310,0.003226,0.489,,,,"{""tried_cycle_times"": 2, ""node_limit"": 20000, ""node_limit_hits"": 0, ""node_limit_hits_total"": 0}",
n200_os0.9_r6_uniform_16,n200_os0.9_r6_uniform,200,33,0.901,6,uniform,gruppi,euristica,feasible,321,310,0.035484,0.54,,,,"{""tried_cycle_times"": 12, ""n_groups"": 82, ""n_leaves"": 7}",
n200_os0.9_r6_uniform_17,n200_os0.9_r6_uniform,200,33,0.901,6,uniform,hoffmann,euristica,feasible,309,308,0.003247,0.514,,,,"{""tried_cycle_times"": 2, ""node_limit"": 20000, ""node_limit_hits"": 0, ""node_limit_hits_total"": 0}",
n200_os0.9_r6_uniform_17,n200_os0.9_r6_uniform,200,33,0.901,6,uniform,gruppi,euristica,feasible,329,308,0.068182,0.605,,,,"{""tried_cycle_times"": 22, ""n_groups"": 79, ""n_leaves"": 6}",
n200_os0.9_r6_uniform_18,n200_os0.9_r6_uniform,200,33,0.9003,6,uniform,hoffmann,euristica,feasible,305,304,0.003289,0.536,,,,"{""tried_cycle_times"": 2, ""node_limit"": 20000, ""node_limit_hits"": 0, ""node_limit_hits_total"": 0}",
n200_os0.9_r6_uniform_18,n200_os0.9_r6_uniform,200,33,0.9003,6,uniform,gruppi,euristica,feasible,319,304,0.049342,0.581,,,,"{""tried_cycle_times"": 16, ""n_groups"": 73, ""n_leaves"": 5}",
n200_os0.9_r6_uniform_19,n200_os0.9_r6_uniform,200,33,0.9006,6,uniform,hoffmann,euristica,feasible,308,305,0.009836,0.577,,,,"{""tried_cycle_times"": 4, ""node_limit"": 20000, ""node_limit_hits"": 0, ""node_limit_hits_total"": 0}",
n200_os0.9_r6_uniform_19,n200_os0.9_r6_uniform,200,33,0.9006,6,uniform,gruppi,euristica,feasible,322,305,0.055738,0.566,,,,"{""tried_cycle_times"": 18, ""n_groups"": 81, ""n_leaves"": 7}",
n200_os0.9_r6_uniform_20,n200_os0.9_r6_uniform,200,33,0.9001,6,uniform,hoffmann,euristica,feasible,309,307,0.006515,0.562,,,,"{""tried_cycle_times"": 3, ""node_limit"": 20000, ""node_limit_hits"": 0, ""node_limit_hits_total"": 0}",
n200_os0.9_r6_uniform_20,n200_os0.9_r6_uniform,200,33,0.9001,6,uniform,gruppi,euristica,feasible,328,307,0.068404,0.587,,,,"{""tried_cycle_times"": 22, ""n_groups"": 84, ""n_leaves"": 5}",
n200_os0.9_r6_uniform_21,n200_os0.9_r6_uniform,200,33,0.9004,6,uniform,hoffmann,euristica,feasible,309,307,0.006515,0.531,,,,"{""tried_cycle_times"": 3, ""node_limit"": 20000, ""node_limit_hits"": 0, ""node_limit_hits_total"": 0}",
n200_os0.9_r6_uniform_21,n200_os0.9_r6_uniform,200,33,0.9004,6,uniform,gruppi,euristica,feasible,325,307,0.058632,0.572,,,,"{""tried_cycle_times"": 19, ""n_groups"": 72, ""n_leaves"": 6}",
n200_os0.9_r6_uniform_22,n200_os0.9_r6_uniform,200,33,0.9004,6,uniform,hoffmann,euristica,feasible,296,295,0.00339,0.497,,,,"{""tried_cycle_times"": 2, ""node_limit"": 20000, ""node_limit_hits"": 0, ""node_limit_hits_total"": 0}",
n200_os0.9_r6_uniform_22,n200_os0.9_r6_uniform,200,33,0.9004,6,uniform,gruppi,euristica,feasible,310,295,0.050847,0.551,,,,"{""tried_cycle_times"": 16, ""n_groups"": 79, ""n_leaves"": 5}",
n200_os0.9_r6_uniform_23,n200_os0.9_r6_uniform,200,33,0.9,6,uniform,hoffmann,euristica,feasible,310,309,0.003236,0.489,,,,"{""tried_cycle_times"": 2, ""node_limit"": 20000, ""node_limit_hits"": 0, ""node_limit_hits_total"": 0}",
n200_os0.9_r6_uniform_23,n200_os0.9_r6_uniform,200,33,0.9,6,uniform,gruppi,euristica,feasible,327,309,0.058252,0.574,,,,"{""tried_cycle_times"": 19, ""n_groups"": 82, ""n_leaves"": 6}",
n200_os0.9_r6_uniform_24,n200_os0.9_r6_uniform,200,33,0.9002,6,uniform,hoffmann,euristica,optimal,319,319,0.0,0.465,,,,"{""tried_cycle_times"": 1, ""node_limit"": 20000, ""node_limit_hits"": 0, ""node_limit_hits_total"": 0}",
n200_os0.9_r6_uniform_24,n200_os0.9_r6_uniform,200,33,0.9002,6,uniform,gruppi,euristica,feasible,338,319,0.059561,0.594,,,,"{""tried_cycle_times"": 20, ""n_groups"": 78, ""n_leaves"": 8}",
n200_os0.9_r10_uniform_00,n200_os0.9_r10_uniform,200,20,0.9009,10,uniform,hoffmann,euristica,optimal,480,480,0.0,0.464,,,,"{""tried_cycle_times"": 1, ""node_limit"": 20000, ""node_limit_hits"": 0, ""node_limit_hits_total"": 0}",
n200_os0.9_r10_uniform_00,n200_os0.9_r10_uniform,200,20,0.9009,10,uniform,gruppi,euristica,feasible,495,480,0.03125,0.541,,,,"{""tried_cycle_times"": 16, ""n_groups"": 74, ""n_leaves"": 7}",
n200_os0.9_r10_uniform_01,n200_os0.9_r10_uniform,200,20,0.9004,10,uniform,hoffmann,euristica,optimal,500,500,0.0,0.51,,,,"{""tried_cycle_times"": 1, ""node_limit"": 20000, ""node_limit_hits"": 0, ""node_limit_hits_total"": 0}",
n200_os0.9_r10_uniform_01,n200_os0.9_r10_uniform,200,20,0.9004,10,uniform,gruppi,euristica,feasible,520,500,0.04,0.572,,,,"{""tried_cycle_times"": 21, ""n_groups"": 76, ""n_leaves"": 6}",
n200_os0.9_r10_uniform_02,n200_os0.9_r10_uniform,200,20,0.9003,10,uniform,hoffmann,euristica,optimal,511,511,0.0,0.484,,,,"{""tried_cycle_times"": 1, ""node_limit"": 20000, ""node_limit_hits"": 0, ""node_limit_hits_total"": 0}",
n200_os0.9_r10_uniform_02,n200_os0.9_r10_uniform,200,20,0.9003,10,uniform,gruppi,euristica,feasible,528,511,0.033268,0.523,,,,"{""tried_cycle_times"": 18, ""n_groups"": 84, ""n_leaves"": 6}",
n200_os0.9_r10_uniform_03,n200_os0.9_r10_uniform,200,20,0.9002,10,uniform,hoffmann,euristica,feasible,482,481,0.002079,0.524,,,,"{""tried_cycle_times"": 2, ""node_limit"": 20000, ""node_limit_hits"": 0, ""node_limit_hits_total"": 0}",
n200_os0.9_r10_uniform_03,n200_os0.9_r10_uniform,200,20,0.9002,10,uniform,gruppi,euristica,feasible,495,481,0.029106,0.512,,,,"{""tried_cycle_times"": 15, ""n_groups"": 80, ""n_leaves"": 8}",
n200_os0.9_r10_uniform_04,n200_os0.9_r10_uniform,200,20,0.9009,10,uniform,hoffmann,euristica,optimal,492,492,0.0,0.503,,,,"{""tried_cycle_times"": 1, ""node_limit"": 20000, ""node_limit_hits"": 0, ""node_limit_hits_total"": 0}",
n200_os0.9_r10_uniform_04,n200_os0.9_r10_uniform,200,20,0.9009,10,uniform,gruppi,euristica,feasible,507,492,0.030488,0.528,,,,"{""tried_cycle_times"": 16, ""n_groups"": 84, ""n_leaves"": 4}",
n200_os0.9_r10_uniform_05,n200_os0.9_r10_uniform,200,20,0.9003,10,uniform,hoffmann,euristica,optimal,540,540,0.0,0.503,,,,"{""tried_cycle_times"": 1, ""node_limit"": 20000, ""node_limit_hits"": 0, ""node_limit_hits_total"": 0}",
n200_os0.9_r10_uniform_05,n200_os0.9_r10_uniform,200,20,0.9003,10,uniform,gruppi,euristica,feasible,558,540,0.033333,0.559,,,,"{""tried_cycle_times"": 19, ""n_groups"": 84, ""n_leaves"": 5}",
n200_os0.9_r10_uniform_06,n200_os0.9_r10_uniform,200,20,0.9006,10,uniform,hoffmann,euristica,optimal,524,524,0.0,0.462,,,,"{""tried_cycle_times"": 1, ""node_limit"": 20000, ""node_limit_hits"": 0, ""node_limit_hits_total"": 0}",
n200_os0.9_r10_uniform_06,n200_os0.9_r10_uniform,200,20,0.9006,10,uniform,gruppi,euristica,feasible,540,524,0.030534,0.543,,,,"{""tried_cycle_times"": 17, ""n_groups"": 89, ""n_leaves"": 6}",
n200_os0.9_r10_uniform_07,n200_os0.9_r10_uniform,200,20,0.9003,10,uniform,hoffmann,euristica,optimal,452,452,0.0,0.508,,,,"{""tried_cycle_times"": 1, ""node_limit"": 20000, ""node_limit_hits"": 0, ""node_limit_hits_total"": 0}",
n200_os0.9_r10_uniform_07,n200_os0.9_r10_uniform,200,20,0.9003,10,uniform,gruppi,euristica,feasible,464,452,0.026549,0.535,,,,"{""tried_cycle_times"": 13, ""n_groups"": 84, ""n_leaves"": 6}",
n200_os0.9_r10_uniform_08,n200_os0.9_r10_uniform,200,20,0.9,10,uniform,hoffmann,euristica,feasible,491,490,0.002041,0.507,,,,"{""tried_cycle_times"": 2, ""node_limit"": 20000, ""node_limit_hits"": 0, ""node_limit_hits_total"": 0}",
n200_os0.9_r10_uniform_08,n200_os0.9_r10_uniform,200,20,0.9,10,uniform,gruppi,euristica,feasible,503,490,0.026531,0.541,,,,"{""tried_cycle_times"": 14, ""n_groups"": 83, ""n_leaves"": 5}",
n200_os0.9_r10_uniform_09,n200_os0.9_r10_uniform,200,20,0.9006,10,uniform,hoffmann,euristica,optimal,478,478,0.0,0.48,,,,"{""tried_cycle_times"": 1, ""node_limit"": 20000, ""node_limit_hits"": 0, ""node_limit_hits_total"": 0}",
n200_os0.9_r10_uniform_09,n200_os0.9_r10_uniform,200,20,0.9006,10,uniform,gruppi,euristica,feasible,498,478,0.041841,0.532,,,,"{""tried_cycle_times"": 21, ""n_groups"": 79, ""n_leaves"": 8}",
n200_os0.9_r10_uniform_10,n200_os0.9_r10_uniform,200,20,0.9,10,uniform,hoffmann,euristica,optimal,484,484,0.0,0.524,,,,"{""tried_cycle_times"": 1, ""node_limit"": 20000, ""node_limit_hits"": 0, ""node_limit_hits_total"": 0}",
n200_os0.9_r10_uniform_10,n200_os0.9_r10_uniform,200,20,0.9,10,uniform,gruppi,euristica,feasible,504,484,0.041322,0.676,,,,"{""tried_cycle_times"": 21, ""n_groups"": 86, ""n_leaves"": 6}",
n200_os0.9_r10_uniform_11,n200_os0.9_r10_uniform,200,20,0.9003,10,uniform,hoffmann,euristica,feasible,452,451,0.002217,0.614,,,,"{""tried_cycle_times"": 2, ""node_limit"": 20000, ""node_limit_hits"": 0, ""node_limit_hits_total"": 0}",
n200_os0.9_r10_uniform_11,n200_os0.9_r10_uniform,200,20,0.9003,10,uniform,gruppi,euristica,feasible,467,451,0.035477,0.559,,,,"{""tried_cycle_times"": 17, ""n_groups"": 80, ""n_leaves"": 5}",
n200_os0.9_r10_uniform_12,n200_os0.9_r10_uniform,200,20,0.9006,10,uniform,hoffmann,euristica,feasible,495,494,0.002024,0.53,,,,"{""tried_cycle_times"": 2, ""node_limit"": 20000, ""node_limit_hits"": 0, ""node_limit_hits_total"": 0}",
n200_os0.9_r10_uniform_12,n200_os0.9_r10_uniform,200,20,0.9006,10,uniform,gruppi,euristica,feasible,508,494,0.02834,0.545,,,,"{""tried_cycle_times"": 15, ""n_groups"": 81, ""n_leaves"": 4}",
n200_os0.9_r10_uniform_13,n200_os0.9_r10_uniform,200,20,0.9005,10,uniform,hoffmann,euristica,optimal,486,486,0.0,0.479,,,,"{""tried_cycle_times"": 1, ""node_limit"": 20000, ""node_limit_hits"": 0, ""node_limit_hits_total"": 0}",
n200_os0.9_r10_uniform_13,n200_os0.9_r10_uniform,200,20,0.9005,10,uniform,gruppi,euristica,feasible,500,486,0.028807,0.544,,,,"{""tried_cycle_times"": 15, ""n_groups"": 84, ""n_leaves"": 6}",
n200_os0.9_r10_uniform_14,n200_os0.9_r10_uniform,200,20,0.9001,10,uniform,hoffmann,euristica,optimal,495,495,0.0,0.481,,,,"{""tried_cycle_times"": 1, ""node_limit"": 20000, ""node_limit_hits"": 0, ""node_limit_hits_total"": 0}",
n200_os0.9_r10_uniform_14,n200_os0.9_r10_uniform,200,20,0.9001,10,uniform,gruppi,euristica,feasible,505,495,0.020202,0.543,,,,"{""tried_cycle_times"": 11, ""n_groups"": 83, ""n_leaves"": 7}",
n200_os0.9_r10_uniform_15,n200_os0.9_r10_uniform,200,20,0.9002,10,uniform,hoffmann,euristica,optimal,526,526,0.0,0.533,,,,"{""tried_cycle_times"": 1, ""node_limit"": 20000, ""node_limit_hits"": 0, ""node_limit_hits_total"": 0}",
n200_os0.9_r10_uniform_15,n200_os0.9_r10_uniform,200,20,0.9002,10,uniform,gruppi,euristica,feasible,543,526,0.032319,0.549,,,,"{""tried_cycle_times"": 18, ""n_groups"": 79, ""n_leaves"": 7}",
n200_os0.9_r10_uniform_16,n200_os0.9_r10_uniform,200,20,0.9002,10,uniform,hoffmann,euristica,feasible,479,478,0.002092,0.537,,,,"{""tried_cycle_times"": 2, ""node_limit"": 20000, ""node_limit_hits"": 0, ""node_limit_hits_total"": 0}",
n200_os0.9_r10_uniform_16,n200_os0.9_r10_uniform,200,20,0.9002,10,uniform,gruppi,euristica,feasible,492,478,0.029289,0.516,,,,"{""tried_cycle_times"": 15, ""n_groups"": 75, ""n_leaves"": 5}",
n200_os0.9_r10_uniform_17,n200_os0.9_r10_uniform,200,20,0.9004,10,uniform,hoffmann,euristica,optimal,502,502,0.0,0.493,,,,"{""tried_cycle_times"": 1, ""node_limit"": 20000, ""node_limit_hits"": 0, ""node_limit_hits_total"": 0}",
n200_os0.9_r10_uniform_17,n200_os0.9_r10_uniform,200,20,0.9004,10,uniform,gruppi,euristica,feasible,517,502,0.02988,0.521,,,,"{""tried_cycle_times"": 16, ""n_groups"": 73, ""n_leaves"": 5}",
n200_os0.9_r10_uniform_18,n200_os0.9_r10_uniform,200,20,0.9001,10,uniform,hoffmann,euristica,optimal,521,521,0.0,0.506,,,,"{""tried_cycle_times"": 1, ""node_limit"": 20000, ""node_limit_hits"": 0, ""node_limit_hits_total"": 0}",
n200_os0.9_r10_uniform_18,n200_os0.9_r10_uniform,200,20,0.9001,10,uniform,gruppi,euristica,feasible,535,521,0.026871,0.566,,,,"{""tried_cycle_times"": 15, ""n_groups"": 69, ""n_leaves"": 4}",
n200_os0.9_r10_uniform_19,n200_os0.9_r10_uniform,200,20,0.9001,10,uniform,hoffmann,euristica,optimal,488,488,0.0,0.572,,,,"{""tried_cycle_times"": 1, ""node_limit"": 20000, ""node_limit_hits"": 0, ""node_limit_hits_total"": 0}",
n200_os0.9_r10_uniform_19,n200_os0.9_r10_uniform,200,20,0.9001,10,uniform,gruppi,euristica,feasible,507,488,0.038934,0.596,,,,"{""tried_cycle_times"": 20, ""n_groups"": 81, ""n_leaves"": 6}",
n200_os0.9_r10_uniform_20,n200_os0.9_r10_uniform,200,20,0.9001,10,uniform,hoffmann,euristica,optimal,485,485,0.0,0.505,,,,"{""tried_cycle_times"": 1, ""node_limit"": 20000, ""node_limit_hits"": 0, ""node_limit_hits_total"": 0}",
n200_os0.9_r10_uniform_20,n200_os0.9_r10_uniform,200,20,0.9001,10,uniform,gruppi,euristica,feasible,496,485,0.02268,0.552,,,,"{""tried_cycle_times"": 12, ""n_groups"": 83, ""n_leaves"": 4}",
n200_os0.9_r10_uniform_21,n200_os0.9_r10_uniform,200,20,0.9001,10,uniform,hoffmann,euristica,feasible,527,526,0.001901,0.517,,,,"{""tried_cycle_times"": 2, ""node_limit"": 20000, ""node_limit_hits"": 0, ""node_limit_hits_total"": 0}",
n200_os0.9_r10_uniform_21,n200_os0.9_r10_uniform,200,20,0.9001,10,uniform,gruppi,euristica,feasible,541,526,0.028517,0.547,,,,"{""tried_cycle_times"": 16, ""n_groups"": 84, ""n_leaves"": 4}",
n200_os0.9_r10_uniform_22,n200_os0.9_r10_uniform,200,20,0.9003,10,uniform,hoffmann,euristica,optimal,512,512,0.0,0.523,,,,"{""tried_cycle_times"": 1, ""node_limit"": 20000, ""node_limit_hits"": 0, ""node_limit_hits_total"": 0}",
n200_os0.9_r10_uniform_22,n200_os0.9_r10_uniform,200,20,0.9003,10,uniform,gruppi,euristica,feasible,525,512,0.025391,0.519,,,,"{""tried_cycle_times"": 14, ""n_groups"": 80, ""n_leaves"": 5}",
n200_os0.9_r10_uniform_23,n200_os0.9_r10_uniform,200,20,0.9,10,uniform,hoffmann,euristica,optimal,525,525,0.0,0.51,,,,"{""tried_cycle_times"": 1, ""node_limit"": 20000, ""node_limit_hits"": 0, ""node_limit_hits_total"": 0}",
n200_os0.9_r10_uniform_23,n200_os0.9_r10_uniform,200,20,0.9,10,uniform,gruppi,euristica,feasible,538,525,0.024762,0.52,,,,"{""tried_cycle_times"": 14, ""n_groups"": 86, ""n_leaves"": 3}",
n200_os0.9_r10_uniform_24,n200_os0.9_r10_uniform,200,20,0.9003,10,uniform,hoffmann,euristica,optimal,534,534,0.0,0.501,,,,"{""tried_cycle_times"": 1, ""node_limit"": 20000, ""node_limit_hits"": 0, ""node_limit_hits_total"": 0}",
n200_os0.9_r10_uniform_24,n200_os0.9_r10_uniform,200,20,0.9003,10,uniform,gruppi,euristica,feasible,555,534,0.039326,0.571,,,,"{""tried_cycle_times"": 22, ""n_groups"": 75, ""n_leaves"": 5}",
